{
"type": "FeatureCollection",
"name": "building_shape_filtered",
"crs": { "type": "name", "properties": { "name": "urn:ogc:def:crs:EPSG::3857" } },
"features": [
{ "type": "Feature", "properties": { "building_id": 373 }, "geometry": { "type": "Polygon", "coordinates": [ [ [ 1528973.435846665408462, 5708104.651803197339177 ], [ 1528970.048768455395475, 5708095.200889739207923 ], [ 1528989.619458562228829, 5708088.144128846004605 ], [ 1528993.006554968422279, 5708097.595027742907405 ], [ 1529000.887400256469846, 5708119.560984081588686 ], [ 1528992.256229960825294, 5708122.671389296650887 ], [ 1528991.518252682639286, 5708120.642932779155672 ], [ 1528980.578674568096176, 5708124.589335126802325 ], [ 1528973.435846665408462, 5708104.651803197339177 ] ] ] } },
{ "type": "Feature", "properties": { "building_id": 372 }, "geometry": { "type": "Polygon", "coordinates": [ [ [ 1529017.457255805609748, 5708070.29025309626013 ], [ 1528996.903369075385854, 5708080.950271558016539 ], [ 1528993.901052914559841, 5708075.138533776625991 ], [ 1528992.909528715535998, 5708075.637776927091181 ], [ 1528990.502337279031053, 5708070.965418330393732 ], [ 1528991.479833009885624, 5708070.451650504954159 ], [ 1528988.616007349453866, 5708064.899568168446422 ], [ 1528987.624259367818013, 5708065.413109987974167 ], [ 1528985.258483604062349, 5708060.827230324968696 ], [ 1528986.25000656535849, 5708060.327988826669753 ], [ 1528983.206293889787048, 5708054.429786018095911 ], [ 1529003.617608453379944, 5708043.767576288431883 ], [ 1529006.703639971092343, 5708049.69504092540592 ], [ 1529007.709862421033904, 5708049.16742339450866 ], [ 1529010.089674857910722, 5708053.767816433683038 ], [ 1529009.097929311916232, 5708054.281360048800707 ], [ 1529011.948859369615093, 5708059.747405233792961 ], [ 1529012.92612807569094, 5708059.247935460880399 ], [ 1529015.347356345970184, 5708063.934807209298015 ], [ 1529014.398817254463211, 5708064.420428362675011 ], [ 1529017.457255805609748, 5708070.29025309626013 ] ] ] } },
{ "type": "Feature", "properties": { "building_id": 389 }, "geometry": { "type": "Polygon", "coordinates": [ [ [ 1528993.081013637827709, 5708138.232301038689911 ], [ 1528994.829100997187197, 5708144.024247291497886 ], [ 1528987.789404278621078, 5708146.55907497368753 ], [ 1528982.914036716101691, 5708130.204617092385888 ], [ 1528990.099944681627676, 5708128.344372724182904 ], [ 1528989.992436761967838, 5708127.927872233092785 ], [ 1529008.201062967535108, 5708123.180969469249249 ], [ 1529010.383094551973045, 5708133.113466580398381 ], [ 1529000.763651326065883, 5708135.607513292692602 ], [ 1529000.842654205625877, 5708136.023563290946186 ], [ 1528993.081013637827709, 5708138.232301038689911 ] ] ] } },
{ "type": "Feature", "properties": { "building_id": 396 }, "geometry": { "type": "Polygon", "coordinates": [ [ [ 1528993.603478843579069, 5708161.240588237531483 ], [ 1528991.957226872676983, 5708151.688419294543564 ], [ 1528996.772361068287864, 5708149.189929136075079 ], [ 1529003.180665105348453, 5708146.916876684874296 ], [ 1529002.624274438712746, 5708144.219022768549621 ], [ 1529011.982458950486034, 5708142.021214210428298 ], [ 1529014.738290845649317, 5708154.451612814329565 ], [ 1529024.194186183158308, 5708218.65243664663285 ], [ 1529016.043175917351618, 5708219.324572715908289 ], [ 1529015.657672523753718, 5708219.361388617195189 ], [ 1529014.800754743162543, 5708214.01259589381516 ], [ 1529010.447319252183661, 5708214.34426605887711 ], [ 1529010.95654848171398, 5708220.045152393169701 ], [ 1529002.690389433642849, 5708220.786973794922233 ], [ 1529000.779548392165452, 5708196.311921496875584 ], [ 1529000.766867849277332, 5708196.211595985107124 ], [ 1529010.327670449158177, 5708194.732158720493317 ], [ 1529010.151489052921534, 5708193.241801993921399 ], [ 1529008.194124087924138, 5708193.511229006573558 ], [ 1529003.24524906068109, 5708161.865061511285603 ], [ 1529003.616721782367676, 5708161.813721016980708 ], [ 1529005.43132676417008, 5708161.556342248804867 ], [ 1529005.315404887543991, 5708160.767815949395299 ], [ 1528993.851370484801009, 5708162.703466896899045 ], [ 1528993.603478843579069, 5708161.240588237531483 ] ] ] } },
{ "type": "Feature", "properties": { "building_id": 391 }, "geometry": { "type": "Polygon", "coordinates": [ [ [ 1529012.052824660902843, 5708142.079540678299963 ], [ 1529002.19366773404181, 5708143.497039691545069 ], [ 1529000.736268803011626, 5708135.535562944598496 ], [ 1529009.911404171027243, 5708133.191829614341259 ], [ 1529012.052824660902843, 5708142.079540678299963 ] ] ] } },
{ "type": "Feature", "properties": { "building_id": 375 }, "geometry": { "type": "Polygon", "coordinates": [ [ [ 1529030.354730457533151, 5708096.898215980269015 ], [ 1529034.786592103773728, 5708106.093859052285552 ], [ 1529038.147271960508078, 5708113.599073749035597 ], [ 1529025.840906377183273, 5708118.339219399727881 ], [ 1529023.226199764059857, 5708111.446533810347319 ], [ 1529018.974243239732459, 5708102.597005941905081 ], [ 1529012.476462479447946, 5708089.69272025488317 ], [ 1529023.81530190189369, 5708083.921771372668445 ], [ 1529030.354730457533151, 5708096.898215980269015 ] ] ] } },
{ "type": "Feature", "properties": { "building_id": 388 }, "geometry": { "type": "Polygon", "coordinates": [ [ [ 1529027.909409021027386, 5708138.225128835998476 ], [ 1529029.783773273229599, 5708144.147795896977186 ], [ 1529018.65138055337593, 5708147.6621023286134 ], [ 1529015.271098220720887, 5708136.866741447709501 ], [ 1529026.374748525442556, 5708133.366292544640601 ], [ 1529027.909409021027386, 5708138.225128835998476 ] ] ] } },
{ "type": "Feature", "properties": { "building_id": 387 }, "geometry": { "type": "Polygon", "coordinates": [ [ [ 1529018.534798950888216, 5708156.900321818888187 ], [ 1529016.904673964250833, 5708148.13510931096971 ], [ 1529018.65138055337593, 5708147.6621023286134 ], [ 1529029.783773273229599, 5708144.147795896977186 ], [ 1529032.83848975575529, 5708142.994593134149909 ], [ 1529035.786073563387617, 5708150.479005573317409 ], [ 1529036.881837019929662, 5708153.328420653939247 ], [ 1529033.863033964531496, 5708154.01017817016691 ], [ 1529018.534798950888216, 5708156.900321818888187 ] ] ] } },
{ "type": "Feature", "properties": { "building_id": 386 }, "geometry": { "type": "Polygon", "coordinates": [ [ [ 1529034.993786647217348, 5708160.078437986783683 ], [ 1529019.665990744717419, 5708162.939985437318683 ], [ 1529018.534798950888216, 5708156.900321818888187 ], [ 1529033.863033964531496, 5708154.01017817016691 ], [ 1529034.993786647217348, 5708160.078437986783683 ] ] ] } },
{ "type": "Feature", "properties": { "building_id": 384 }, "geometry": { "type": "Polygon", "coordinates": [ [ [ 1529021.76857366412878, 5708174.301621089689434 ], [ 1529019.665990744717419, 5708162.939985437318683 ], [ 1529034.993786647217348, 5708160.078437986783683 ], [ 1529037.096388436388224, 5708171.440066704526544 ], [ 1529033.221508575603366, 5708172.16550675034523 ], [ 1529034.496244196780026, 5708179.051356989890337 ], [ 1529031.093278091866523, 5708179.684131969697773 ], [ 1529032.761914086062461, 5708188.721748965792358 ], [ 1529024.726406337926164, 5708190.211019677110016 ], [ 1529021.76857366412878, 5708174.301621089689434 ] ] ] } },
{ "type": "Feature", "properties": { "building_id": 378 }, "geometry": { "type": "Polygon", "coordinates": [ [ [ 1529045.297036674106494, 5708125.84141802135855 ], [ 1529047.259857764933258, 5708129.76298591773957 ], [ 1529040.970314928563312, 5708131.737570191733539 ], [ 1529038.906906899064779, 5708132.405823031440377 ], [ 1529037.58277038577944, 5708128.665989882312715 ], [ 1529037.080778344534338, 5708128.858303038403392 ], [ 1529034.105712465941906, 5708120.400839737616479 ], [ 1529027.535713547142223, 5708122.986027579754591 ], [ 1529025.460781129542738, 5708119.849375676363707 ], [ 1529038.956866767490283, 5708114.698933069594204 ], [ 1529041.001949880504981, 5708117.920928886160254 ], [ 1529041.689320411300287, 5708120.449201540090144 ], [ 1529043.189300041645765, 5708126.609094955958426 ], [ 1529045.297036674106494, 5708125.84141802135855 ] ] ] } },
{ "type": "Feature", "properties": { "building_id": 380 }, "geometry": { "type": "Polygon", "coordinates": [ [ [ 1529046.574268162949011, 5708146.186847333796322 ], [ 1529035.786073563387617, 5708150.479005573317409 ], [ 1529032.833998352754861, 5708143.280591891147196 ], [ 1529043.612423828337342, 5708138.702216614969075 ], [ 1529051.130076574161649, 5708135.688583481125534 ], [ 1529054.75181223731488, 5708144.728416172787547 ], [ 1529051.293976813787594, 5708146.132717778906226 ], [ 1529047.218777461675927, 5708147.813329727388918 ], [ 1529046.574268162949011, 5708146.186847333796322 ] ] ] } },
{ "type": "Feature", "properties": { "building_id": 399 }, "geometry": { "type": "Polygon", "coordinates": [ [ [ 1529036.04064066731371, 5708203.263097913004458 ], [ 1529047.014778478303924, 5708194.39671004191041 ], [ 1529041.976473525399342, 5708188.409697229042649 ], [ 1529052.626245726831257, 5708180.224759925156832 ], [ 1529060.336894508916885, 5708190.344816774129868 ], [ 1529066.831303398124874, 5708185.312482520006597 ], [ 1529075.215560765238479, 5708196.115446079522371 ], [ 1529064.963524486869574, 5708204.392532462254167 ], [ 1529061.60164830298163, 5708200.591859694570303 ], [ 1529044.715549629647285, 5708213.713116327300668 ], [ 1529036.04064066731371, 5708203.263097913004458 ] ] ] } },
{ "type": "Feature", "properties": { "building_id": 379 }, "geometry": { "type": "Polygon", "coordinates": [ [ [ 1529051.130076574161649, 5708135.688583481125534 ], [ 1529043.612423828337342, 5708138.702216614969075 ], [ 1529041.47296774876304, 5708133.318897603079677 ], [ 1529049.181847846135497, 5708130.837519015185535 ], [ 1529051.130076574161649, 5708135.688583481125534 ] ] ] } },
{ "type": "Feature", "properties": { "building_id": 808 }, "geometry": { "type": "Polygon", "coordinates": [ [ [ 1529075.09107553283684, 5708234.919153030961752 ], [ 1529062.043316616909578, 5708235.11344273108989 ], [ 1529061.84563515195623, 5708222.279967918992043 ], [ 1529066.765374320326373, 5708222.200383962132037 ], [ 1529066.711405710317194, 5708219.281594360247254 ], [ 1529069.934144088998437, 5708219.232402556575835 ], [ 1529069.974983367603272, 5708222.079466560855508 ], [ 1529074.894497914705426, 5708222.014178175479174 ], [ 1529075.09107553283684, 5708234.919153030961752 ] ] ] } },
{ "type": "Feature", "properties": { "building_id": 807 }, "geometry": { "type": "Polygon", "coordinates": [ [ [ 1529075.09107553283684, 5708234.919153030961752 ], [ 1529074.894497914705426, 5708222.014178175479174 ], [ 1529078.958610626868904, 5708221.949672629125416 ], [ 1529078.932130871107802, 5708220.003963011316955 ], [ 1529083.395325328456238, 5708219.945762219838798 ], [ 1529083.422030546469614, 5708221.877171759493649 ], [ 1529093.004506219178438, 5708221.742523450404406 ], [ 1529093.201109920162708, 5708234.647497915662825 ], [ 1529075.09107553283684, 5708234.919153030961752 ] ] ] } },
{ "type": "Feature", "properties": { "building_id": 814 }, "geometry": { "type": "Polygon", "coordinates": [ [ [ 1528977.419497462222353, 5708241.28495938424021 ], [ 1528979.513341691344976, 5708233.236517460085452 ], [ 1528985.826877957675606, 5708214.312550751492381 ], [ 1528990.817753415787593, 5708215.149564266204834 ], [ 1528989.614293183665723, 5708218.248719566501677 ], [ 1528993.428443523822352, 5708220.483181405812502 ], [ 1528987.821149499854073, 5708232.566893313080072 ], [ 1528985.570879377657548, 5708239.683126189745963 ], [ 1528977.419497462222353, 5708241.28495938424021 ] ] ] } },
{ "type": "Feature", "properties": { "building_id": 812 }, "geometry": { "type": "Polygon", "coordinates": [ [ [ 1529013.765370284905657, 5708232.733961966820061 ], [ 1529026.327522295061499, 5708231.688151952810585 ], [ 1529027.6187430806458, 5708240.24783519282937 ], [ 1529006.227142510237172, 5708240.682026089169085 ], [ 1528999.690089238341898, 5708239.348550440743566 ], [ 1529001.229047486558557, 5708232.135245280340314 ], [ 1529014.036054972792044, 5708233.653674010187387 ], [ 1529013.765370284905657, 5708232.733961966820061 ] ] ] } },
{ "type": "Feature", "properties": { "building_id": 803 }, "geometry": { "type": "Polygon", "coordinates": [ [ [ 1529016.584231573622674, 5708307.415180357173085 ], [ 1529011.511519185034558, 5708303.616003653034568 ], [ 1529021.931663557654247, 5708290.092078275978565 ], [ 1529028.296236525289714, 5708294.240652231499553 ], [ 1529025.834589777048677, 5708308.462563314475119 ], [ 1529019.061160568147898, 5708304.021442155353725 ], [ 1529016.584231573622674, 5708307.415180357173085 ] ] ] } },
{ "type": "Feature", "properties": { "building_id": 299 }, "geometry": { "type": "Polygon", "coordinates": [ [ [ 1528987.127896320773289, 5708317.534195799380541 ], [ 1528990.196103783557191, 5708310.988681849092245 ], [ 1529000.795745369279757, 5708315.990961548872292 ], [ 1528996.016226415289566, 5708326.199796541593969 ], [ 1528985.416575595969334, 5708321.197505346499383 ], [ 1528987.127896320773289, 5708317.534195799380541 ] ] ] } },
{ "type": "Feature", "properties": { "building_id": 284 }, "geometry": { "type": "Polygon", "coordinates": [ [ [ 1528960.404326310148463, 5708345.175585942342877 ], [ 1528965.389477332355455, 5708336.400380220264196 ], [ 1528972.543366702739149, 5708325.699862119741738 ], [ 1528979.89005872560665, 5708329.949842271395028 ], [ 1528974.774077070644125, 5708337.979183251969516 ], [ 1528976.325520957354456, 5708339.047896628268063 ], [ 1528974.857968949712813, 5708341.713801813311875 ], [ 1528976.415928916074336, 5708342.367808343842626 ], [ 1528983.854872622992843, 5708331.671782186254859 ], [ 1528988.936000988353044, 5708335.843018178828061 ], [ 1528980.90157279651612, 5708346.329382948577404 ], [ 1528979.482674059458077, 5708344.990993298590183 ], [ 1528972.860889915144071, 5708353.582989441230893 ], [ 1528967.458325928077102, 5708349.907285809516907 ], [ 1528960.404326310148463, 5708345.175585942342877 ] ] ] } },
{ "type": "Feature", "properties": { "building_id": 278 }, "geometry": { "type": "Polygon", "coordinates": [ [ [ 1528988.737437422154471, 5708354.835336145013571 ], [ 1528979.959788782987744, 5708350.920317192561924 ], [ 1528982.339243937982246, 5708345.565409263595939 ], [ 1528985.295611242530867, 5708344.324818854220212 ], [ 1528992.048758562654257, 5708347.335283525288105 ], [ 1528988.737437422154471, 5708354.835336145013571 ] ] ] } },
{ "type": "Feature", "properties": { "building_id": 277 }, "geometry": { "type": "Polygon", "coordinates": [ [ [ 1528986.003102065995336, 5708360.999957730993629 ], [ 1528985.761971327243373, 5708365.458941679447889 ], [ 1528975.518933058483526, 5708361.349094055593014 ], [ 1528979.959788782987744, 5708350.920317192561924 ], [ 1528988.737437422154471, 5708354.835336145013571 ], [ 1528986.003102065995336, 5708360.999957730993629 ] ] ] } },
{ "type": "Feature", "properties": { "building_id": 279 }, "geometry": { "type": "Polygon", "coordinates": [ [ [ 1529000.962621204787865, 5708363.453607910312712 ], [ 1528993.599144080886617, 5708361.17729281168431 ], [ 1528989.950231762835756, 5708360.218450191430748 ], [ 1528992.036131106084213, 5708351.769266612827778 ], [ 1529003.298002859344706, 5708354.550641167908907 ], [ 1529000.962621204787865, 5708363.453607910312712 ] ] ] } },
{ "type": "Feature", "properties": { "building_id": 1571 }, "geometry": { "type": "Polygon", "coordinates": [ [ [ 1529027.652834170963615, 5708380.596801501698792 ], [ 1529031.269728356972337, 5708360.900365654379129 ], [ 1529031.568595837568864, 5708360.933698058128357 ], [ 1529072.293595948955044, 5708367.699460382573307 ], [ 1529071.616387923015282, 5708370.878515411168337 ], [ 1529079.177757736993954, 5708372.356880071572959 ], [ 1529085.189572642790154, 5708373.553282061591744 ], [ 1529082.944150478811935, 5708386.720264154486358 ], [ 1529082.708465915173292, 5708387.202871355228126 ], [ 1529076.422238935949281, 5708386.230991113930941 ], [ 1529075.597770162625238, 5708393.341293149627745 ], [ 1529066.647084690630436, 5708392.270080632530153 ], [ 1529066.366018022410572, 5708401.091138565912843 ], [ 1529036.101123318076134, 5708400.04059670958668 ], [ 1529036.049500237684697, 5708399.696487152017653 ], [ 1529035.248938904842362, 5708388.941612941212952 ], [ 1529027.136957105016336, 5708388.026658506132662 ], [ 1529027.433284166036174, 5708383.68296585790813 ], [ 1529027.652834170963615, 5708380.596801501698792 ] ] ] } },
{ "type": "Feature", "properties": { "building_id": 280 }, "geometry": { "type": "Polygon", "coordinates": [ [ [ 1528987.12141798529774, 5708389.639658973552287 ], [ 1528988.400459842290729, 5708376.285768469795585 ], [ 1528986.34979687910527, 5708376.138908909633756 ], [ 1528989.687761271838099, 5708366.035961247980595 ], [ 1528992.428291284479201, 5708366.737274897284806 ], [ 1528993.367499023908749, 5708361.402491141110659 ], [ 1529001.348601929144934, 5708361.571604768745601 ], [ 1528997.695419367868453, 5708379.036053375340998 ], [ 1528994.045600769808516, 5708378.134411650709808 ], [ 1528993.461403978988528, 5708389.911562631838024 ], [ 1528987.12141798529774, 5708389.639658973552287 ] ] ] } },
{ "type": "Feature", "properties": { "building_id": 276 }, "geometry": { "type": "Polygon", "coordinates": [ [ [ 1528975.537265599472448, 5708373.793728240765631 ], [ 1528971.231257040984929, 5708372.00916500389576 ], [ 1528975.518933058483526, 5708361.349094055593014 ], [ 1528985.761971327243373, 5708365.458941679447889 ], [ 1528981.546245345147327, 5708376.07724869158119 ], [ 1528975.537265599472448, 5708373.793728240765631 ] ] ] } },
{ "type": "Feature", "properties": { "building_id": 283 }, "geometry": { "type": "Polygon", "coordinates": [ [ [ 1528981.546245345147327, 5708376.07724869158119 ], [ 1528985.761971327243373, 5708365.458941679447889 ], [ 1528988.990928023355082, 5708365.924814969301224 ], [ 1528987.654028052929789, 5708383.869316299445927 ], [ 1528980.94436184107326, 5708383.534346907399595 ], [ 1528981.546245345147327, 5708376.07724869158119 ] ] ] } },
{ "type": "Feature", "properties": { "building_id": 275 }, "geometry": { "type": "Polygon", "coordinates": [ [ [ 1528966.938109095906839, 5708380.294718184508383 ], [ 1528970.032641135621816, 5708372.07603123690933 ], [ 1528975.758127139415592, 5708374.254944516345859 ], [ 1528974.388418017188087, 5708377.952285320498049 ], [ 1528978.87490452779457, 5708379.138940179720521 ], [ 1528977.571492497110739, 5708384.96860855165869 ], [ 1528972.238671755418181, 5708384.111860010772943 ], [ 1528972.827251286944374, 5708381.131660275161266 ], [ 1528966.938109095906839, 5708380.294718184508383 ] ] ] } },
{ "type": "Feature", "properties": { "building_id": 269 }, "geometry": { "type": "Polygon", "coordinates": [ [ [ 1529004.955270462902263, 5708405.1553067676723 ], [ 1529004.668023112928495, 5708399.84401820320636 ], [ 1529001.272608530707657, 5708399.990584263578057 ], [ 1529000.683640879113227, 5708389.382091119885445 ], [ 1529000.983183078235015, 5708389.372523685917258 ], [ 1529000.700083159143105, 5708384.704984040930867 ], [ 1529004.195713677443564, 5708384.531395309604704 ], [ 1529004.171699812635779, 5708384.244938191957772 ], [ 1529015.36967853247188, 5708383.83553368318826 ], [ 1529016.281554486369714, 5708404.747928889468312 ], [ 1529004.955270462902263, 5708405.1553067676723 ] ] ] } },
{ "type": "Feature", "properties": { "building_id": 270 }, "geometry": { "type": "Polygon", "coordinates": [ [ [ 1528984.146387123502791, 5708400.234704058617353 ], [ 1528984.356069219764322, 5708389.61023170966655 ], [ 1528985.097236503148451, 5708389.621952592395246 ], [ 1528985.090072620660067, 5708388.262970904819667 ], [ 1528984.163613657467067, 5708388.248319797217846 ], [ 1528984.156799588818103, 5708385.959592045284808 ], [ 1528987.449516046792269, 5708385.997359050437808 ], [ 1528987.462596578756347, 5708389.702269817702472 ], [ 1528993.590806164545938, 5708389.842089484445751 ], [ 1528998.82263571000658, 5708389.867603811435401 ], [ 1528998.833867536624894, 5708389.152587478049099 ], [ 1529000.61596893100068, 5708389.152159019373357 ], [ 1529000.612881252774969, 5708393.886695115827024 ], [ 1528998.474897579988465, 5708393.852888405323029 ], [ 1528998.430374345742166, 5708400.317543 ], [ 1528984.146387123502791, 5708400.234704058617353 ] ] ] } },
{ "type": "Feature", "properties": { "building_id": 272 }, "geometry": { "type": "Polygon", "coordinates": [ [ [ 1528985.38057735026814, 5708400.626122962683439 ], [ 1528975.202644794946536, 5708400.536682504229248 ], [ 1528974.976877382490784, 5708390.405959094874561 ], [ 1528974.926182651426643, 5708388.188056193292141 ], [ 1528977.806230628397316, 5708388.176388705149293 ], [ 1528984.352724662283435, 5708388.008144522085786 ], [ 1528984.473015528172255, 5708389.426130685955286 ], [ 1528985.38057735026814, 5708400.626122962683439 ] ] ] } },
{ "type": "Feature", "properties": { "building_id": 268 }, "geometry": { "type": "Polygon", "coordinates": [ [ [ 1528997.015133145730942, 5708419.61974829249084 ], [ 1528996.546205875230953, 5708404.092586364597082 ], [ 1529005.535855853231624, 5708403.591057617217302 ], [ 1529016.806247965665534, 5708403.111275888979435 ], [ 1529016.991586679127067, 5708409.465140155516565 ], [ 1529024.835141743067652, 5708409.317372872494161 ], [ 1529025.364620023174211, 5708411.914751810021698 ], [ 1529026.559147695079446, 5708417.555076747201383 ], [ 1529016.842670982470736, 5708418.94628328550607 ], [ 1529010.84686569753103, 5708419.452249315567315 ], [ 1529011.224373794859275, 5708422.64799427613616 ], [ 1529006.7991211283952, 5708423.007142732851207 ], [ 1529006.572009157855064, 5708419.313138049095869 ], [ 1528997.015133145730942, 5708419.61974829249084 ] ] ] } },
{ "type": "Feature", "properties": { "building_id": 266 }, "geometry": { "type": "Polygon", "coordinates": [ [ [ 1528991.152997491648421, 5708419.784520532004535 ], [ 1528990.535707059549168, 5708404.626913337036967 ], [ 1528996.531952634686604, 5708404.092360979877412 ], [ 1528997.000879880273715, 5708419.61952290777117 ], [ 1528991.152997491648421, 5708419.784520532004535 ] ] ] } },
{ "type": "Feature", "properties": { "building_id": 265 }, "geometry": { "type": "Polygon", "coordinates": [ [ [ 1528977.051027627894655, 5708419.003655977547169 ], [ 1528976.8411377617158, 5708405.139843379147351 ], [ 1528990.535707059549168, 5708404.626913337036967 ], [ 1528991.152997491648421, 5708419.784520532004535 ], [ 1528977.051027627894655, 5708419.003655977547169 ] ] ] } },
{ "type": "Feature", "properties": { "building_id": 1456 }, "geometry": { "type": "Polygon", "coordinates": [ [ [ 1528911.561089285416529, 5708357.862803828902543 ], [ 1528911.712611872004345, 5708357.293048129417002 ], [ 1528913.359037048649043, 5708351.41161916218698 ], [ 1528913.555791338440031, 5708350.685237505473197 ], [ 1528913.215064328163862, 5708350.594023608602583 ], [ 1528915.114222730509937, 5708344.959762175567448 ], [ 1528919.958904439117759, 5708346.9388192826882 ], [ 1528931.355861409567297, 5708350.194446542300284 ], [ 1528927.941141281742603, 5708362.456019274890423 ], [ 1528928.012182388687506, 5708362.471447009593248 ], [ 1528925.975853309733793, 5708369.576848144643009 ], [ 1528919.787088786019012, 5708367.848297299817204 ], [ 1528921.809393926523626, 5708360.728373231366277 ], [ 1528911.561089285416529, 5708357.862803828902543 ] ] ] } },
{ "type": "Feature", "properties": { "building_id": 257 }, "geometry": { "type": "Polygon", "coordinates": [ [ [ 1528926.24846987426281, 5708413.007745764218271 ], [ 1528925.983446436235681, 5708420.799190529622138 ], [ 1528913.58423131913878, 5708420.53149754460901 ], [ 1528914.067546467296779, 5708407.923088909126818 ], [ 1528926.359048454556614, 5708405.971971230581403 ], [ 1528926.24846987426281, 5708413.007745764218271 ] ] ] } },
{ "type": "Feature", "properties": { "building_id": 255 }, "geometry": { "type": "Polygon", "coordinates": [ [ [ 1528920.856025790097192, 5708402.337540340609848 ], [ 1528919.876922130584717, 5708392.066159766167402 ], [ 1528933.448943137191236, 5708390.278334012255073 ], [ 1528934.571493486873806, 5708400.494764754548669 ], [ 1528920.856025790097192, 5708402.337540340609848 ] ] ] } },
{ "type": "Feature", "properties": { "building_id": 819 }, "geometry": { "type": "Polygon", "coordinates": [ [ [ 1528923.85877798567526, 5708313.787130540236831 ], [ 1528923.825364617165178, 5708312.2847073758021 ], [ 1528921.704575891373679, 5708312.065205729566514 ], [ 1528922.633911811979488, 5708302.825383338145912 ], [ 1528924.754698381060734, 5708303.044884505681694 ], [ 1528922.892489959485829, 5708302.700740605592728 ], [ 1528922.241568319499493, 5708302.390063867904246 ], [ 1528931.077390671009198, 5708283.548806483857334 ], [ 1528931.728311268612742, 5708283.859481911174953 ], [ 1528933.10014021769166, 5708280.934619899839163 ], [ 1528944.343314921483397, 5708287.620665435679257 ], [ 1528942.094315944705158, 5708290.116847767494619 ], [ 1528939.572580329841003, 5708293.638584081083536 ], [ 1528945.85268908017315, 5708299.530938129872084 ], [ 1528934.943804802605882, 5708311.487947599031031 ], [ 1528929.5264706320595, 5708313.290342040359974 ], [ 1528923.85877798567526, 5708313.787130540236831 ] ] ] } },
{ "type": "Feature", "properties": { "building_id": 258 }, "geometry": { "type": "Polygon", "coordinates": [ [ [ 1528926.24846987426281, 5708413.007745764218271 ], [ 1528937.655116482404992, 5708412.930729022249579 ], [ 1528937.810059878742322, 5708421.21515126992017 ], [ 1528925.983446436235681, 5708420.799190529622138 ], [ 1528926.24846987426281, 5708413.007745764218271 ] ] ] } },
{ "type": "Feature", "properties": { "building_id": 259 }, "geometry": { "type": "Polygon", "coordinates": [ [ [ 1528937.655116482404992, 5708412.930729022249579 ], [ 1528926.24846987426281, 5708413.007745764218271 ], [ 1528926.359048454556614, 5708405.971971230581403 ], [ 1528937.510511070257053, 5708403.988498418591917 ], [ 1528937.655116482404992, 5708412.930729022249579 ] ] ] } },
{ "type": "Feature", "properties": { "building_id": 256 }, "geometry": { "type": "Polygon", "coordinates": [ [ [ 1528934.58574671857059, 5708400.494990237057209 ], [ 1528933.463196352822706, 5708390.27855949755758 ], [ 1528939.037681717891246, 5708389.365473686717451 ], [ 1528950.742620746372268, 5708388.449230351485312 ], [ 1528951.859348135767505, 5708399.037465956062078 ], [ 1528942.87015, 5708399.510339598171413 ], [ 1528934.58574671857059, 5708400.494990237057209 ] ] ] } },
{ "type": "Feature", "properties": { "building_id": 293 }, "geometry": { "type": "Polygon", "coordinates": [ [ [ 1528953.150974747026339, 5708316.839488989673555 ], [ 1528948.313458878081292, 5708322.5703000491485 ], [ 1528938.184261051472276, 5708313.942240737378597 ], [ 1528943.036031658528373, 5708308.211666151881218 ], [ 1528953.150974747026339, 5708316.839488989673555 ] ] ] } },
{ "type": "Feature", "properties": { "building_id": 260 }, "geometry": { "type": "Polygon", "coordinates": [ [ [ 1528955.051724442979321, 5708412.719582985155284 ], [ 1528941.213035938097164, 5708413.330306496471167 ], [ 1528940.656785659492016, 5708403.365986718796194 ], [ 1528959.663541479501873, 5708403.20891057793051 ], [ 1528959.740844183135778, 5708404.640523433685303 ], [ 1528959.613214619923383, 5708412.763125161640346 ], [ 1528955.051724442979321, 5708412.719582985155284 ] ] ] } },
{ "type": "Feature", "properties": { "building_id": 262 }, "geometry": { "type": "Polygon", "coordinates": [ [ [ 1528941.470901700202376, 5708421.416102161630988 ], [ 1528941.126392774051055, 5708413.40045546926558 ], [ 1528955.64060191786848, 5708412.44281920325011 ], [ 1528955.757006062194705, 5708417.73711057100445 ], [ 1528961.802635481813923, 5708417.689695337787271 ], [ 1528962.273734658025205, 5708420.371980652213097 ], [ 1528962.585928459651768, 5708422.27934109326452 ], [ 1528962.664482495514676, 5708422.724005416966975 ], [ 1528973.454108570003882, 5708421.993506627157331 ], [ 1528973.67346932948567, 5708425.272576533257961 ], [ 1528978.468635274097323, 5708424.962206387892365 ], [ 1528979.799264863366261, 5708446.439178036525846 ], [ 1528974.91834293003194, 5708446.76249735802412 ], [ 1528964.743152198614553, 5708447.402590346522629 ], [ 1528959.790738079231232, 5708447.739074625074863 ], [ 1528955.694870388833806, 5708448.003280752338469 ], [ 1528949.057868631090969, 5708448.484760718420148 ], [ 1528948.415570855373517, 5708448.531816597096622 ], [ 1528945.832351107615978, 5708448.705513758584857 ], [ 1528945.411947574466467, 5708441.890175158157945 ], [ 1528944.499062316957861, 5708441.91864644177258 ], [ 1528944.411587176378816, 5708438.41279271338135 ], [ 1528944.132307613501325, 5708428.967768627218902 ], [ 1528944.081047091865912, 5708421.342960227280855 ], [ 1528941.470901700202376, 5708421.416102161630988 ] ], [ [ 1528962.401864555664361, 5708429.457005911506712 ], [ 1528962.427742237923667, 5708432.346811982803047 ], [ 1528963.069364706985652, 5708432.342656339518726 ], [ 1528963.353187954053283, 5708439.685073096305132 ], [ 1528966.707206240622327, 5708439.452042365446687 ], [ 1528965.952406203839928, 5708428.511887012049556 ], [ 1528963.09770612581633, 5708428.72420681361109 ], [ 1528963.14393385918811, 5708429.41152716986835 ], [ 1528962.401864555664361, 5708429.457005911506712 ] ] ] } },
{ "type": "Feature", "properties": { "building_id": 294 }, "geometry": { "type": "Polygon", "coordinates": [ [ [ 1528955.562379106180742, 5708313.988271285779774 ], [ 1528953.150974747026339, 5708316.839488989673555 ], [ 1528943.036031658528373, 5708308.211666151881218 ], [ 1528949.238050423562527, 5708300.929039445705712 ], [ 1528959.957111190771684, 5708310.124249800108373 ], [ 1528955.562379106180742, 5708313.988271285779774 ] ] ] } },
{ "type": "Feature", "properties": { "building_id": 291 }, "geometry": { "type": "Polygon", "coordinates": [ [ [ 1528943.333749798825011, 5708340.070882859639823 ], [ 1528950.318428484257311, 5708329.253271303139627 ], [ 1528961.729792988626286, 5708336.127940376289189 ], [ 1528956.093457041773945, 5708346.423351459205151 ], [ 1528950.920623953687027, 5708343.552287498489022 ], [ 1528950.729265909641981, 5708343.935463400557637 ], [ 1528943.333749798825011, 5708340.070882859639823 ] ] ] } },
{ "type": "Feature", "properties": { "building_id": 290 }, "geometry": { "type": "Polygon", "coordinates": [ [ [ 1528959.027892657322809, 5708368.354622265323997 ], [ 1528954.268683169269934, 5708380.895345101132989 ], [ 1528955.919582813745365, 5708381.078800555318594 ], [ 1528955.866103096632287, 5708384.482275259681046 ], [ 1528945.816917981486768, 5708384.366230048239231 ], [ 1528946.012837706832215, 5708380.063865157775581 ], [ 1528948.96094179013744, 5708364.833985320292413 ], [ 1528959.027892657322809, 5708368.354622265323997 ] ] ] } },
{ "type": "Feature", "properties": { "building_id": 292 }, "geometry": { "type": "Polygon", "coordinates": [ [ [ 1528948.313458878081292, 5708322.5703000491485 ], [ 1528953.150974747026339, 5708316.839488989673555 ], [ 1528956.702631561085582, 5708320.357178102247417 ], [ 1528968.246087514096871, 5708326.990757094696164 ], [ 1528964.052857921458781, 5708334.362405122257769 ], [ 1528958.315971039468423, 5708331.096225794404745 ], [ 1528948.313458878081292, 5708322.5703000491485 ] ] ] } },
{ "type": "Feature", "properties": { "building_id": 297 }, "geometry": { "type": "Polygon", "coordinates": [ [ [ 1528959.957111190771684, 5708310.124249800108373 ], [ 1528949.238050423562527, 5708300.929039445705712 ], [ 1528952.191677431575954, 5708295.325784299522638 ], [ 1528965.082595402142033, 5708304.212046215310693 ], [ 1528959.957111190771684, 5708310.124249800108373 ] ] ] } },
{ "type": "Feature", "properties": { "building_id": 288 }, "geometry": { "type": "Polygon", "coordinates": [ [ [ 1528959.027892657322809, 5708368.354622265323997 ], [ 1528948.96094179013744, 5708364.833985320292413 ], [ 1528952.784065470797941, 5708357.427857640199363 ], [ 1528959.715087486663833, 5708360.913191259838641 ], [ 1528959.473299892852083, 5708363.598488024435937 ], [ 1528959.131612351862714, 5708367.19765140209347 ], [ 1528959.027892657322809, 5708368.354622265323997 ] ] ] } },
{ "type": "Feature", "properties": { "building_id": 816 }, "geometry": { "type": "Polygon", "coordinates": [ [ [ 1528974.236957598943263, 5708269.627405333332717 ], [ 1528963.115328817861155, 5708269.723279251717031 ], [ 1528963.122489545727149, 5708271.082243047654629 ], [ 1528960.27098530693911, 5708271.094357078894973 ], [ 1528960.263600319623947, 5708269.74969342071563 ], [ 1528952.849330913508311, 5708269.804065849632025 ], [ 1528952.751320821000263, 5708258.802985483780503 ], [ 1528952.79735370981507, 5708257.688027299009264 ], [ 1528974.212783481925726, 5708257.554717876017094 ], [ 1528974.236957598943263, 5708269.627405333332717 ] ] ] } },
{ "type": "Feature", "properties": { "building_id": 287 }, "geometry": { "type": "Polygon", "coordinates": [ [ [ 1528959.686581146670505, 5708360.912740380503237 ], [ 1528951.907335294177756, 5708356.97057116124779 ], [ 1528959.629166507860646, 5708344.60547689627856 ], [ 1528967.444297459674999, 5708349.892760119400918 ], [ 1528961.564112255815417, 5708358.467873956076801 ], [ 1528959.686581146670505, 5708360.912740380503237 ] ] ] } },
{ "type": "Feature", "properties": { "building_id": 298 }, "geometry": { "type": "Polygon", "coordinates": [ [ [ 1528968.286829100456089, 5708298.083509158343077 ], [ 1528965.119980167830363, 5708296.388493192382157 ], [ 1528958.185118828667328, 5708290.428583779372275 ], [ 1528965.621090316912159, 5708281.735106331296265 ], [ 1528973.807846202747896, 5708288.773278325796127 ], [ 1528971.803628467721865, 5708291.11599877756089 ], [ 1528968.286829100456089, 5708298.083509158343077 ] ] ] } },
{ "type": "Feature", "properties": { "building_id": 263 }, "geometry": { "type": "Polygon", "coordinates": [ [ [ 1528959.613214619923383, 5708412.763125161640346 ], [ 1528959.740844183135778, 5708404.640523433685303 ], [ 1528970.995960835367441, 5708405.133223431184888 ], [ 1528970.494077239418402, 5708418.928563269786537 ], [ 1528959.519289828371257, 5708418.740678280591965 ], [ 1528959.613214619923383, 5708412.763125161640346 ] ] ] } },
{ "type": "Feature", "properties": { "building_id": 286 }, "geometry": { "type": "Polygon", "coordinates": [ [ [ 1528961.606871754629537, 5708358.468550267629325 ], [ 1528967.444297459674999, 5708349.892760119400918 ], [ 1528972.846861432306468, 5708353.568463754840195 ], [ 1528974.782469078665599, 5708354.686166395433247 ], [ 1528970.806497637182474, 5708362.747860330156982 ], [ 1528961.606871754629537, 5708358.468550267629325 ] ] ] } },
{ "type": "Feature", "properties": { "building_id": 273 }, "geometry": { "type": "Polygon", "coordinates": [ [ [ 1528974.991355275036767, 5708390.391884184442461 ], [ 1528974.866858090274036, 5708400.130862891674042 ], [ 1528962.309760035946965, 5708399.932260900735855 ], [ 1528962.526980380993336, 5708389.73702499922365 ], [ 1528972.112205312820151, 5708390.346349449828267 ], [ 1528974.991355275036767, 5708390.391884184442461 ] ] ] } },
{ "type": "Feature", "properties": { "building_id": 274 }, "geometry": { "type": "Polygon", "coordinates": [ [ [ 1528972.112205312820151, 5708390.346349449828267 ], [ 1528962.526980380993336, 5708389.73702499922365 ], [ 1528967.69937059469521, 5708379.934857856482267 ], [ 1528973.050233492394909, 5708382.365319344215095 ], [ 1528972.237997719086707, 5708384.154760962352157 ], [ 1528972.112205312820151, 5708390.346349449828267 ] ] ] } },
{ "type": "Feature", "properties": { "building_id": 362 }, "geometry": { "type": "Polygon", "coordinates": [ [ [ 1528913.697160698007792, 5708060.510601376183331 ], [ 1528916.081257085083053, 5708056.672112099826336 ], [ 1528921.048887287499383, 5708048.097181468270719 ], [ 1528928.61730377539061, 5708052.736771403811872 ], [ 1528921.515464063035324, 5708061.950204248540103 ], [ 1528920.884655885631219, 5708061.267966576851904 ], [ 1528918.841632472584024, 5708064.267956739291549 ], [ 1528913.697160698007792, 5708060.510601376183331 ] ] ] } },
{ "type": "Feature", "properties": { "building_id": 361 }, "geometry": { "type": "Polygon", "coordinates": [ [ [ 1528921.574202956398949, 5708087.239508346654475 ], [ 1528913.873200735775754, 5708078.335387138649821 ], [ 1528922.025454458314925, 5708071.226854243315756 ], [ 1528931.952415416482836, 5708082.726482046768069 ], [ 1528923.786130834836513, 5708089.820507721975446 ], [ 1528921.574202956398949, 5708087.239508346654475 ] ] ] } },
{ "type": "Feature", "properties": { "building_id": 2112 }, "geometry": { "type": "Polygon", "coordinates": [ [ [ 1528919.096808749716729, 5708114.248082810081542 ], [ 1528925.140638905577362, 5708109.766599719412625 ], [ 1528930.104505863040686, 5708116.853814247995615 ], [ 1528930.508847217541188, 5708117.432348696514964 ], [ 1528921.376167572103441, 5708123.424048528075218 ], [ 1528920.972051296615973, 5708122.831213387660682 ], [ 1528916.457309912657365, 5708116.194501621648669 ], [ 1528915.579612871399149, 5708114.893305288627744 ], [ 1528918.161650909110904, 5708112.974584803916514 ], [ 1528919.096808749716729, 5708114.248082810081542 ] ] ] } },
{ "type": "Feature", "properties": { "building_id": 364 }, "geometry": { "type": "Polygon", "coordinates": [ [ [ 1528918.841632472584024, 5708064.267956739291549 ], [ 1528919.704791489057243, 5708062.865579846315086 ], [ 1528920.884655885631219, 5708061.267966576851904 ], [ 1528921.515464063035324, 5708061.950204248540103 ], [ 1528928.646483328193426, 5708052.694322981871665 ], [ 1528936.052510136272758, 5708057.688923784531653 ], [ 1528937.846741917310283, 5708059.63395599834621 ], [ 1528929.266989273950458, 5708069.453371441923082 ], [ 1528926.692904080729932, 5708067.23853746894747 ], [ 1528925.154025446157902, 5708069.002113326452672 ], [ 1528923.762335407081991, 5708067.750006575137377 ], [ 1528918.841632472584024, 5708064.267956739291549 ] ] ] } },
{ "type": "Feature", "properties": { "building_id": 368 }, "geometry": { "type": "Polygon", "coordinates": [ [ [ 1528927.954160534078255, 5708104.00391719955951 ], [ 1528924.776354125933722, 5708098.47543331887573 ], [ 1528920.502120502525941, 5708091.956973682157695 ], [ 1528923.623862914508209, 5708089.260107851587236 ], [ 1528924.282055012648925, 5708090.014297687448561 ], [ 1528933.560406512347981, 5708082.00814313441515 ], [ 1528938.701236184453592, 5708089.627356396056712 ], [ 1528941.547543812310323, 5708094.478325752541423 ], [ 1528927.954160534078255, 5708104.00391719955951 ] ] ] } },
{ "type": "Feature", "properties": { "building_id": 365 }, "geometry": { "type": "Polygon", "coordinates": [ [ [ 1528947.018991373712197, 5708071.078703423030674 ], [ 1528937.192093445220962, 5708079.519589898176491 ], [ 1528934.530594184063375, 5708076.516686853952706 ], [ 1528936.412885769968852, 5708074.672720079310238 ], [ 1528928.402554076863453, 5708067.308494168333709 ], [ 1528936.930524815805256, 5708059.876922910101712 ], [ 1528947.018991373712197, 5708071.078703423030674 ] ] ] } },
{ "type": "Feature", "properties": { "building_id": 367 }, "geometry": { "type": "Polygon", "coordinates": [ [ [ 1528928.457951301243156, 5708103.697211775928736 ], [ 1528940.7693563955836, 5708095.009545642882586 ], [ 1528944.13393429107964, 5708099.539736685343087 ], [ 1528932.017570250434801, 5708108.516565954312682 ], [ 1528928.457951301243156, 5708103.697211775928736 ] ] ] } },
{ "type": "Feature", "properties": { "building_id": 916 }, "geometry": { "type": "Polygon", "coordinates": [ [ [ 1528948.540064649423584, 5708137.585089989006519 ], [ 1528941.20259099197574, 5708141.83158702403307 ], [ 1528943.424392315093428, 5708145.599943068809807 ], [ 1528934.504266009666026, 5708150.765434279106557 ], [ 1528930.051456190412864, 5708143.815011817030609 ], [ 1528946.732364920666441, 5708134.681497243233025 ], [ 1528948.540064649423584, 5708137.585089989006519 ] ] ] } },
{ "type": "Feature", "properties": { "building_id": 366 }, "geometry": { "type": "Polygon", "coordinates": [ [ [ 1528937.192093445220962, 5708079.519589898176491 ], [ 1528947.018991373712197, 5708071.078703423030674 ], [ 1528952.876603997545317, 5708079.352889546193182 ], [ 1528943.074645172338933, 5708086.206507429480553 ], [ 1528937.192093445220962, 5708079.519589898176491 ] ] ] } },
{ "type": "Feature", "properties": { "building_id": 2011 }, "geometry": { "type": "Polygon", "coordinates": [ [ [ 1528948.358373335562646, 5708137.35336038004607 ], [ 1528953.769891920266673, 5708147.708860545419157 ], [ 1528953.956976291025057, 5708147.597391721792519 ], [ 1528956.024025450926274, 5708151.2345677819103 ], [ 1528954.355417106766254, 5708152.180813518352807 ], [ 1528955.296298608882353, 5708153.997936967760324 ], [ 1528949.42037308216095, 5708156.865821619518101 ], [ 1528946.785715800011531, 5708151.245780033059418 ], [ 1528943.837949009845033, 5708145.592181336134672 ], [ 1528941.624911420745775, 5708141.266128089278936 ], [ 1528948.358373335562646, 5708137.35336038004607 ] ] ] } },
{ "type": "Feature", "properties": { "building_id": 910 }, "geometry": { "type": "Polygon", "coordinates": [ [ [ 1528953.881892300210893, 5708147.839363529346883 ], [ 1528948.32380068092607, 5708137.739007456228137 ], [ 1528957.627960508922115, 5708131.721375778317451 ], [ 1528956.642524863826111, 5708130.017980094067752 ], [ 1528956.25265874247998, 5708129.425371512770653 ], [ 1528959.701192305888981, 5708127.706286097876728 ], [ 1528962.208151997998357, 5708132.380260369740427 ], [ 1528966.045863507548347, 5708139.463964522816241 ], [ 1528963.83754666778259, 5708141.188366522081196 ], [ 1528964.019238463137299, 5708141.420095923356712 ], [ 1528953.881892300210893, 5708147.839363529346883 ] ] ] } },
{ "type": "Feature", "properties": { "building_id": 911 }, "geometry": { "type": "Polygon", "coordinates": [ [ [ 1528974.202461990294978, 5708120.283282954245806 ], [ 1528967.173534780275077, 5708123.948231055401266 ], [ 1528963.308302768040448, 5708125.875280046835542 ], [ 1528958.098317165393382, 5708117.210804900154471 ], [ 1528961.790715685347095, 5708115.395454009063542 ], [ 1528970.560498765204102, 5708111.629314854741096 ], [ 1528974.202461990294978, 5708120.283282954245806 ] ] ] } },
{ "type": "Feature", "properties": { "building_id": 901 }, "geometry": { "type": "Polygon", "coordinates": [ [ [ 1528978.656864242861047, 5708135.300847018137574 ], [ 1528984.816554640186951, 5708151.575501916930079 ], [ 1528974.331103782402351, 5708156.558944168500602 ], [ 1528970.337298824917525, 5708147.613306945189834 ], [ 1528967.708795523503795, 5708142.508300167508423 ], [ 1528970.590813911287114, 5708140.551392507739365 ], [ 1528978.656864242861047, 5708135.300847018137574 ] ] ] } },
{ "type": "Feature", "properties": { "building_id": 1549 }, "geometry": { "type": "Polygon", "coordinates": [ [ [ 1528942.418055403511971, 5708002.793394342064857 ], [ 1528938.20673495111987, 5708000.438255733810365 ], [ 1528937.087487628683448, 5708001.807967177592218 ], [ 1528935.158477198565379, 5708000.275609791278839 ], [ 1528927.987895508762449, 5708009.330570719204843 ], [ 1528916.865206084912643, 5708000.443914225324988 ], [ 1528925.330115755321458, 5707989.76457432936877 ], [ 1528926.681283651851118, 5707990.872996490448713 ], [ 1528935.019343110965565, 5707981.006936094723642 ], [ 1528945.106082795886323, 5707989.591099417768419 ], [ 1528946.07943107187748, 5707988.433629664592445 ], [ 1528950.807405162602663, 5707992.384593961760402 ], [ 1528942.418055403511971, 5708002.793394342064857 ] ] ] } },
{ "type": "Feature", "properties": { "building_id": 1550 }, "geometry": { "type": "Polygon", "coordinates": [ [ [ 1528950.412143452791497, 5708032.055642055347562 ], [ 1528940.097117765806615, 5708021.665617818944156 ], [ 1528958.665121230995283, 5708003.107591634616256 ], [ 1528991.013973099179566, 5708035.672851753421128 ], [ 1528972.547308519482613, 5708054.132491649128497 ], [ 1528962.667324092471972, 5708044.178448195569217 ], [ 1528970.85061075235717, 5708035.997639429755509 ], [ 1528969.292830107733607, 5708034.428244696930051 ], [ 1528968.307698398595676, 5708035.428200040943921 ], [ 1528967.167710828129202, 5708035.39586737100035 ], [ 1528959.265694454777986, 5708027.489888756535947 ], [ 1528959.226658443454653, 5708026.345007047988474 ], [ 1528960.240520090330392, 5708025.331204815767705 ], [ 1528958.696771108778194, 5708023.776335307396948 ], [ 1528950.412143452791497, 5708032.055642055347562 ] ] ] } },
{ "type": "Feature", "properties": { "building_id": 371 }, "geometry": { "type": "Polygon", "coordinates": [ [ [ 1528948.377843985101208, 5708063.533715757541358 ], [ 1528936.392783605260774, 5708051.458046982064843 ], [ 1528935.378916301531717, 5708052.471849349327385 ], [ 1528923.864602423505858, 5708044.008063913322985 ], [ 1528941.828906949842349, 5708025.769452054053545 ], [ 1528974.182944431202486, 5708058.005960046313703 ], [ 1528956.14984713983722, 5708076.086277102120221 ], [ 1528947.451065737055615, 5708064.448774852789938 ], [ 1528948.377843985101208, 5708063.533715757541358 ] ] ] } },
{ "type": "Feature", "properties": { "building_id": 406 }, "geometry": { "type": "Polygon", "coordinates": [ [ [ 1527921.91881306678988, 5708314.543133340775967 ], [ 1527919.479738864116371, 5708313.717563555575907 ], [ 1527911.670680010924116, 5708310.789597075432539 ], [ 1527910.953484428813681, 5708312.866517338901758 ], [ 1527894.458926043938845, 5708307.440012991428375 ], [ 1527899.387690258212388, 5708292.385204068385065 ], [ 1527911.159511438803747, 5708296.248848617076874 ], [ 1527924.95073848683387, 5708301.33186499029398 ], [ 1527926.435309844324365, 5708302.113616780377924 ], [ 1527921.91881306678988, 5708314.543133340775967 ] ] ] } },
{ "type": "Feature", "properties": { "building_id": 418 }, "geometry": { "type": "Polygon", "coordinates": [ [ [ 1527974.433617142960429, 5708305.953541400842369 ], [ 1527957.668443139642477, 5708302.31081563886255 ], [ 1527961.6369187629316, 5708294.778746355324984 ], [ 1527976.39489169116132, 5708299.133286976255476 ], [ 1527974.433617142960429, 5708305.953541400842369 ] ] ] } },
{ "type": "Feature", "properties": { "building_id": 410 }, "geometry": { "type": "Polygon", "coordinates": [ [ [ 1527925.082296553067863, 5708316.438723040744662 ], [ 1527921.383528100093827, 5708315.035236078314483 ], [ 1527926.376719925785437, 5708301.311673810705543 ], [ 1527927.073553248308599, 5708298.719496039673686 ], [ 1527931.977938159368932, 5708300.514083507470787 ], [ 1527931.515271646436304, 5708301.822656239382923 ], [ 1527939.027052753139287, 5708304.617132642306387 ], [ 1527939.804874427150935, 5708302.312318006530404 ], [ 1527941.322253399761394, 5708302.822818962857127 ], [ 1527935.247860124101862, 5708320.906119242310524 ], [ 1527931.242990101920441, 5708319.025734554044902 ], [ 1527925.082296553067863, 5708316.438723040744662 ] ] ] } },
{ "type": "Feature", "properties": { "building_id": 409 }, "geometry": { "type": "Polygon", "coordinates": [ [ [ 1527949.539004236459732, 5708304.312573169358075 ], [ 1527947.399207915877923, 5708310.700869016349316 ], [ 1527947.653725851327181, 5708310.833657402545214 ], [ 1527941.517383983358741, 5708322.922707811929286 ], [ 1527935.319357445929199, 5708319.991817035712302 ], [ 1527940.272482489235699, 5708306.997092264704406 ], [ 1527941.942154455697164, 5708301.488143016584218 ], [ 1527949.539004236459732, 5708304.312573169358075 ] ] ] } },
{ "type": "Feature", "properties": { "building_id": 417 }, "geometry": { "type": "Polygon", "coordinates": [ [ [ 1527968.281930120196193, 5708318.113878124393523 ], [ 1527951.730539921903983, 5708312.672267791815102 ], [ 1527951.177386877359822, 5708312.491810953244567 ], [ 1527957.032487974036485, 5708301.95739549677819 ], [ 1527957.614599135471508, 5708302.109705566428602 ], [ 1527974.484520083991811, 5708306.340553334914148 ], [ 1527975.533361752750352, 5708306.729156088083982 ], [ 1527975.830865376163274, 5708306.848324504680932 ], [ 1527974.741746579296887, 5708309.906284188851714 ], [ 1527972.162853401852772, 5708308.906857285648584 ], [ 1527968.579660295741633, 5708318.218746777623892 ], [ 1527968.281930120196193, 5708318.113878124393523 ] ] ] } },
{ "type": "Feature", "properties": { "building_id": 414 }, "geometry": { "type": "Polygon", "coordinates": [ [ [ 1527947.87988394824788, 5708327.172163098119199 ], [ 1527944.89421320008114, 5708325.751436631195247 ], [ 1527951.661764040123671, 5708312.5138308564201 ], [ 1527963.291104618925601, 5708316.375145336613059 ], [ 1527961.525298156542704, 5708319.851440906524658 ], [ 1527959.120608392404392, 5708318.654531249776483 ], [ 1527953.341512282844633, 5708329.790937279351056 ], [ 1527947.87988394824788, 5708327.172163098119199 ] ] ] } },
{ "type": "Feature", "properties": { "building_id": 408 }, "geometry": { "type": "Polygon", "coordinates": [ [ [ 1527918.276887142332271, 5708333.866721084341407 ], [ 1527921.845800652168691, 5708335.368269787169993 ], [ 1527924.544426606735215, 5708329.704055712558329 ], [ 1527914.62183978036046, 5708325.197603243403137 ], [ 1527918.849194896407425, 5708315.724346990697086 ], [ 1527940.342285694088787, 5708325.106768514029682 ], [ 1527923.988611148437485, 5708352.209385269321501 ], [ 1527912.644085656618699, 5708347.465706042945385 ], [ 1527918.276887142332271, 5708333.866721084341407 ] ] ] } },
{ "type": "Feature", "properties": { "building_id": 1038 }, "geometry": { "type": "Polygon", "coordinates": [ [ [ 1528050.393601287622005, 5708360.902410855516791 ], [ 1528050.979318729136139, 5708358.122487633489072 ], [ 1528051.42071317601949, 5708358.158121813088655 ], [ 1528052.063210455700755, 5708354.49226610083133 ], [ 1528051.29557756986469, 5708354.351311849430203 ], [ 1528054.960292749572545, 5708333.569001935422421 ], [ 1528058.357960095629096, 5708334.18093473277986 ], [ 1528058.657261501066387, 5708332.383421435020864 ], [ 1528086.194487455766648, 5708337.31310823187232 ], [ 1528085.881164378020912, 5708339.09609648399055 ], [ 1528089.833350237691775, 5708339.802665575407445 ], [ 1528086.750792399514467, 5708357.132742084562778 ], [ 1528087.959368529263884, 5708357.337926155887544 ], [ 1528087.488591936649755, 5708360.062465498223901 ], [ 1528086.265536236343905, 5708359.871354691684246 ], [ 1528086.108987337909639, 5708360.755700879730284 ], [ 1528056.428062146995217, 5708355.248331842944026 ], [ 1528055.727423403179273, 5708358.984781810082495 ], [ 1528056.28171220025979, 5708359.093732005916536 ], [ 1528055.782645788742229, 5708361.803516042418778 ], [ 1528050.393601287622005, 5708360.902410855516791 ] ] ] } },
{ "type": "Feature", "properties": { "building_id": 460 }, "geometry": { "type": "Polygon", "coordinates": [ [ [ 1527946.9245361587964, 5708403.754015292041004 ], [ 1527946.989243626594543, 5708403.268713461235166 ], [ 1527949.799472055397928, 5708385.147545216605067 ], [ 1527948.420310360845178, 5708384.911016498692334 ], [ 1527949.102447270881385, 5708380.544899364002049 ], [ 1527950.481382006546482, 5708380.795728112570941 ], [ 1527950.783422387205064, 5708378.826606418937445 ], [ 1527950.172573780408129, 5708378.688140676356852 ], [ 1527952.401787743205205, 5708363.947774508036673 ], [ 1527951.150228428654373, 5708363.756190989166498 ], [ 1527951.802724482724443, 5708359.461130865849555 ], [ 1527958.273862905800343, 5708360.451051894575357 ], [ 1527958.43291362025775, 5708359.409405677579343 ], [ 1527959.044439935358241, 5708359.504969854839146 ], [ 1527960.46412040037103, 5708352.676051226444542 ], [ 1527958.489048421382904, 5708352.258386737667024 ], [ 1527959.352847324218601, 5708348.124039397574961 ], [ 1527961.327918438240886, 5708348.541703489609063 ], [ 1527963.210488655837253, 5708339.488772945478559 ], [ 1527961.09243599884212, 5708339.097439737059176 ], [ 1527961.946505022002384, 5708334.67686733417213 ], [ 1527964.121342711849138, 5708335.083408453501761 ], [ 1527976.772191859781742, 5708337.459087344817817 ], [ 1527977.255217437399551, 5708334.863489895127714 ], [ 1527981.34901792020537, 5708335.629577526822686 ], [ 1527980.865993480430916, 5708338.225175437517464 ], [ 1527992.521850435296074, 5708340.413340066559613 ], [ 1527990.41555759916082, 5708352.79550455044955 ], [ 1527988.624190781963989, 5708352.480899127200246 ], [ 1527988.419443166814744, 5708353.707767008803785 ], [ 1527987.068791407160461, 5708353.471699150279164 ], [ 1527987.287792308954522, 5708352.245058326050639 ], [ 1527985.738049795851111, 5708351.977211924269795 ], [ 1527985.361811249284074, 5708354.131096941418946 ], [ 1527979.888165466254577, 5708353.171387153677642 ], [ 1527980.264179021585733, 5708351.031802834942937 ], [ 1527977.306999752297997, 5708350.51267774309963 ], [ 1527976.695467427140102, 5708354.021677589975297 ], [ 1527974.264294833177701, 5708353.596752086654305 ], [ 1527973.542580841109157, 5708357.761974115855992 ], [ 1527974.807940426748246, 5708357.982381821610034 ], [ 1527974.185321224853396, 5708361.290954125113785 ], [ 1527972.962494282750413, 5708361.085527529940009 ], [ 1527970.031738250982016, 5708377.817260311916471 ], [ 1527971.779671140480787, 5708378.174090133979917 ], [ 1527971.031710291048512, 5708382.195866572670639 ], [ 1527969.326309835538268, 5708381.854017774574459 ], [ 1527966.470426094718277, 5708398.358118190430105 ], [ 1527969.142104240367189, 5708398.901309904642403 ], [ 1527968.737805764656514, 5708401.026150686666369 ], [ 1527966.094407097203657, 5708400.497713073156774 ], [ 1527964.997344521805644, 5708406.759651393629611 ], [ 1527950.991216688649729, 5708404.433867260813713 ], [ 1527950.817911040969193, 5708405.475291460752487 ], [ 1527946.75123005406931, 5708404.795439328067005 ], [ 1527946.9245361587964, 5708403.754015292041004 ] ] ] } },
{ "type": "Feature", "properties": { "building_id": 1003 }, "geometry": { "type": "Polygon", "coordinates": [ [ [ 1527990.089545783819631, 5708353.577022781595588 ], [ 1527992.808043346041813, 5708338.544099980033934 ], [ 1528005.062081238022074, 5708340.770382143557072 ], [ 1528005.248048788169399, 5708339.829292594455183 ], [ 1528013.38023125869222, 5708341.260432071983814 ], [ 1528013.193359702127054, 5708342.258722762577236 ], [ 1528025.290624077199027, 5708344.48248165845871 ], [ 1528022.645932618062943, 5708359.359257244504988 ], [ 1528010.390733583364636, 5708357.204495371319354 ], [ 1528010.079430620651692, 5708358.858782579191029 ], [ 1528001.962617040378973, 5708357.356362900696695 ], [ 1528002.258763427846134, 5708355.759050196968019 ], [ 1527990.089545783819631, 5708353.577022781595588 ] ] ] } },
{ "type": "Feature", "properties": { "building_id": 459 }, "geometry": { "type": "Polygon", "coordinates": [ [ [ 1528112.540357704507187, 5708392.358729999512434 ], [ 1528110.971496160374954, 5708401.416736936196685 ], [ 1528113.104049835819751, 5708401.793964013457298 ], [ 1528107.973279842874035, 5708431.450176376849413 ], [ 1528095.646467925980687, 5708429.308679121546447 ], [ 1528095.349205105798319, 5708430.977509910240769 ], [ 1528090.017579896375537, 5708430.048727714456618 ], [ 1528090.31484367325902, 5708428.379897290840745 ], [ 1528089.618243905715644, 5708428.254379604011774 ], [ 1528092.975683186203241, 5708408.868776679970324 ], [ 1528090.885662274667993, 5708408.506525281816721 ], [ 1528096.140446958364919, 5708378.223001806996763 ], [ 1528098.2162079019472, 5708378.585023827850819 ], [ 1528099.800913583720103, 5708369.427167267538607 ], [ 1528097.725154685787857, 5708369.065146012231708 ], [ 1528102.400758067844436, 5708342.04810496699065 ], [ 1528106.282133261207491, 5708342.724932556040585 ], [ 1528106.532562548294663, 5708341.312840938568115 ], [ 1528114.551191241713241, 5708342.713473655283451 ], [ 1528114.315016273409128, 5708344.125792526639998 ], [ 1528120.86942167324014, 5708345.259956678375602 ], [ 1528117.951165422098711, 5708362.120642058551311 ], [ 1528119.927603762364015, 5708362.452470337040722 ], [ 1528114.67290930217132, 5708392.735956291668117 ], [ 1528112.540357704507187, 5708392.358729999512434 ] ] ] } },
{ "type": "Feature", "properties": { "building_id": 413 }, "geometry": { "type": "Polygon", "coordinates": [ [ [ 1527947.633848270168528, 5708349.925587611272931 ], [ 1527947.414393938146532, 5708350.279687013477087 ], [ 1527947.625927367946133, 5708350.426095029339194 ], [ 1527940.200671089347452, 5708361.979726290330291 ], [ 1527940.002937986282632, 5708361.862145438790321 ], [ 1527938.648217955138534, 5708360.98233263194561 ], [ 1527938.268357440596446, 5708361.562738084234297 ], [ 1527927.31092297192663, 5708354.879919230006635 ], [ 1527926.774510754039511, 5708354.542384692467749 ], [ 1527934.347531942883506, 5708339.958722001872957 ], [ 1527934.895480699138716, 5708340.468084959313273 ], [ 1527942.047100078547373, 5708347.1045574080199 ], [ 1527943.264049978693947, 5708345.879513141699135 ], [ 1527945.203140440396965, 5708347.669773477129638 ], [ 1527947.633848270168528, 5708349.925587611272931 ] ] ] } },
{ "type": "Feature", "properties": { "building_id": 1004 }, "geometry": { "type": "Polygon", "coordinates": [ [ [ 1528027.278917185496539, 5708370.203814830631018 ], [ 1528029.359149125171825, 5708358.565001977607608 ], [ 1528022.887551036663353, 5708357.603733179159462 ], [ 1528025.498303538188338, 5708342.168571654707193 ], [ 1528029.409761919640005, 5708342.745785115286708 ], [ 1528029.140996112022549, 5708344.415051392279565 ], [ 1528042.019926674198359, 5708346.794271353632212 ], [ 1528038.265585862565786, 5708367.832648773677647 ], [ 1528039.815558984875679, 5708368.086186322383583 ], [ 1528039.049757679458708, 5708372.336541570723057 ], [ 1528027.278917185496539, 5708370.203814830631018 ] ] ] } },
{ "type": "Feature", "properties": { "building_id": 403 }, "geometry": { "type": "Polygon", "coordinates": [ [ [ 1527904.635994196403772, 5708358.909889857284725 ], [ 1527904.470607466064394, 5708359.45079995598644 ], [ 1527918.648127232678235, 5708363.553052469156682 ], [ 1527913.898783477954566, 5708376.279320531524718 ], [ 1527912.962150690378621, 5708376.006926381029189 ], [ 1527909.54755014879629, 5708395.377176236361265 ], [ 1527908.819967702962458, 5708394.507348963990808 ], [ 1527907.933571714442223, 5708392.862581189721823 ], [ 1527906.819134078454226, 5708390.313035194762051 ], [ 1527905.004272499587387, 5708386.078774841502309 ], [ 1527902.468605199363083, 5708382.347968866117299 ], [ 1527899.015078914351761, 5708378.9601332815364 ], [ 1527895.541858800919726, 5708376.816419479437172 ], [ 1527891.375433591892943, 5708375.233811588957906 ], [ 1527887.995412356453016, 5708374.407535661943257 ], [ 1527880.716134326765314, 5708374.034051453694701 ], [ 1527883.849823362892494, 5708352.599630896002054 ], [ 1527904.635994196403772, 5708358.909889857284725 ] ] ] } },
{ "type": "Feature", "properties": { "building_id": 402 }, "geometry": { "type": "Polygon", "coordinates": [ [ [ 1527927.395371734164655, 5708377.467032335698605 ], [ 1527916.273844256531447, 5708377.547297240234911 ], [ 1527922.665039145387709, 5708361.070973354391754 ], [ 1527932.141748606460169, 5708365.827800075523555 ], [ 1527927.395371734164655, 5708377.467032335698605 ] ] ] } },
{ "type": "Feature", "properties": { "building_id": 401 }, "geometry": { "type": "Polygon", "coordinates": [ [ [ 1527912.104050124064088, 5708397.792359305545688 ], [ 1527915.629283647285774, 5708377.737280773930252 ], [ 1527921.516511713620275, 5708377.788175357505679 ], [ 1527926.088602592935786, 5708378.06127770897001 ], [ 1527926.451042605563998, 5708377.680848203599453 ], [ 1527927.390165795572102, 5708377.795938191004097 ], [ 1527930.431738077197224, 5708378.387945334427059 ], [ 1527934.102259962121025, 5708378.875541082583368 ], [ 1527937.131005281582475, 5708368.567804051563144 ], [ 1527946.88237824337557, 5708374.888115110807121 ], [ 1527942.509674208238721, 5708402.553674147464335 ], [ 1527934.915900857420638, 5708401.331292771734297 ], [ 1527934.80707519268617, 5708401.901714913547039 ], [ 1527927.358551521087065, 5708400.50999453663826 ], [ 1527927.32755534700118, 5708400.666843548417091 ], [ 1527919.608902621082962, 5708399.227901244536042 ], [ 1527919.625193028012291, 5708399.099425758235157 ], [ 1527912.104050124064088, 5708397.792359305545688 ] ] ] } },
{ "type": "Feature", "properties": { "building_id": 458 }, "geometry": { "type": "Polygon", "coordinates": [ [ [ 1528033.122029633959755, 5708371.240898801013827 ], [ 1528051.863571320660412, 5708374.328513846732676 ], [ 1528052.019903638865799, 5708374.359610191546381 ], [ 1528048.386830495204777, 5708394.041117263026536 ], [ 1528050.334314389387146, 5708394.401109007187188 ], [ 1528049.585256468504667, 5708398.494401265867054 ], [ 1528047.580985138425604, 5708398.11920128390193 ], [ 1528045.460494967643172, 5708409.600085499696434 ], [ 1528046.256638877792284, 5708409.741494992747903 ], [ 1528045.991944837849587, 5708411.153368545696139 ], [ 1528045.181773761520162, 5708410.997431782074273 ], [ 1528044.807129885535687, 5708413.05123136844486 ], [ 1528045.574767674552277, 5708413.19218716584146 ], [ 1528045.324552786303684, 5708414.589987822808325 ], [ 1528044.500128203071654, 5708414.433824027888477 ], [ 1528043.439540523570031, 5708420.19572482816875 ], [ 1528043.439088199054822, 5708420.224325485527515 ], [ 1528024.930481573566794, 5708416.825699518434703 ], [ 1528024.930933956522495, 5708416.797098873183131 ], [ 1528027.963861976051703, 5708399.909559641964734 ], [ 1528024.850557155441493, 5708399.345050090923905 ], [ 1528025.991919881897047, 5708392.983687706291676 ], [ 1528029.105222576763481, 5708393.548196428455412 ], [ 1528033.122029633959755, 5708371.240898801013827 ] ] ] } },
{ "type": "Feature", "properties": { "building_id": 456 }, "geometry": { "type": "Polygon", "coordinates": [ [ [ 1527983.51202471437864, 5708400.760829403996468 ], [ 1527984.63871121336706, 5708394.427845342084765 ], [ 1527982.691003913991153, 5708394.082139549776912 ], [ 1527984.96292574214749, 5708382.045850898139179 ], [ 1527998.227637769421563, 5708384.374072742648423 ], [ 1527997.962936995318159, 5708385.785940791480243 ], [ 1528015.632567532593384, 5708389.042517327703536 ], [ 1528012.527449514716864, 5708405.986098140478134 ], [ 1527983.51202471437864, 5708400.760829403996468 ] ] ] } },
{ "type": "Feature", "properties": { "building_id": 492 }, "geometry": { "type": "Polygon", "coordinates": [ [ [ 1528028.835619732737541, 5708300.626339114271104 ], [ 1528028.603485250612721, 5708297.275569004006684 ], [ 1528030.939116348745301, 5708284.81130076572299 ], [ 1528032.645364280790091, 5708276.084597401320934 ], [ 1528040.865057134069502, 5708279.190628211013973 ], [ 1528040.247443694388494, 5708282.184574293904006 ], [ 1528036.116424930049106, 5708299.998461806215346 ], [ 1528034.608117681229487, 5708305.223921895027161 ], [ 1528029.049207663163543, 5708305.149722261354327 ], [ 1528028.835619732737541, 5708300.626339114271104 ] ] ] } },
{ "type": "Feature", "properties": { "building_id": 496 }, "geometry": { "type": "Polygon", "coordinates": [ [ [ 1528029.693373783491552, 5708267.126398222520947 ], [ 1528032.823524856707081, 5708251.299156304448843 ], [ 1528034.330040350789204, 5708251.594910648651421 ], [ 1528035.411428492283449, 5708246.319773969240487 ], [ 1528033.322578768478706, 5708245.886015945114195 ], [ 1528033.69133730372414, 5708244.204056087881327 ], [ 1528038.592769913608208, 5708245.283344393596053 ], [ 1528038.176277855178341, 5708247.279225114732981 ], [ 1528033.942347815493122, 5708267.995052278973162 ], [ 1528029.693373783491552, 5708267.126398222520947 ] ] ] } },
{ "type": "Feature", "properties": { "building_id": 497 }, "geometry": { "type": "Polygon", "coordinates": [ [ [ 1528048.572745308512822, 5708241.651754587888718 ], [ 1528047.029176566051319, 5708249.10799184627831 ], [ 1528046.333855100674555, 5708270.538130060769618 ], [ 1528033.942347815493122, 5708267.995052278973162 ], [ 1528037.186741509940475, 5708252.155322458595037 ], [ 1528034.330040350789204, 5708251.594910648651421 ], [ 1528035.411428492283449, 5708246.319773969240487 ], [ 1528033.322578768478706, 5708245.886015945114195 ], [ 1528033.69133730372414, 5708244.204056087881327 ], [ 1528038.592769913608208, 5708245.283344393596053 ], [ 1528039.687050713226199, 5708240.09423799533397 ], [ 1528039.734332692343742, 5708239.808917877264321 ], [ 1528048.572745308512822, 5708241.651754587888718 ] ] ] } },
{ "type": "Feature", "properties": { "building_id": 499 }, "geometry": { "type": "Polygon", "coordinates": [ [ [ 1528039.734332692343742, 5708239.808917877264321 ], [ 1528039.687050713226199, 5708240.09423799533397 ], [ 1528034.188354720827192, 5708238.919620284810662 ], [ 1528035.960196001455188, 5708229.650467169471085 ], [ 1528037.281872394494712, 5708229.914670336991549 ], [ 1528041.601641907356679, 5708230.813051502220333 ], [ 1528039.734332692343742, 5708239.808917877264321 ] ] ] } },
{ "type": "Feature", "properties": { "building_id": 498 }, "geometry": { "type": "Polygon", "coordinates": [ [ [ 1528039.882742142071947, 5708239.439385864883661 ], [ 1528041.612502490403131, 5708231.027778820134699 ], [ 1528037.19612873531878, 5708229.927608903497458 ], [ 1528038.143129872391, 5708225.036542791873217 ], [ 1528038.184729115106165, 5708219.701956834644079 ], [ 1528039.056869920808822, 5708219.544198071584105 ], [ 1528041.912430440075696, 5708220.176106277853251 ], [ 1528041.951113197719678, 5708219.533059620298445 ], [ 1528052.337193234823644, 5708221.772420695982873 ], [ 1528050.176768872188404, 5708242.092094621621072 ], [ 1528039.882742142071947, 5708239.439385864883661 ] ] ] } },
{ "type": "Feature", "properties": { "building_id": 490 }, "geometry": { "type": "Polygon", "coordinates": [ [ [ 1528036.102171902777627, 5708299.998234890401363 ], [ 1528040.90781611809507, 5708279.191308930516243 ], [ 1528045.406566391000524, 5708280.493046279065311 ], [ 1528040.872870205901563, 5708301.232788377441466 ], [ 1528036.102171902777627, 5708299.998234890401363 ] ] ] } },
{ "type": "Feature", "properties": { "building_id": 489 }, "geometry": { "type": "Polygon", "coordinates": [ [ [ 1528047.357568823732436, 5708304.969172867015004 ], [ 1528049.375765238655731, 5708292.742999193258584 ], [ 1528049.64429944450967, 5708291.088041907176375 ], [ 1528052.232242177473381, 5708291.515439459122717 ], [ 1528053.910253564361483, 5708291.785314342007041 ], [ 1528055.349744053324685, 5708282.796886721625924 ], [ 1528091.397682076552883, 5708288.648707145825028 ], [ 1528114.334873464191332, 5708290.558508271351457 ], [ 1528138.947603854350746, 5708292.895411224104464 ], [ 1528137.597643439425156, 5708307.048938537947834 ], [ 1528119.946021428564563, 5708305.366332121193409 ], [ 1528120.155212065437809, 5708315.58254105783999 ], [ 1528112.614893277175725, 5708315.491170700639486 ], [ 1528112.671844851225615, 5708310.986392959952354 ], [ 1528091.504712175112218, 5708310.735380548983812 ], [ 1528091.47396528115496, 5708312.680202070623636 ], [ 1528079.871530431788415, 5708312.524157316423953 ], [ 1528071.669227745616809, 5708311.020448293536901 ], [ 1528072.482063154224306, 5708306.499096544459462 ], [ 1528053.802190118934959, 5708303.126454872079194 ], [ 1528053.301317208912224, 5708305.950623175129294 ], [ 1528047.357568823732436, 5708304.969172867015004 ] ] ] } },
{ "type": "Feature", "properties": { "building_id": 1978 }, "geometry": { "type": "Polygon", "coordinates": [ [ [ 1528054.677082194015384, 5708274.847623310983181 ], [ 1528058.03720750962384, 5708249.883977618068457 ], [ 1528070.097689859801903, 5708249.918607445433736 ], [ 1528067.283304612152278, 5708277.336876961402595 ], [ 1528062.441809555748478, 5708276.97373971156776 ], [ 1528054.677082194015384, 5708274.847623310983181 ] ] ] } },
{ "type": "Feature", "properties": { "building_id": 446 }, "geometry": { "type": "Polygon", "coordinates": [ [ [ 1528069.984395805979148, 5708230.034741213545203 ], [ 1528069.562726756092161, 5708234.161778723821044 ], [ 1528069.192602944560349, 5708234.127280323766172 ], [ 1528069.172471111873165, 5708234.498854362405837 ], [ 1528068.620069069089368, 5708242.385671213269234 ], [ 1528057.405268917791545, 5708242.064124466851354 ], [ 1528059.994599865516648, 5708218.962071860209107 ], [ 1528073.920529220253229, 5708212.818625552579761 ], [ 1528074.085459128953516, 5708213.207447783090174 ], [ 1528074.195638512028381, 5708213.452362610958517 ], [ 1528079.335604382678866, 5708223.789856610819697 ], [ 1528079.459810849977657, 5708224.04929852578789 ], [ 1528079.611392669146881, 5708224.380694228224456 ], [ 1528074.026538440724835, 5708226.852154694497585 ], [ 1528073.779708483954892, 5708226.233170407824218 ], [ 1528073.435863018734381, 5708229.946639833040535 ], [ 1528074.88739962875843, 5708230.112778916954994 ], [ 1528074.83717948733829, 5708230.583999306894839 ], [ 1528069.984395805979148, 5708230.034741213545203 ] ] ] } },
{ "type": "Feature", "properties": { "building_id": 445 }, "geometry": { "type": "Polygon", "coordinates": [ [ [ 1528068.674437736161053, 5708250.668351566419005 ], [ 1528065.245581872528419, 5708250.227575827389956 ], [ 1528058.046252724947408, 5708249.311975290998816 ], [ 1528058.197101725032553, 5708242.477230926975608 ], [ 1528069.202630608808249, 5708242.509372851811349 ], [ 1528069.198131958022714, 5708245.4987638508901 ], [ 1528068.674437736161053, 5708250.668351566419005 ] ] ] } },
{ "type": "Feature", "properties": { "building_id": 439 }, "geometry": { "type": "Polygon", "coordinates": [ [ [ 1528067.239641164895147, 5708277.393396779894829 ], [ 1528070.054026566212997, 5708249.975127105601132 ], [ 1528078.832956987433136, 5708251.974329355172813 ], [ 1528075.447338853729889, 5708278.553901270963252 ], [ 1528067.239641164895147, 5708277.393396779894829 ] ] ] } },
{ "type": "Feature", "properties": { "building_id": 455 }, "geometry": { "type": "Polygon", "coordinates": [ [ [ 1528069.202630608808249, 5708242.509372851811349 ], [ 1528069.60837742080912, 5708228.569786477833986 ], [ 1528071.674824080197141, 5708228.616980709135532 ], [ 1528071.578485909616575, 5708232.906535697169602 ], [ 1528082.895306752296165, 5708233.086651623249054 ], [ 1528082.869643440470099, 5708245.530411168932915 ], [ 1528069.198131958022714, 5708245.4987638508901 ], [ 1528069.202630608808249, 5708242.509372851811349 ] ] ] } },
{ "type": "Feature", "properties": { "building_id": 454 }, "geometry": { "type": "Polygon", "coordinates": [ [ [ 1528090.213688862510026, 5708219.257091560401022 ], [ 1528079.459810849977657, 5708224.04929852578789 ], [ 1528079.335604382678866, 5708223.789856610819697 ], [ 1528074.195638512028381, 5708213.452362610958517 ], [ 1528074.085459128953516, 5708213.207447783090174 ], [ 1528085.369396554306149, 5708208.252045784145594 ], [ 1528085.025735229020938, 5708207.445575349032879 ], [ 1528089.805856879800558, 5708205.376110608689487 ], [ 1528090.135943911504, 5708206.139453881420195 ], [ 1528098.591928101610392, 5708202.412052539177239 ], [ 1528105.62174290092662, 5708218.558248253539205 ], [ 1528092.470682417741045, 5708224.385096181184053 ], [ 1528090.213688862510026, 5708219.257091560401022 ] ] ] } },
{ "type": "Feature", "properties": { "building_id": 440 }, "geometry": { "type": "Polygon", "coordinates": [ [ [ 1528078.270562445744872, 5708278.527316871099174 ], [ 1528081.429816503776237, 5708262.65759005676955 ], [ 1528081.516672734636813, 5708260.770887054502964 ], [ 1528090.869794662576169, 5708261.620620365254581 ], [ 1528090.597651750314981, 5708263.504374925047159 ], [ 1528090.08687506779097, 5708269.661134307272732 ], [ 1528095.95458228723146, 5708270.040587150491774 ], [ 1528096.28501415066421, 5708280.702100960537791 ], [ 1528090.674758240114897, 5708280.269530238583684 ], [ 1528078.270562445744872, 5708278.527316871099174 ] ] ] } },
{ "type": "Feature", "properties": { "building_id": 441 }, "geometry": { "type": "Polygon", "coordinates": [ [ [ 1528099.358547629788518, 5708269.350964428856969 ], [ 1528105.660185658605769, 5708270.237945293076336 ], [ 1528105.930927408393472, 5708282.872420964762568 ], [ 1528096.258789917221293, 5708282.360913798213005 ], [ 1528096.112721522105858, 5708269.957281592302024 ], [ 1528090.017192720901221, 5708269.559899527579546 ], [ 1528090.51077744201757, 5708263.58881445787847 ], [ 1528099.653036636998877, 5708263.348103355616331 ], [ 1528099.358547629788518, 5708269.350964428856969 ] ] ] } },
{ "type": "Feature", "properties": { "building_id": 449 }, "geometry": { "type": "Polygon", "coordinates": [ [ [ 1528091.065749080618843, 5708264.555993045680225 ], [ 1528091.275373685872182, 5708255.805480300448835 ], [ 1528099.640052839415148, 5708256.053023163229227 ], [ 1528105.040331199066713, 5708255.337952364236116 ], [ 1528105.336083859205246, 5708260.07717351987958 ], [ 1528107.967219831887633, 5708259.575501894578338 ], [ 1528109.149347446858883, 5708262.354921667836607 ], [ 1528103.514461889863014, 5708263.481068951077759 ], [ 1528103.565370202763006, 5708263.868078405968845 ], [ 1528099.591288277180865, 5708264.548629891127348 ], [ 1528091.065749080618843, 5708264.555993045680225 ] ] ] } },
{ "type": "Feature", "properties": { "building_id": 448 }, "geometry": { "type": "Polygon", "coordinates": [ [ [ 1528108.847370999399573, 5708248.990491301752627 ], [ 1528099.798315599095076, 5708228.907220824621618 ], [ 1528108.915602694032714, 5708224.832733226008713 ], [ 1528117.950873816851526, 5708244.887158730998635 ], [ 1528108.847370999399573, 5708248.990491301752627 ] ] ] } },
{ "type": "Feature", "properties": { "building_id": 442 }, "geometry": { "type": "Polygon", "coordinates": [ [ [ 1528105.325948791811243, 5708281.461030630394816 ], [ 1528106.308577608317137, 5708269.8048485070467 ], [ 1528112.005249965237454, 5708270.181569167412817 ], [ 1528111.39252841938287, 5708281.886549508199096 ], [ 1528105.325948791811243, 5708281.461030630394816 ] ] ] } },
{ "type": "Feature", "properties": { "building_id": 1029 }, "geometry": { "type": "Polygon", "coordinates": [ [ [ 1528116.502482602139935, 5708211.150472577661276 ], [ 1528112.883982982253656, 5708205.571710135787725 ], [ 1528108.864801246905699, 5708198.284448222257197 ], [ 1528123.503534961724654, 5708192.137977115809917 ], [ 1528129.870677853701636, 5708204.211372539401054 ], [ 1528116.502482602139935, 5708211.150472577661276 ] ] ] } },
{ "type": "Feature", "properties": { "building_id": 447 }, "geometry": { "type": "Polygon", "coordinates": [ [ [ 1528123.25452450546436, 5708258.402682322077453 ], [ 1528121.073381769936532, 5708259.297717366367579 ], [ 1528114.259822666179389, 5708261.935610571876168 ], [ 1528109.115916560636833, 5708249.137801030650735 ], [ 1528117.87011563940905, 5708245.486627095378935 ], [ 1528123.25452450546436, 5708258.402682322077453 ] ] ] } },
{ "type": "Feature", "properties": { "building_id": 191 }, "geometry": { "type": "Polygon", "coordinates": [ [ [ 1528115.959291363833472, 5708227.476551846601069 ], [ 1528111.52991578145884, 5708219.081368701532483 ], [ 1528118.562209073454142, 5708216.132291135378182 ], [ 1528116.502482602139935, 5708211.150472577661276 ], [ 1528129.870677853701636, 5708204.211372539401054 ], [ 1528134.846448720432818, 5708214.117103495635092 ], [ 1528125.48126124497503, 5708220.347513666376472 ], [ 1528115.959291363833472, 5708227.476551846601069 ] ] ] } },
{ "type": "Feature", "properties": { "building_id": 443 }, "geometry": { "type": "Polygon", "coordinates": [ [ [ 1528111.39252841938287, 5708281.886549508199096 ], [ 1528112.005249965237454, 5708270.181569167412817 ], [ 1528116.713029404636472, 5708269.984707655385137 ], [ 1528117.461620410671458, 5708283.957030993886292 ], [ 1528111.240528479684144, 5708284.287154288031161 ], [ 1528111.39252841938287, 5708281.886549508199096 ] ] ] } },
{ "type": "Feature", "properties": { "building_id": 444 }, "geometry": { "type": "Polygon", "coordinates": [ [ [ 1528117.461620410671458, 5708283.957030993886292 ], [ 1528116.713029404636472, 5708269.984707655385137 ], [ 1528114.259822666179389, 5708261.935610571876168 ], [ 1528121.073381769936532, 5708259.297717366367579 ], [ 1528134.88667130167596, 5708267.498941659927368 ], [ 1528128.352053229697049, 5708269.626352985389531 ], [ 1528132.329526220913976, 5708283.163719617761672 ], [ 1528117.461620410671458, 5708283.957030993886292 ] ] ] } },
{ "type": "Feature", "properties": { "building_id": 179 }, "geometry": { "type": "Polygon", "coordinates": [ [ [ 1528144.268748781410977, 5708227.726699532009661 ], [ 1528131.806571557186544, 5708232.363065361045301 ], [ 1528133.599545025732368, 5708235.280924533493817 ], [ 1528123.564220213564113, 5708241.514989420771599 ], [ 1528116.016981138614938, 5708227.434558908455074 ], [ 1528125.582613730337471, 5708220.24900094140321 ], [ 1528128.134178897598758, 5708224.78093180898577 ], [ 1528139.119243144057691, 5708219.792093012481928 ], [ 1528144.268748781410977, 5708227.726699532009661 ] ] ] } },
{ "type": "Feature", "properties": { "building_id": 187 }, "geometry": { "type": "Polygon", "coordinates": [ [ [ 1528131.104929030640051, 5708198.280719471164048 ], [ 1528127.224647846538574, 5708191.224538640119135 ], [ 1528141.095120620913804, 5708188.58449559379369 ], [ 1528142.990631976164877, 5708194.936826313845813 ], [ 1528136.691346880979836, 5708196.610256001353264 ], [ 1528131.104929030640051, 5708198.280719471164048 ] ] ] } },
{ "type": "Feature", "properties": { "building_id": 2010 }, "geometry": { "type": "Polygon", "coordinates": [ [ [ 1528135.131356821861118, 5708261.037570677697659 ], [ 1528127.716229792218655, 5708248.518319792114198 ], [ 1528137.972148672910407, 5708242.759775135666132 ], [ 1528144.904040769441053, 5708255.185500093735754 ], [ 1528145.458565840963274, 5708256.181274618022144 ], [ 1528143.731260708998889, 5708257.22657139133662 ], [ 1528135.131356821861118, 5708261.037570677697659 ] ] ] } },
{ "type": "Feature", "properties": { "building_id": 192 }, "geometry": { "type": "Polygon", "coordinates": [ [ [ 1528132.329526220913976, 5708283.163719617761672 ], [ 1528128.352053229697049, 5708269.626352985389531 ], [ 1528134.88667130167596, 5708267.498941659927368 ], [ 1528139.306900397408754, 5708280.98613110743463 ], [ 1528132.329526220913976, 5708283.163719617761672 ] ] ] } },
{ "type": "Feature", "properties": { "building_id": 431 }, "geometry": { "type": "Polygon", "coordinates": [ [ [ 1527928.716870200354606, 5708277.762122512795031 ], [ 1527917.699560363311321, 5708274.868879036977887 ], [ 1527917.072655530180782, 5708274.844586363993585 ], [ 1527903.807231405517086, 5708271.672342485748231 ], [ 1527903.210643827682361, 5708271.534102419391274 ], [ 1527908.553050879156217, 5708243.855809239670634 ], [ 1527908.745130040450022, 5708243.429760516621172 ], [ 1527941.585657072020695, 5708251.047617100179195 ], [ 1527939.03998556220904, 5708259.66078001447022 ], [ 1527934.925412806216627, 5708258.408023561351001 ], [ 1527933.256423967890441, 5708263.874045024625957 ], [ 1527932.514126317109913, 5708265.736001037992537 ], [ 1527936.796342837857082, 5708267.205985741689801 ], [ 1527935.859245694009587, 5708270.566726684570312 ], [ 1527934.965834783622995, 5708270.266419254243374 ], [ 1527931.233824713621289, 5708269.162791422568262 ], [ 1527928.716870200354606, 5708277.762122512795031 ] ] ] } },
{ "type": "Feature", "properties": { "building_id": 452 }, "geometry": { "type": "Polygon", "coordinates": [ [ [ 1527941.200424844864756, 5708282.595409292727709 ], [ 1527933.433912364766002, 5708280.583587006665766 ], [ 1527935.910599440569058, 5708270.925137123093009 ], [ 1527958.222375444369391, 5708275.414341958239675 ], [ 1527955.513586056651548, 5708286.227706477977335 ], [ 1527941.200424844864756, 5708282.595409292727709 ] ] ] } },
{ "type": "Feature", "properties": { "building_id": 432 }, "geometry": { "type": "Polygon", "coordinates": [ [ [ 1527935.910599440569058, 5708270.925137123093009 ], [ 1527940.944727186113596, 5708251.008799077942967 ], [ 1527962.968452908098698, 5708256.580471928231418 ], [ 1527958.222375444369391, 5708275.414341958239675 ], [ 1527935.910599440569058, 5708270.925137123093009 ] ] ] } },
{ "type": "Feature", "properties": { "building_id": 419 }, "geometry": { "type": "Polygon", "coordinates": [ [ [ 1527978.664300546981394, 5708291.760099643841386 ], [ 1527976.395117954118177, 5708299.118986845016479 ], [ 1527961.566558831837028, 5708294.720410686917603 ], [ 1527965.087977514136583, 5708288.411344864405692 ], [ 1527978.664300546981394, 5708291.760099643841386 ] ] ] } },
{ "type": "Feature", "properties": { "building_id": 420 }, "geometry": { "type": "Polygon", "coordinates": [ [ [ 1527984.39494182751514, 5708259.353365280665457 ], [ 1527978.849815955152735, 5708291.748750608414412 ], [ 1527964.947936548152938, 5708288.251773311756551 ], [ 1527967.240663269767538, 5708277.603420807980001 ], [ 1527967.729345001745969, 5708274.650338746607304 ], [ 1527967.117824361193925, 5708274.55477614980191 ], [ 1527967.939533510245383, 5708269.475749642588198 ], [ 1527968.579333491856232, 5708269.586066253483295 ], [ 1527970.670024529565126, 5708257.289594674482942 ], [ 1527984.39494182751514, 5708259.353365280665457 ] ] ] } },
{ "type": "Feature", "properties": { "building_id": 430 }, "geometry": { "type": "Polygon", "coordinates": [ [ [ 1527988.874908553436399, 5708200.56528945453465 ], [ 1527975.04713918780908, 5708200.502401978708804 ], [ 1527969.910224433289841, 5708200.792476931586862 ], [ 1527969.185383738484234, 5708192.542073277756572 ], [ 1527989.164039257448167, 5708191.301178955473006 ], [ 1527988.874908553436399, 5708200.56528945453465 ] ] ] } },
{ "type": "Feature", "properties": { "building_id": 426 }, "geometry": { "type": "Polygon", "coordinates": [ [ [ 1527973.378328564576805, 5708249.208250624127686 ], [ 1527973.669064933201298, 5708238.041731987148523 ], [ 1527986.567058284766972, 5708238.304368893615901 ], [ 1527986.026345061371103, 5708250.854362017475069 ], [ 1527973.378328564576805, 5708249.208250624127686 ] ] ] } },
{ "type": "Feature", "properties": { "building_id": 429 }, "geometry": { "type": "Polygon", "coordinates": [ [ [ 1527973.921136212535203, 5708214.90248788613826 ], [ 1527974.505756533006206, 5708200.479475674219429 ], [ 1527989.216977362055331, 5708200.570737111382186 ], [ 1527989.714695463189855, 5708214.16707481816411 ], [ 1527973.921136212535203, 5708214.90248788613826 ] ] ] } },
{ "type": "Feature", "properties": { "building_id": 427 }, "geometry": { "type": "Polygon", "coordinates": [ [ [ 1527985.909613689407706, 5708238.408327547833323 ], [ 1527973.93172502098605, 5708238.560846515931189 ], [ 1527974.255264965817332, 5708227.123094690963626 ], [ 1527986.077939589973539, 5708227.769106416031718 ], [ 1527985.909613689407706, 5708238.408327547833323 ] ] ] } },
{ "type": "Feature", "properties": { "building_id": 428 }, "geometry": { "type": "Polygon", "coordinates": [ [ [ 1527986.077939589973539, 5708227.769106416031718 ], [ 1527974.255264965817332, 5708227.123094690963626 ], [ 1527974.518165651708841, 5708219.517758227884769 ], [ 1527986.053962365258485, 5708220.273629141040146 ], [ 1527986.077939589973539, 5708227.769106416031718 ] ] ] } },
{ "type": "Feature", "properties": { "building_id": 421 }, "geometry": { "type": "Polygon", "coordinates": [ [ [ 1527993.241509812651202, 5708279.605240792036057 ], [ 1527991.982269545318559, 5708287.108939071185887 ], [ 1527994.968613584758714, 5708287.585608944296837 ], [ 1527993.126809844514355, 5708295.866741792298853 ], [ 1527979.481244899565354, 5708293.289305975660682 ], [ 1527982.009248635731637, 5708277.681304876692593 ], [ 1527993.241509812651202, 5708279.605240792036057 ] ] ] } },
{ "type": "Feature", "properties": { "building_id": 422 }, "geometry": { "type": "Polygon", "coordinates": [ [ [ 1527993.241509812651202, 5708279.605240792036057 ], [ 1527982.009248635731637, 5708277.681304876692593 ], [ 1527982.810362520860508, 5708272.101317946799099 ], [ 1527988.644129938911647, 5708272.823589754290879 ], [ 1527994.199173223227262, 5708273.14091560151428 ], [ 1527993.241509812651202, 5708279.605240792036057 ] ] ] } },
{ "type": "Feature", "properties": { "building_id": 423 }, "geometry": { "type": "Polygon", "coordinates": [ [ [ 1527982.896106655010954, 5708272.088379848748446 ], [ 1527984.72886795271188, 5708259.873615713790059 ], [ 1527991.427759829210117, 5708261.782564280554652 ], [ 1527988.601597235305235, 5708272.808608692139387 ], [ 1527982.896106655010954, 5708272.088379848748446 ] ] ] } },
{ "type": "Feature", "properties": { "building_id": 424 }, "geometry": { "type": "Polygon", "coordinates": [ [ [ 1527994.199173223227262, 5708273.14091560151428 ], [ 1527988.644129938911647, 5708272.823589754290879 ], [ 1527991.384774698410183, 5708261.796183398924768 ], [ 1527999.187483122339472, 5708264.223334078676999 ], [ 1527996.775795894209296, 5708273.382200111635029 ], [ 1527994.199173223227262, 5708273.14091560151428 ] ] ] } },
{ "type": "Feature", "properties": { "building_id": 435 }, "geometry": { "type": "Polygon", "coordinates": [ [ [ 1528006.559428935637698, 5708260.535947882570326 ], [ 1527991.428890881128609, 5708256.304275637492537 ], [ 1527994.089885101886466, 5708227.782272095791996 ], [ 1527999.96887192549184, 5708228.347913205623627 ], [ 1527999.384053565328941, 5708231.971721516922116 ], [ 1528010.102025480940938, 5708233.958954774774611 ], [ 1528009.295952054671943, 5708238.051262961700559 ], [ 1528006.559428935637698, 5708260.535947882570326 ] ] ] } },
{ "type": "Feature", "properties": { "building_id": 436 }, "geometry": { "type": "Polygon", "coordinates": [ [ [ 1528013.334242264740169, 5708222.496004561893642 ], [ 1528003.621678846655414, 5708220.939592665061355 ], [ 1528004.681360239628702, 5708214.333896913565695 ], [ 1527992.793545217020437, 5708212.399549496360123 ], [ 1527993.852328542619944, 5708205.851061339490116 ], [ 1528001.986197534715757, 5708207.167788170278072 ], [ 1528006.39441033732146, 5708207.881645853631198 ], [ 1528006.773351686540991, 5708205.556194861419499 ], [ 1528015.276892541442066, 5708206.936010376550257 ], [ 1528013.334242264740169, 5708222.496004561893642 ] ] ] } },
{ "type": "Feature", "properties": { "building_id": 437 }, "geometry": { "type": "Polygon", "coordinates": [ [ [ 1527993.785358352120966, 5708194.764720653183758 ], [ 1528003.114422940416262, 5708197.130335655063391 ], [ 1528002.647485347464681, 5708206.82072885800153 ], [ 1527993.790792766259983, 5708207.037279290147126 ], [ 1527993.785358352120966, 5708194.764720653183758 ] ] ] } },
{ "type": "Feature", "properties": { "building_id": 438 }, "geometry": { "type": "Polygon", "coordinates": [ [ [ 1528003.679333148989826, 5708196.567188325338066 ], [ 1527995.559726340463385, 5708195.250691709108651 ], [ 1527996.889534418471158, 5708186.889979582279921 ], [ 1528005.023386733606458, 5708188.206700612790883 ], [ 1528003.868917046114802, 5708195.397314288653433 ], [ 1528003.679333148989826, 5708196.567188325338066 ] ] ] } },
{ "type": "Feature", "properties": { "building_id": 425 }, "geometry": { "type": "Polygon", "coordinates": [ [ [ 1528006.864904622547328, 5708292.595405046828091 ], [ 1527997.073987393407151, 5708289.678872633725405 ], [ 1527999.884078224888071, 5708274.26131296902895 ], [ 1528002.593943818472326, 5708265.178711873479187 ], [ 1528012.239139676094055, 5708268.293161590583622 ], [ 1528009.636297911405563, 5708279.62315440364182 ], [ 1528006.864904622547328, 5708292.595405046828091 ] ] ] } },
{ "type": "Feature", "properties": { "building_id": 494 }, "geometry": { "type": "Polygon", "coordinates": [ [ [ 1528007.236783203901723, 5708260.074712617322803 ], [ 1528008.889859435381368, 5708239.389338776469231 ], [ 1528013.098995554028079, 5708238.26915961317718 ], [ 1528022.777874569175765, 5708241.055141146294773 ], [ 1528021.81164345308207, 5708248.963979199528694 ], [ 1528023.500958424294367, 5708249.419986067339778 ], [ 1528019.92441993416287, 5708263.723923709243536 ], [ 1528019.269232932943851, 5708262.783752468414605 ], [ 1528010.299814850790426, 5708261.110440418124199 ], [ 1528007.236783203901723, 5708260.074712617322803 ] ] ] } },
{ "type": "Feature", "properties": { "building_id": 493 }, "geometry": { "type": "Polygon", "coordinates": [ [ [ 1528006.864904622547328, 5708292.595405046828091 ], [ 1528009.636297911405563, 5708279.62315440364182 ], [ 1528030.939116348745301, 5708284.81130076572299 ], [ 1528028.603485250612721, 5708297.275569004006684 ], [ 1528028.835619732737541, 5708300.626339114271104 ], [ 1528016.901077857706696, 5708298.033289689570665 ], [ 1528016.584123340202495, 5708300.04506971873343 ], [ 1528013.458862906089053, 5708299.337334680370986 ], [ 1528014.540269483346492, 5708294.062172901816666 ], [ 1528006.864904622547328, 5708292.595405046828091 ] ] ] } },
{ "type": "Feature", "properties": { "building_id": 495 }, "geometry": { "type": "Polygon", "coordinates": [ [ [ 1528032.823524856707081, 5708251.299156304448843 ], [ 1528029.693373783491552, 5708267.126398222520947 ], [ 1528020.455630900105461, 5708265.291483043693006 ], [ 1528023.586023732088506, 5708249.449947779998183 ], [ 1528032.823524856707081, 5708251.299156304448843 ] ] ] } },
{ "type": "Feature", "properties": { "building_id": 453 }, "geometry": { "type": "Polygon", "coordinates": [ [ [ 1527964.655727572040632, 5708179.68254448287189 ], [ 1527963.173917803214863, 5708168.816859598271549 ], [ 1527971.756833396153525, 5708166.078559175133705 ], [ 1527987.372260249452665, 5708163.080360548570752 ], [ 1527986.755766937043518, 5708171.409498742781579 ], [ 1527987.11163497180678, 5708171.443773297592998 ], [ 1527986.937659412389621, 5708173.429194019176066 ], [ 1527986.595817882800475, 5708173.409446368925273 ], [ 1527986.25171209149994, 5708178.038313340395689 ], [ 1527964.655727572040632, 5708179.68254448287189 ] ] ] } },
{ "type": "Feature", "properties": { "building_id": 479 }, "geometry": { "type": "Polygon", "coordinates": [ [ [ 1528037.955766577040777, 5708091.753425038419664 ], [ 1528049.14701860700734, 5708083.635609463788569 ], [ 1528053.076075553661212, 5708093.009668668732047 ], [ 1528041.191391792846844, 5708098.098436907865107 ], [ 1528037.955766577040777, 5708091.753425038419664 ] ] ] } },
{ "type": "Feature", "properties": { "building_id": 480 }, "geometry": { "type": "Polygon", "coordinates": [ [ [ 1528053.937569124391302, 5708092.622886640951037 ], [ 1528048.48709852877073, 5708083.896868887357414 ], [ 1528056.931875723646954, 5708077.26579178776592 ], [ 1528061.498027642956004, 5708088.723974917083979 ], [ 1528053.937569124391302, 5708092.622886640951037 ] ] ] } },
{ "type": "Feature", "properties": { "building_id": 482 }, "geometry": { "type": "Polygon", "coordinates": [ [ [ 1528061.512054218910635, 5708088.73850158508867 ], [ 1528057.083002057624981, 5708077.625781998969615 ], [ 1528075.887393398443237, 5708068.584980267100036 ], [ 1528090.655596884666011, 5708065.058227679692209 ], [ 1528100.274082335177809, 5708081.574355543591082 ], [ 1528104.565687398193404, 5708078.839182237163186 ], [ 1528112.341282068984583, 5708092.894417262636125 ], [ 1528103.851239188108593, 5708096.07771463226527 ], [ 1528097.407517368439585, 5708084.346508145332336 ], [ 1528090.715803552651778, 5708087.401069650426507 ], [ 1528092.954895572736859, 5708092.7575688585639 ], [ 1528090.255493574775755, 5708093.973310865461826 ], [ 1528088.890821074135602, 5708091.019394521601498 ], [ 1528086.910836349008605, 5708091.817481982521713 ], [ 1528090.471616427414119, 5708100.141522455960512 ], [ 1528066.502688121516258, 5708106.711512118577957 ], [ 1528065.74500184180215, 5708103.238022518344223 ], [ 1528079.936583037488163, 5708098.314664480276406 ], [ 1528073.963882519630715, 5708083.844682263210416 ], [ 1528068.093382847728208, 5708086.354464340023696 ], [ 1528068.269849676638842, 5708086.915105655789375 ], [ 1528061.512054218910635, 5708088.73850158508867 ] ] ] } },
{ "type": "Feature", "properties": { "building_id": 464 }, "geometry": { "type": "Polygon", "coordinates": [ [ [ 1528067.185332538327202, 5708066.24375834967941 ], [ 1528060.318505834322423, 5708067.750739648006856 ], [ 1528059.746744711650535, 5708058.830644005909562 ], [ 1528066.484604658558965, 5708056.463410794734955 ], [ 1528067.185332538327202, 5708066.24375834967941 ] ] ] } },
{ "type": "Feature", "properties": { "building_id": 463 }, "geometry": { "type": "Polygon", "coordinates": [ [ [ 1528067.185332538327202, 5708066.24375834967941 ], [ 1528066.484604658558965, 5708056.463410794734955 ], [ 1528079.016981987049803, 5708057.292223289608955 ], [ 1528079.354126531863585, 5708063.018931936472654 ], [ 1528067.185332538327202, 5708066.24375834967941 ] ] ] } },
{ "type": "Feature", "properties": { "building_id": 1858 }, "geometry": { "type": "Polygon", "coordinates": [ [ [ 1528071.78713137190789, 5708115.12022259272635 ], [ 1528079.432683874154463, 5708113.05348055716604 ], [ 1528078.287220273865387, 5708108.858646223321557 ], [ 1528083.717941926326603, 5708107.114237453788519 ], [ 1528081.6320144997444, 5708101.989019794389606 ], [ 1528090.473856687312946, 5708098.196293108165264 ], [ 1528099.487035313388333, 5708119.637539000250399 ], [ 1528092.03876963746734, 5708122.751591646112502 ], [ 1528075.086191087262705, 5708127.373576835729182 ], [ 1528071.78713137190789, 5708115.12022259272635 ] ] ] } },
{ "type": "Feature", "properties": { "building_id": 484 }, "geometry": { "type": "Polygon", "coordinates": [ [ [ 1528103.219357383670285, 5708130.639078106731176 ], [ 1528100.597086532274261, 5708131.484165490604937 ], [ 1528101.060205153888091, 5708132.85036486107856 ], [ 1528100.845283398404717, 5708132.918462185189128 ], [ 1528101.333516828948632, 5708134.49961353559047 ], [ 1528097.063585895812139, 5708135.862013159319758 ], [ 1528096.521959096193314, 5708134.051156072877347 ], [ 1528095.776972137391567, 5708134.282459809444845 ], [ 1528095.315436710603535, 5708132.816160834394395 ], [ 1528094.620647120056674, 5708130.774011365137994 ], [ 1528093.72068855096586, 5708130.888420922681689 ], [ 1528092.943547881674021, 5708128.644712720066309 ], [ 1528093.446237561292946, 5708128.409553507342935 ], [ 1528091.208708898164332, 5708122.051816202700138 ], [ 1528091.495346338720992, 5708121.956253560259938 ], [ 1528099.574360237922519, 5708119.524500996805727 ], [ 1528099.989724318031222, 5708119.402379644103348 ], [ 1528102.195124878315255, 5708125.08733896818012 ], [ 1528103.70666389609687, 5708130.475190821103752 ], [ 1528103.219357383670285, 5708130.639078106731176 ] ] ] } },
{ "type": "Feature", "properties": { "building_id": 485 }, "geometry": { "type": "Polygon", "coordinates": [ [ [ 1528109.430413102731109, 5708098.469341755844653 ], [ 1528115.550919429864734, 5708113.513813033699989 ], [ 1528117.01922864234075, 5708117.127340191975236 ], [ 1528105.597191037144512, 5708121.808769026771188 ], [ 1528098.008395609213039, 5708103.150751478970051 ], [ 1528109.430413102731109, 5708098.469341755844653 ] ] ] } },
{ "type": "Feature", "properties": { "building_id": 478 }, "geometry": { "type": "Polygon", "coordinates": [ [ [ 1528104.256996667245403, 5708070.40957928262651 ], [ 1528100.736294351285324, 5708064.961185391992331 ], [ 1528107.697658183285967, 5708061.982431452721357 ], [ 1528110.523739790543914, 5708060.868827674537897 ], [ 1528117.545498262625188, 5708057.67647807393223 ], [ 1528119.762661839136854, 5708063.518918292596936 ], [ 1528104.256996667245403, 5708070.40957928262651 ] ] ] } },
{ "type": "Feature", "properties": { "building_id": 477 }, "geometry": { "type": "Polygon", "coordinates": [ [ [ 1528111.812201167223975, 5708082.172751649282873 ], [ 1528103.979855038458481, 5708069.90455121640116 ], [ 1528120.076911586802453, 5708064.382120016030967 ], [ 1528124.872763329651207, 5708075.743785235099494 ], [ 1528111.812201167223975, 5708082.172751649282873 ] ] ] } },
{ "type": "Feature", "properties": { "building_id": 486 }, "geometry": { "type": "Polygon", "coordinates": [ [ [ 1528115.550919429864734, 5708113.513813033699989 ], [ 1528109.430413102731109, 5708098.469341755844653 ], [ 1528116.61939158802852, 5708095.522798373363912 ], [ 1528120.242197477258742, 5708104.434257749468088 ], [ 1528122.32285527093336, 5708103.580549811013043 ], [ 1528123.641166246961802, 5708106.762582405470312 ], [ 1528123.928720516618341, 5708107.510935937054455 ], [ 1528115.739557217108086, 5708110.598912830464542 ], [ 1528116.585253435187042, 5708113.015346641652286 ], [ 1528115.550919429864734, 5708113.513813033699989 ] ] ] } },
{ "type": "Feature", "properties": { "building_id": 487 }, "geometry": { "type": "Polygon", "coordinates": [ [ [ 1528125.705879334360361, 5708098.799817972816527 ], [ 1528126.885957922087982, 5708101.707884065806866 ], [ 1528122.32285527093336, 5708103.580549811013043 ], [ 1528120.242197477258742, 5708104.434257749468088 ], [ 1528116.61939158802852, 5708095.522798373363912 ], [ 1528123.262920427834615, 5708092.810729813762009 ], [ 1528125.705879334360361, 5708098.799817972816527 ] ] ] } },
{ "type": "Feature", "properties": { "building_id": 1019 }, "geometry": { "type": "Polygon", "coordinates": [ [ [ 1528124.775254755513743, 5708075.599200041033328 ], [ 1528117.328770227497444, 5708057.858973317779601 ], [ 1528122.720763975055888, 5708055.856474123895168 ], [ 1528120.451562201837078, 5708049.698538148775697 ], [ 1528129.232257992262021, 5708046.162282137200236 ], [ 1528134.665457343682647, 5708060.494853641837835 ], [ 1528127.307755061192438, 5708064.196794010698795 ], [ 1528130.549579429673031, 5708072.858999447897077 ], [ 1528124.775254755513743, 5708075.599200041033328 ] ] ] } },
{ "type": "Feature", "properties": { "building_id": 400 }, "geometry": { "type": "Polygon", "coordinates": [ [ [ 1528117.923286641249433, 5708166.360022167675197 ], [ 1528134.524570169625804, 5708161.417669166810811 ], [ 1528136.339089222019538, 5708168.383745371364057 ], [ 1528131.040683625265956, 5708169.872839646413922 ], [ 1528131.571697052102536, 5708172.355799089185894 ], [ 1528127.736569801811129, 5708173.267423502169549 ], [ 1528127.541988679906353, 5708172.048527184873819 ], [ 1528122.371402953518555, 5708173.568257594481111 ], [ 1528122.254641400417313, 5708171.935796768404543 ], [ 1528119.503180537838489, 5708172.836052244529128 ], [ 1528117.923286641249433, 5708166.360022167675197 ] ] ] } },
{ "type": "Feature", "properties": { "building_id": 188 }, "geometry": { "type": "Polygon", "coordinates": [ [ [ 1528141.095120620913804, 5708188.58449559379369 ], [ 1528127.224647846538574, 5708191.224538640119135 ], [ 1528123.09683563397266, 5708181.790033658966422 ], [ 1528131.264350753743201, 5708179.173698178492486 ], [ 1528133.179967873031273, 5708184.253327842801809 ], [ 1528140.914247240871191, 5708181.987679014913738 ], [ 1528142.815406946465373, 5708187.982505979947746 ], [ 1528141.095120620913804, 5708188.58449559379369 ] ] ] } },
{ "type": "Feature", "properties": { "building_id": 1018 }, "geometry": { "type": "Polygon", "coordinates": [ [ [ 1528139.592324583325535, 5708059.057078126817942 ], [ 1528142.810157968197018, 5708066.531712931580842 ], [ 1528145.192144545726478, 5708065.554066517390311 ], [ 1528148.946421249536797, 5708075.168441656045616 ], [ 1528144.203943069558591, 5708077.567484908737242 ], [ 1528143.447163987206295, 5708075.839040036313236 ], [ 1528134.447456112829968, 5708079.700815359130502 ], [ 1528130.551161471521482, 5708072.758900975808501 ], [ 1528127.321781707694754, 5708064.211320536211133 ], [ 1528134.921327077085152, 5708060.541834349744022 ], [ 1528139.162485182518139, 5708059.193273584358394 ], [ 1528139.592324583325535, 5708059.057078126817942 ] ] ] } },
{ "type": "Feature", "properties": { "building_id": 1157 }, "geometry": { "type": "Polygon", "coordinates": [ [ [ 1528035.602924496401101, 5708045.816450216807425 ], [ 1527989.310854690382257, 5708005.401994450949132 ], [ 1527993.073300585849211, 5708000.970685736276209 ], [ 1527992.201179870869964, 5708000.227330910973251 ], [ 1527994.975899394601583, 5707996.953161427751184 ], [ 1527995.848020029487088, 5707997.696515709161758 ], [ 1527999.610685653053224, 5707993.250908266752958 ], [ 1528001.739745730301365, 5707994.743743093684316 ], [ 1528003.17268753494136, 5707992.478040630929172 ], [ 1528005.159893998876214, 5707990.321287059225142 ], [ 1528007.678967079613358, 5707987.886937716975808 ], [ 1528010.187633886002004, 5707986.110371636226773 ], [ 1528012.821631961269304, 5707984.521742879413068 ], [ 1528046.869330130517483, 5707950.907736933790147 ], [ 1528058.10512106702663, 5707962.500537369400263 ], [ 1528014.308031372493133, 5708005.914472097530961 ], [ 1528046.177616649307311, 5708034.313280742615461 ], [ 1528042.333737354027107, 5708038.485872092656791 ], [ 1528043.176908462774009, 5708039.257370947860181 ], [ 1528040.275728607783094, 5708042.415130981244147 ], [ 1528039.446810077177361, 5708041.643858479335904 ], [ 1528035.602924496401101, 5708045.816450216807425 ] ] ] } },
{ "type": "Feature", "properties": { "building_id": 1140 }, "geometry": { "type": "Polygon", "coordinates": [ [ [ 1528085.117360728792846, 5707976.218148074112833 ], [ 1528093.84163335361518, 5707969.934840331785381 ], [ 1528096.177483882987872, 5707971.874339178204536 ], [ 1528101.026796515099704, 5707977.143575333058834 ], [ 1528105.116233875509351, 5707984.488993054255843 ], [ 1528093.78350329096429, 5707989.844011396169662 ], [ 1528090.136579404817894, 5707982.462716526351869 ], [ 1528085.117360728792846, 5707976.218148074112833 ] ] ] } },
{ "type": "Feature", "properties": { "building_id": 1154 }, "geometry": { "type": "Polygon", "coordinates": [ [ [ 1528055.612773325759917, 5707995.701568718999624 ], [ 1528052.931233370210975, 5707992.183193813078105 ], [ 1528052.063870171550661, 5707992.941762508824468 ], [ 1528049.605850365245715, 5707989.713010615669191 ], [ 1528050.459187047556043, 5707988.939915905706584 ], [ 1528047.414321691496298, 5707984.958054789341986 ], [ 1528059.451281512156129, 5707973.835804959759116 ], [ 1528062.930959563236684, 5707977.366874703206122 ], [ 1528064.768387925811112, 5707975.665430569089949 ], [ 1528071.751735565252602, 5707983.014013891108334 ], [ 1528069.958195053506643, 5707984.644643191248178 ], [ 1528066.840081015368924, 5707987.09808112680912 ], [ 1528055.612773325759917, 5707995.701568718999624 ] ] ] } },
{ "type": "Feature", "properties": { "building_id": 1136 }, "geometry": { "type": "Polygon", "coordinates": [ [ [ 1528128.351263434858993, 5707999.977218579500914 ], [ 1528122.673624433577061, 5707990.289404161274433 ], [ 1528129.670193682424724, 5707985.981016480363905 ], [ 1528135.848484805552289, 5707995.56236054841429 ], [ 1528128.351263434858993, 5707999.977218579500914 ] ] ] } },
{ "type": "Feature", "properties": { "building_id": 1138 }, "geometry": { "type": "Polygon", "coordinates": [ [ [ 1528109.909674577414989, 5708005.920024694874883 ], [ 1528107.914194392273203, 5707996.877216618508101 ], [ 1528115.070530647877604, 5707995.088751821778715 ], [ 1528114.38206271477975, 5707991.745139925740659 ], [ 1528112.550441395258531, 5707987.668177991174161 ], [ 1528115.026966316392645, 5707986.119922829791903 ], [ 1528117.030509961070493, 5707989.241301543079317 ], [ 1528119.033828971674666, 5707992.376980557106435 ], [ 1528117.20160580216907, 5707993.749547057785094 ], [ 1528120.239326339913532, 5708001.7934007383883 ], [ 1528120.983650464098901, 5708003.407209101133049 ], [ 1528109.909674577414989, 5708005.920024694874883 ] ] ] } },
{ "type": "Feature", "properties": { "building_id": 1151 }, "geometry": { "type": "Polygon", "coordinates": [ [ [ 1528088.340448982082307, 5708014.916835834272206 ], [ 1528080.764211301226169, 5707995.472545429132879 ], [ 1528090.599998415913433, 5707991.023429342545569 ], [ 1528099.458081064047292, 5708010.545312849804759 ], [ 1528088.340448982082307, 5708014.916835834272206 ] ] ] } },
{ "type": "Feature", "properties": { "building_id": 1152 }, "geometry": { "type": "Polygon", "coordinates": [ [ [ 1528073.062496900558472, 5708004.704302839003503 ], [ 1528070.703304599970579, 5707998.831021995283663 ], [ 1528079.848431062418967, 5707995.686822845600545 ], [ 1528082.57299521821551, 5708001.894889119081199 ], [ 1528087.405666831415147, 5708015.431181101128459 ], [ 1528076.671920491149649, 5708018.06379952840507 ], [ 1528073.062496900558472, 5708004.704302839003503 ] ] ] } },
{ "type": "Feature", "properties": { "building_id": 471 }, "geometry": { "type": "Polygon", "coordinates": [ [ [ 1528128.056776903336868, 5708018.60970276221633 ], [ 1528122.726337500847876, 5708020.327110366895795 ], [ 1528119.073434839956462, 5708008.812059646472335 ], [ 1528125.707405854016542, 5708006.70060072094202 ], [ 1528129.332037097541615, 5708018.20089294295758 ], [ 1528128.056776903336868, 5708018.60970276221633 ] ] ] } },
{ "type": "Feature", "properties": { "building_id": 470 }, "geometry": { "type": "Polygon", "coordinates": [ [ [ 1528122.726337500847876, 5708020.327110366895795 ], [ 1528115.63401252659969, 5708022.57431033719331 ], [ 1528112.00962329399772, 5708011.059707524254918 ], [ 1528119.073434839956462, 5708008.812059646472335 ], [ 1528122.726337500847876, 5708020.327110366895795 ] ] ] } },
{ "type": "Feature", "properties": { "building_id": 469 }, "geometry": { "type": "Polygon", "coordinates": [ [ [ 1528104.259253586409613, 5708035.094655153341591 ], [ 1528102.388000626815483, 5708028.113469230942428 ], [ 1528103.969349234132096, 5708027.280434103682637 ], [ 1528106.718732300680131, 5708026.508894653990865 ], [ 1528102.873533728998154, 5708013.631957519799471 ], [ 1528110.365152696147561, 5708011.376820110715926 ], [ 1528113.915338583756238, 5708023.076186206191778 ], [ 1528116.256961287930608, 5708031.867067067883909 ], [ 1528104.259253586409613, 5708035.094655153341591 ] ] ] } },
{ "type": "Feature", "properties": { "building_id": 1013 }, "geometry": { "type": "Polygon", "coordinates": [ [ [ 1528141.624535311711952, 5708030.597168068401515 ], [ 1528131.724457477219403, 5708033.700825511477888 ], [ 1528129.404134857933968, 5708028.071315962821245 ], [ 1528129.016969317803159, 5708022.801541124470532 ], [ 1528135.575165658490732, 5708020.974931920878589 ], [ 1528144.952854046365246, 5708017.548292154446244 ], [ 1528149.867027676431462, 5708028.640004312619567 ], [ 1528141.624535311711952, 5708030.597168068401515 ] ] ] } },
{ "type": "Feature", "properties": { "building_id": 468 }, "geometry": { "type": "Polygon", "coordinates": [ [ [ 1528104.385789019521326, 5708040.617750882171094 ], [ 1528099.807092946721241, 5708041.674854528158903 ], [ 1528098.465008266968653, 5708035.488765735179186 ], [ 1528094.828138208249584, 5708019.353976149111986 ], [ 1528101.753062885720283, 5708017.776384378783405 ], [ 1528103.969349234132096, 5708027.280434103682637 ], [ 1528102.388000626815483, 5708028.113469230942428 ], [ 1528104.259253586409613, 5708035.094655153341591 ], [ 1528105.645444506313652, 5708040.294515102170408 ], [ 1528104.385789019521326, 5708040.617750882171094 ] ] ] } },
{ "type": "Feature", "properties": { "building_id": 472 }, "geometry": { "type": "Polygon", "coordinates": [ [ [ 1528116.256961287930608, 5708031.867067067883909 ], [ 1528113.915338583756238, 5708023.076186206191778 ], [ 1528115.63401252659969, 5708022.57431033719331 ], [ 1528122.726337500847876, 5708020.327110366895795 ], [ 1528128.056776903336868, 5708018.60970276221633 ], [ 1528129.778925092658028, 5708023.299975648522377 ], [ 1528129.714979992248118, 5708028.247901044785976 ], [ 1528116.256961287930608, 5708031.867067067883909 ] ] ] } },
{ "type": "Feature", "properties": { "building_id": 1988 }, "geometry": { "type": "Polygon", "coordinates": [ [ [ 1528083.116727779619396, 5708032.42676139716059 ], [ 1528080.015878985403106, 5708021.163620977662504 ], [ 1528089.939954032888636, 5708019.247580436989665 ], [ 1528090.187468151794747, 5708020.724758607335389 ], [ 1528091.232101107714698, 5708031.297220489941537 ], [ 1528090.20207053469494, 5708031.523984972387552 ], [ 1528086.428079586010426, 5708032.179090603254735 ], [ 1528085.514104316243902, 5708032.278971696272492 ], [ 1528083.116727779619396, 5708032.42676139716059 ] ] ] } },
{ "type": "Feature", "properties": { "building_id": 467 }, "geometry": { "type": "Polygon", "coordinates": [ [ [ 1528098.465008266968653, 5708035.488765735179186 ], [ 1528094.875169831095263, 5708036.21832225844264 ], [ 1528093.88805865473114, 5708031.024813768453896 ], [ 1528092.159424564801157, 5708031.254764487035573 ], [ 1528089.749255077447742, 5708020.488932179287076 ], [ 1528094.828138208249584, 5708019.353976149111986 ], [ 1528098.465008266968653, 5708035.488765735179186 ] ] ] } },
{ "type": "Feature", "properties": { "building_id": 466 }, "geometry": { "type": "Polygon", "coordinates": [ [ [ 1528072.159674623748288, 5708035.656564829871058 ], [ 1528057.303057693876326, 5708039.367811090312898 ], [ 1528054.016496537951753, 5708027.229195169173181 ], [ 1528075.851410737494007, 5708021.268981629051268 ], [ 1528079.435052608139813, 5708034.456451595760882 ], [ 1528076.385229642037302, 5708035.29471823759377 ], [ 1528074.475154004525393, 5708035.278621484525502 ], [ 1528074.853887427831069, 5708037.47305719461292 ], [ 1528072.486145076807588, 5708037.549799159169197 ], [ 1528072.159674623748288, 5708035.656564829871058 ] ] ] } },
{ "type": "Feature", "properties": { "building_id": 473 }, "geometry": { "type": "Polygon", "coordinates": [ [ [ 1528083.171732257353142, 5708035.259693258441985 ], [ 1528083.126025808276609, 5708034.543799988925457 ], [ 1528085.506653642747551, 5708033.651971281506121 ], [ 1528085.496922553749755, 5708033.365750113502145 ], [ 1528091.448397735599428, 5708032.945543572306633 ], [ 1528091.634832825278863, 5708034.679211639799178 ], [ 1528092.734896913170815, 5708045.352695160545409 ], [ 1528093.243307577213272, 5708051.067817831411958 ], [ 1528087.234809874324128, 5708051.487118950113654 ], [ 1528084.984526516171172, 5708035.116903457790613 ], [ 1528083.171732257353142, 5708035.259693258441985 ] ] ] } },
{ "type": "Feature", "properties": { "building_id": 475 }, "geometry": { "type": "Polygon", "coordinates": [ [ [ 1528134.737314838683233, 5708041.515461054630578 ], [ 1528122.236477699829265, 5708045.907945899292827 ], [ 1528122.071774674579501, 5708045.504832045175135 ], [ 1528115.390734353102744, 5708048.788422171026468 ], [ 1528107.475598881486803, 5708052.581595322117209 ], [ 1528095.40478865429759, 5708055.922442494891584 ], [ 1528093.84778523654677, 5708049.804439841769636 ], [ 1528093.044138312339783, 5708043.827159747481346 ], [ 1528104.157318411627784, 5708042.444941312074661 ], [ 1528105.002970022847876, 5708042.158027729019523 ], [ 1528105.229667485225946, 5708043.148564741946757 ], [ 1528113.021984457271174, 5708041.713492156006396 ], [ 1528115.946471166331321, 5708040.687274882569909 ], [ 1528120.773335973965004, 5708039.26222512498498 ], [ 1528132.087581764208153, 5708035.079720931127667 ], [ 1528134.737314838683233, 5708041.515461054630578 ] ] ] } },
{ "type": "Feature", "properties": { "building_id": 465 }, "geometry": { "type": "Polygon", "coordinates": [ [ [ 1528071.496166408760473, 5708038.849948295392096 ], [ 1528076.698587752413005, 5708038.017336293123662 ], [ 1528077.804485587636009, 5708045.615701085887849 ], [ 1528078.592739395797253, 5708051.664255477488041 ], [ 1528077.309550093486905, 5708051.672439717687666 ], [ 1528070.815549089340493, 5708051.240105479024351 ], [ 1528066.364883609116077, 5708051.412423595786095 ], [ 1528059.440802798140794, 5708049.328351351432502 ], [ 1528057.804831719491631, 5708038.288745571859181 ], [ 1528057.876320901792496, 5708038.275580186396837 ], [ 1528057.851207480067387, 5708038.060630605556071 ], [ 1528071.099329089047387, 5708035.997271267697215 ], [ 1528071.496166408760473, 5708038.849948295392096 ] ] ] } },
{ "type": "Feature", "properties": { "building_id": 593 }, "geometry": { "type": "Polygon", "coordinates": [ [ [ 1528155.003564563114196, 5707881.313030046410859 ], [ 1528149.795239010127261, 5707887.938326583243906 ], [ 1528139.271632114658132, 5707879.088953290134668 ], [ 1528145.557037704391405, 5707872.866985721513629 ], [ 1528148.764560963725671, 5707876.479471481405199 ], [ 1528155.003564563114196, 5707881.313030046410859 ] ] ] } },
{ "type": "Feature", "properties": { "building_id": 1102 }, "geometry": { "type": "Polygon", "coordinates": [ [ [ 1528110.744481134461239, 5707908.914740717969835 ], [ 1528098.620586149860173, 5707903.000578628852963 ], [ 1528098.29844350204803, 5707903.538970549590886 ], [ 1528088.947686982573941, 5707898.956205917522311 ], [ 1528107.448856526752934, 5707881.114296992309391 ], [ 1528123.333007567794994, 5707896.256539929658175 ], [ 1528110.744481134461239, 5707908.914740717969835 ] ] ] } },
{ "type": "Feature", "properties": { "building_id": 1106 }, "geometry": { "type": "Polygon", "coordinates": [ [ [ 1528089.309466607635841, 5707922.061501963064075 ], [ 1528073.32764963619411, 5707912.195451281964779 ], [ 1528088.62485536839813, 5707898.636400174349546 ], [ 1528098.53802172257565, 5707903.714420227333903 ], [ 1528095.561155693139881, 5707909.860297773033381 ], [ 1528090.915516538312659, 5707907.040171356871724 ], [ 1528088.799861794570461, 5707910.110279615968466 ], [ 1528092.577913004206493, 5707912.802176781930029 ], [ 1528091.645413059042767, 5707914.074618605896831 ], [ 1528093.026325838873163, 5707915.097812655381858 ], [ 1528089.687715932261199, 5707921.581214684061706 ], [ 1528089.309466607635841, 5707922.061501963064075 ] ] ] } },
{ "type": "Feature", "properties": { "building_id": 1103 }, "geometry": { "type": "Polygon", "coordinates": [ [ [ 1528106.9304184387438, 5707920.225038049742579 ], [ 1528095.549467027885839, 5707916.010455002076924 ], [ 1528092.630875063594431, 5707914.862669627182186 ], [ 1528095.183800410944968, 5707909.382289935834706 ], [ 1528098.18329405435361, 5707903.608653740026057 ], [ 1528111.294661776395515, 5707908.379976430907845 ], [ 1528106.9304184387438, 5707920.225038049742579 ] ] ] } },
{ "type": "Feature", "properties": { "building_id": 1116 }, "geometry": { "type": "Polygon", "coordinates": [ [ [ 1528138.823557481635362, 5707923.678907968103886 ], [ 1528123.707149558933452, 5707923.095143035054207 ], [ 1528124.137932099401951, 5707911.17318600229919 ], [ 1528139.269024348817766, 5707911.728576799854636 ], [ 1528138.823557481635362, 5707923.678907968103886 ] ] ] } },
{ "type": "Feature", "properties": { "building_id": 1108 }, "geometry": { "type": "Polygon", "coordinates": [ [ [ 1528070.044119689147919, 5707931.423820939846337 ], [ 1528067.43752980302088, 5707933.985508139245212 ], [ 1528059.74612382100895, 5707926.33962815720588 ], [ 1528072.017131907399744, 5707914.834974625147879 ], [ 1528079.166946479352191, 5707922.472214825451374 ], [ 1528070.044119689147919, 5707931.423820939846337 ] ] ] } },
{ "type": "Feature", "properties": { "building_id": 1104 }, "geometry": { "type": "Polygon", "coordinates": [ [ [ 1528104.628413703059778, 5707927.869195399805903 ], [ 1528092.819202633341774, 5707923.690700164064765 ], [ 1528095.363733460428193, 5707916.036105644889176 ], [ 1528107.229041303042322, 5707920.272699109278619 ], [ 1528104.628413703059778, 5707927.869195399805903 ] ] ] } },
{ "type": "Feature", "properties": { "building_id": 2100 }, "geometry": { "type": "Polygon", "coordinates": [ [ [ 1528070.119007866596803, 5707932.097261088900268 ], [ 1528080.081588830566034, 5707922.329436808824539 ], [ 1528090.057962764753029, 5707933.329990275204182 ], [ 1528081.093495083739981, 5707942.184016396291554 ], [ 1528070.119007866596803, 5707932.097261088900268 ] ] ] } },
{ "type": "Feature", "properties": { "building_id": 1115 }, "geometry": { "type": "Polygon", "coordinates": [ [ [ 1528138.23783979867585, 5707936.385091277770698 ], [ 1528123.19425485166721, 5707935.702361043542624 ], [ 1528123.707149558933452, 5707923.095143035054207 ], [ 1528138.823557481635362, 5707923.678907968103886 ], [ 1528138.23783979867585, 5707936.385091277770698 ] ] ] } },
{ "type": "Feature", "properties": { "building_id": 1980 }, "geometry": { "type": "Polygon", "coordinates": [ [ [ 1528062.514295868575573, 5707956.835136744193733 ], [ 1528043.841410520719364, 5707941.347923536784947 ], [ 1528059.784351487644017, 5707925.725201420485973 ], [ 1528070.095971420640126, 5707936.25911327265203 ], [ 1528070.487118253251538, 5707935.864850289188325 ], [ 1528076.128429776988924, 5707941.532869996502995 ], [ 1528062.514295868575573, 5707956.835136744193733 ] ] ] } },
{ "type": "Feature", "properties": { "building_id": 1112 }, "geometry": { "type": "Polygon", "coordinates": [ [ [ 1528093.909083938691765, 5707935.007532290183008 ], [ 1528098.46842140913941, 5707927.957115313969553 ], [ 1528110.891437729820609, 5707934.791455522179604 ], [ 1528107.445655352436006, 5707945.349577093496919 ], [ 1528093.909083938691765, 5707935.007532290183008 ] ] ] } },
{ "type": "Feature", "properties": { "building_id": 1144 }, "geometry": { "type": "Polygon", "coordinates": [ [ [ 1528088.462592672556639, 5707953.085888279601932 ], [ 1528087.999505256069824, 5707953.521917499601841 ], [ 1528081.935250813607126, 5707959.275414163246751 ], [ 1528081.346367705846205, 5707958.651004740968347 ], [ 1528077.168534840457141, 5707954.193434044718742 ], [ 1528074.831833070842549, 5707956.81663800124079 ], [ 1528069.824965674895793, 5707962.415318959392607 ], [ 1528069.636291808914393, 5707962.62686403375119 ], [ 1528062.601619636174291, 5707956.72210112400353 ], [ 1528062.790293539641425, 5707956.51055634021759 ], [ 1528075.824380305595696, 5707941.8283974789083 ], [ 1528076.245388572104275, 5707941.348790243268013 ], [ 1528088.462592672556639, 5707953.085888279601932 ] ] ] } },
{ "type": "Feature", "properties": { "building_id": 1127 }, "geometry": { "type": "Polygon", "coordinates": [ [ [ 1528144.254627660149708, 5707961.597192632965744 ], [ 1528141.307633826043457, 5707967.657780843786895 ], [ 1528134.678111115703359, 5707963.175533814355731 ], [ 1528127.745916916523129, 5707959.804118067026138 ], [ 1528130.438151584239677, 5707951.822859524749219 ], [ 1528133.686453531496227, 5707943.836150517687201 ], [ 1528137.855420505395159, 5707944.345871742814779 ], [ 1528136.489729912718758, 5707947.771211072802544 ], [ 1528135.89597703050822, 5707953.769102431833744 ], [ 1528137.806728783296421, 5707954.643387980759144 ], [ 1528137.325820798519999, 5707958.011290890164673 ], [ 1528144.254627660149708, 5707961.597192632965744 ] ] ] } },
{ "type": "Feature", "properties": { "building_id": 1128 }, "geometry": { "type": "Polygon", "coordinates": [ [ [ 1528114.490758840693161, 5707951.497617219574749 ], [ 1528116.751638749614358, 5707947.357060985639691 ], [ 1528121.78322664485313, 5707948.309610308147967 ], [ 1528130.438151584239677, 5707951.822859524749219 ], [ 1528127.745916916523129, 5707959.804118067026138 ], [ 1528114.490758840693161, 5707951.497617219574749 ] ] ] } },
{ "type": "Feature", "properties": { "building_id": 1135 }, "geometry": { "type": "Polygon", "coordinates": [ [ [ 1528126.010897183557972, 5707970.360887135379016 ], [ 1528122.356474215164781, 5707976.982348846271634 ], [ 1528105.27069157641381, 5707962.993710838258266 ], [ 1528112.016076953615993, 5707954.733671877533197 ], [ 1528130.050824549747631, 5707964.60375423822552 ], [ 1528126.010897183557972, 5707970.360887135379016 ] ] ] } },
{ "type": "Feature", "properties": { "building_id": 1141 }, "geometry": { "type": "Polygon", "coordinates": [ [ [ 1528074.919254288543016, 5707966.615722157992423 ], [ 1528081.212433837587014, 5707958.105351759120822 ], [ 1528082.153107529506087, 5707959.021423755213618 ], [ 1528086.782729625236243, 5707963.757945267483592 ], [ 1528086.347016205545515, 5707964.265926581807435 ], [ 1528093.365423106355593, 5707970.299145742319524 ], [ 1528085.564388375030831, 5707975.896288114599884 ], [ 1528081.960950823966414, 5707972.077193835750222 ], [ 1528074.919254288543016, 5707966.615722157992423 ] ] ] } },
{ "type": "Feature", "properties": { "building_id": 1130 }, "geometry": { "type": "Polygon", "coordinates": [ [ [ 1528139.346380601404235, 5707977.195433661341667 ], [ 1528130.885509898420423, 5707972.226342180743814 ], [ 1528128.248852236429229, 5707975.788805996067822 ], [ 1528126.035473970463499, 5707979.629766123369336 ], [ 1528122.356474215164781, 5707976.982348846271634 ], [ 1528126.010897183557972, 5707970.360887135379016 ], [ 1528130.050824549747631, 5707964.60375423822552 ], [ 1528139.647142513655126, 5707969.891272933222353 ], [ 1528142.806485025910661, 5707972.044104903005064 ], [ 1528140.932883484754711, 5707974.23129850346595 ], [ 1528139.346380601404235, 5707977.195433661341667 ] ] ] } },
{ "type": "Feature", "properties": { "building_id": 591 }, "geometry": { "type": "Polygon", "coordinates": [ [ [ 1528130.36355502391234, 5707857.321021646261215 ], [ 1528145.615063982084394, 5707841.229595056734979 ], [ 1528152.619875692296773, 5707849.02174055762589 ], [ 1528149.423565078293905, 5707851.917320474050939 ], [ 1528151.233643240761012, 5707853.748294811695814 ], [ 1528148.164697562577203, 5707856.703113902360201 ], [ 1528152.429391318466514, 5707861.076166525483131 ], [ 1528153.602359101874754, 5707859.921975152567029 ], [ 1528158.555028014350682, 5707864.963909858837724 ], [ 1528147.951708177803084, 5707875.594054310582578 ], [ 1528130.36355502391234, 5707857.321021646261215 ] ] ] } },
{ "type": "Feature", "properties": { "building_id": 592 }, "geometry": { "type": "Polygon", "coordinates": [ [ [ 1528120.444070788798854, 5707866.174122197553515 ], [ 1528129.804083724273369, 5707856.639878262765706 ], [ 1528135.192457984434441, 5707862.074938028119504 ], [ 1528135.523425542050973, 5707861.879960658960044 ], [ 1528145.98255842202343, 5707872.101389455609024 ], [ 1528138.110200521536171, 5707880.414965614676476 ], [ 1528136.323261494748294, 5707882.531999292783439 ], [ 1528135.892074625473469, 5707882.753988943062723 ], [ 1528120.444070788798854, 5707866.174122197553515 ] ] ] } },
{ "type": "Feature", "properties": { "building_id": 251 }, "geometry": { "type": "Polygon", "coordinates": [ [ [ 1528889.647286664461717, 5708383.334497873671353 ], [ 1528890.659620060585439, 5708373.35211880505085 ], [ 1528901.034324375912547, 5708375.433005127124488 ], [ 1528899.172654559835792, 5708385.030047404579818 ], [ 1528889.647286664461717, 5708383.334497873671353 ] ] ] } },
{ "type": "Feature", "properties": { "building_id": 2068 }, "geometry": { "type": "Polygon", "coordinates": [ [ [ 1528898.187208419432864, 5708387.86092487629503 ], [ 1528901.249246187973768, 5708375.364886649884284 ], [ 1528912.632111102109775, 5708377.704878048971295 ], [ 1528912.760971691692248, 5708376.762862181290984 ], [ 1528916.913913428084925, 5708377.400724034756422 ], [ 1528916.153631958644837, 5708389.489768407307565 ], [ 1528905.380226003937423, 5708389.190572443418205 ], [ 1528898.187208419432864, 5708387.86092487629503 ] ] ] } },
{ "type": "Feature", "properties": { "building_id": 222 }, "geometry": { "type": "Polygon", "coordinates": [ [ [ 1528677.732005664380267, 5708378.090358594432473 ], [ 1528686.895242746686563, 5708375.617971727624536 ], [ 1528689.184081362560391, 5708375.125001155771315 ], [ 1528692.342546222032979, 5708382.784708370454609 ], [ 1528680.156638287939131, 5708387.083006599918008 ], [ 1528677.732005664380267, 5708378.090358594432473 ] ] ] } },
{ "type": "Feature", "properties": { "building_id": 238 }, "geometry": { "type": "Polygon", "coordinates": [ [ [ 1528811.317512682173401, 5708386.257030116394162 ], [ 1528809.807572914054617, 5708386.175906774587929 ], [ 1528809.633263846160844, 5708390.006585750728846 ], [ 1528794.374601587885991, 5708389.350158260203898 ], [ 1528781.305086027598009, 5708389.100275124423206 ], [ 1528781.388184132520109, 5708384.724605450406671 ], [ 1528794.100913387723267, 5708384.997446207329631 ], [ 1528794.183941318653524, 5708382.438368311151862 ], [ 1528811.437589650973678, 5708383.154991294257343 ], [ 1528811.317512682173401, 5708386.257030116394162 ] ] ] } },
{ "type": "Feature", "properties": { "building_id": 233 }, "geometry": { "type": "Polygon", "coordinates": [ [ [ 1528841.90228363731876, 5708395.066102189011872 ], [ 1528841.303470368264243, 5708386.002266514115036 ], [ 1528858.543827773770317, 5708384.844780710525811 ], [ 1528859.142433577217162, 5708393.92291465215385 ], [ 1528841.90228363731876, 5708395.066102189011872 ] ] ] } },
{ "type": "Feature", "properties": { "building_id": 218 }, "geometry": { "type": "Polygon", "coordinates": [ [ [ 1528695.62174259009771, 5708400.88817294780165 ], [ 1528689.711233964888379, 5708386.919740290381014 ], [ 1528699.173272859072313, 5708383.579537445679307 ], [ 1528701.895966440206394, 5708393.563876150175929 ], [ 1528700.431558800162748, 5708394.212953863665462 ], [ 1528701.225521071115509, 5708398.116192941553891 ], [ 1528695.62174259009771, 5708400.88817294780165 ] ] ] } },
{ "type": "Feature", "properties": { "building_id": 234 }, "geometry": { "type": "Polygon", "coordinates": [ [ [ 1528842.130451643373817, 5708398.688598430715501 ], [ 1528834.25412577483803, 5708399.107459728606045 ], [ 1528833.55498467059806, 5708386.451758081093431 ], [ 1528841.303470368264243, 5708386.002266514115036 ], [ 1528841.90228363731876, 5708395.066102189011872 ], [ 1528842.130451643373817, 5708398.688598430715501 ] ] ] } },
{ "type": "Feature", "properties": { "building_id": 236 }, "geometry": { "type": "Polygon", "coordinates": [ [ [ 1528825.374759263591841, 5708400.75487291906029 ], [ 1528825.963733374839649, 5708386.875124495476484 ], [ 1528833.55498467059806, 5708386.451758081093431 ], [ 1528834.25412577483803, 5708399.107459728606045 ], [ 1528834.519006991060451, 5708405.83448579814285 ], [ 1528825.248331554699689, 5708406.073922464624047 ], [ 1528825.374759263591841, 5708400.75487291906029 ] ] ] } },
{ "type": "Feature", "properties": { "building_id": 237 }, "geometry": { "type": "Polygon", "coordinates": [ [ [ 1528809.633263846160844, 5708390.006585750728846 ], [ 1528809.807572914054617, 5708386.175906774587929 ], [ 1528811.317512682173401, 5708386.257030116394162 ], [ 1528825.963733374839649, 5708386.875124495476484 ], [ 1528825.374759263591841, 5708400.75487291906029 ], [ 1528809.203870756085962, 5708400.084027654491365 ], [ 1528809.633263846160844, 5708390.006585750728846 ] ] ] } },
{ "type": "Feature", "properties": { "building_id": 217 }, "geometry": { "type": "Polygon", "coordinates": [ [ [ 1528690.017735553206876, 5708403.674450564198196 ], [ 1528684.249540831660852, 5708389.722569111734629 ], [ 1528683.837254216894507, 5708388.743371507152915 ], [ 1528689.711233964888379, 5708386.919740290381014 ], [ 1528695.62174259009771, 5708400.88817294780165 ], [ 1528690.017735553206876, 5708403.674450564198196 ] ] ] } },
{ "type": "Feature", "properties": { "building_id": 253 }, "geometry": { "type": "Polygon", "coordinates": [ [ [ 1528907.567250726046041, 5708404.244262254796922 ], [ 1528906.332769268192351, 5708392.08072448708117 ], [ 1528919.60084829875268, 5708391.489636599086225 ], [ 1528921.280251399148256, 5708402.558810614980757 ], [ 1528907.567250726046041, 5708404.244262254796922 ] ] ] } },
{ "type": "Feature", "properties": { "building_id": 252 }, "geometry": { "type": "Polygon", "coordinates": [ [ [ 1528907.567250726046041, 5708404.244262254796922 ], [ 1528899.900315944803879, 5708405.853719062171876 ], [ 1528899.195370696019381, 5708392.654373710043728 ], [ 1528906.332769268192351, 5708392.08072448708117 ], [ 1528907.567250726046041, 5708404.244262254796922 ] ] ] } },
{ "type": "Feature", "properties": { "building_id": 216 }, "geometry": { "type": "Polygon", "coordinates": [ [ [ 1528684.318455251632258, 5708406.173137520439923 ], [ 1528678.081938447663561, 5708392.085091348737478 ], [ 1528684.249540831660852, 5708389.722569111734629 ], [ 1528690.017735553206876, 5708403.674450564198196 ], [ 1528684.318455251632258, 5708406.173137520439923 ] ] ] } },
{ "type": "Feature", "properties": { "building_id": 215 }, "geometry": { "type": "Polygon", "coordinates": [ [ [ 1528678.766707856673747, 5708411.97836337890476 ], [ 1528671.624315191060305, 5708394.757698836736381 ], [ 1528678.081938447663561, 5708392.085091348737478 ], [ 1528684.318455251632258, 5708406.173137520439923 ], [ 1528685.516160337487236, 5708408.881253133527935 ], [ 1528678.766707856673747, 5708411.97836337890476 ] ] ] } },
{ "type": "Feature", "properties": { "building_id": 235 }, "geometry": { "type": "Polygon", "coordinates": [ [ [ 1528834.519006991060451, 5708405.83448579814285 ], [ 1528834.25412577483803, 5708399.107459728606045 ], [ 1528842.130451643373817, 5708398.688598430715501 ], [ 1528845.945968501735479, 5708405.371702836826444 ], [ 1528834.519006991060451, 5708405.83448579814285 ] ] ] } },
{ "type": "Feature", "properties": { "building_id": 264 }, "geometry": { "type": "Polygon", "coordinates": [ [ [ 1528973.966481153154746, 5708419.326775423251092 ], [ 1528971.111334790708497, 5708419.567698370665312 ], [ 1528971.103821993805468, 5708419.138461767695844 ], [ 1528970.645696232095361, 5708404.741478373296559 ], [ 1528970.6273004533723, 5708404.097511822357774 ], [ 1528977.382212651893497, 5708404.275862383656204 ], [ 1528977.391747791087255, 5708404.576395132578909 ], [ 1528977.998483146540821, 5708418.589522175490856 ], [ 1528977.94147009565495, 5708418.588620520196855 ], [ 1528977.935403970768675, 5708418.974730565212667 ], [ 1528973.966481153154746, 5708419.326775423251092 ] ] ] } },
{ "type": "Feature", "properties": { "building_id": 249 }, "geometry": { "type": "Polygon", "coordinates": [ [ [ 1528837.777019447879866, 5708421.677587538026273 ], [ 1528837.76062752911821, 5708418.187169825658202 ], [ 1528825.131794054061174, 5708418.015846156515181 ], [ 1528825.231347679160535, 5708410.779639602638781 ], [ 1528855.192790627479553, 5708411.182420337572694 ], [ 1528854.952217516489327, 5708429.201561064459383 ], [ 1528835.281801484059542, 5708428.947397380135953 ], [ 1528835.382471665274352, 5708421.639679975807667 ], [ 1528837.777019447879866, 5708421.677587538026273 ] ] ] } },
{ "type": "Feature", "properties": { "building_id": 223 }, "geometry": { "type": "Polygon", "coordinates": [ [ [ 1528686.96695891325362, 5708375.590500536374748 ], [ 1528677.546263982541859, 5708378.116022578440607 ], [ 1528677.274327751481906, 5708378.183232075534761 ], [ 1528675.034090894972906, 5708369.250730005092919 ], [ 1528674.065570518607274, 5708366.474738 ], [ 1528677.093476845184341, 5708365.221077028661966 ], [ 1528676.378880036296323, 5708363.521898619830608 ], [ 1528679.069524427177384, 5708360.145924772135913 ], [ 1528680.889581381808966, 5708359.545400919392705 ], [ 1528680.298915792023763, 5708357.21881952881813 ], [ 1528678.136108204489574, 5708357.856822520494461 ], [ 1528678.445468707242981, 5708359.034639451652765 ], [ 1528677.200040827039629, 5708359.358193214982748 ], [ 1528676.559343230444938, 5708356.587400047108531 ], [ 1528680.090002573793754, 5708355.999683338217437 ], [ 1528682.508915956364945, 5708355.394346415065229 ], [ 1528683.238753284560516, 5708355.219963107258081 ], [ 1528683.424944752361625, 5708355.165698551572859 ], [ 1528686.266521092038602, 5708363.936068289913237 ], [ 1528686.066076295915991, 5708363.990107078105211 ], [ 1528685.435560164041817, 5708364.194672470912337 ], [ 1528683.384975425433367, 5708364.9488864261657 ], [ 1528685.361785381566733, 5708369.786306045018137 ], [ 1528687.238894997164607, 5708375.523290759883821 ], [ 1528686.96695891325362, 5708375.590500536374748 ] ] ] } },
{ "type": "Feature", "properties": { "building_id": 1469 }, "geometry": { "type": "Polygon", "coordinates": [ [ [ 1528797.33657391439192, 5708344.254133643582463 ], [ 1528797.879848730750382, 5708345.063749654218554 ], [ 1528799.969454683596268, 5708348.172157667577267 ], [ 1528804.079429659992456, 5708354.259144706651568 ], [ 1528805.665066488320008, 5708365.84174847509712 ], [ 1528804.63613888528198, 5708365.997102307155728 ], [ 1528804.687752885511145, 5708366.341211782768369 ], [ 1528804.853698853170499, 5708367.573969926685095 ], [ 1528794.464952511480078, 5708370.012765771709383 ], [ 1528794.199235714506358, 5708368.778427184559405 ], [ 1528792.104468645062298, 5708356.029145226813853 ], [ 1528789.858192771673203, 5708346.567357403226197 ], [ 1528789.818132969085127, 5708346.3950772928074 ], [ 1528789.604255745187402, 5708345.490550328046083 ], [ 1528790.919143826700747, 5708345.282511764205992 ], [ 1528790.828145548235625, 5708344.723222211934626 ], [ 1528795.445181105518714, 5708343.952410793863237 ], [ 1528795.535729748429731, 5708344.540300747379661 ], [ 1528797.33657391439192, 5708344.254133643582463 ] ] ] } },
{ "type": "Feature", "properties": { "building_id": 224 }, "geometry": { "type": "Polygon", "coordinates": [ [ [ 1528789.073408045107499, 5708380.140339899808168 ], [ 1528789.244945933343843, 5708375.580124898813665 ], [ 1528791.282251532189548, 5708375.66960290633142 ], [ 1528791.422662511235103, 5708372.181685995310545 ], [ 1528805.648829278768972, 5708371.40568738617003 ], [ 1528805.483782914699987, 5708370.115727583877742 ], [ 1528811.109574587084353, 5708368.659990166313946 ], [ 1528811.193337948294356, 5708374.211210333742201 ], [ 1528807.469432985177264, 5708374.395412437617779 ], [ 1528807.160341835580766, 5708381.356498335488141 ], [ 1528791.062861084938049, 5708381.459192616865039 ], [ 1528791.110714677488431, 5708380.229818012565374 ], [ 1528789.073408045107499, 5708380.140339899808168 ] ] ] } },
{ "type": "Feature", "properties": { "building_id": 1470 }, "geometry": { "type": "Polygon", "coordinates": [ [ [ 1528828.23976432858035, 5708343.684952147305012 ], [ 1528831.04622624325566, 5708352.883823123760521 ], [ 1528831.037455049576238, 5708353.441533294506371 ], [ 1528817.348972478881478, 5708355.384693732485175 ], [ 1528819.075642709853128, 5708365.253068490885198 ], [ 1528807.524276975775138, 5708365.470679765567183 ], [ 1528805.200602974975482, 5708350.958411317318678 ], [ 1528802.517187311779708, 5708351.159086109139025 ], [ 1528801.176616402342916, 5708347.561904945410788 ], [ 1528800.123215021798387, 5708344.741677870973945 ], [ 1528803.334363213041797, 5708343.619612829759717 ], [ 1528805.478631853591651, 5708343.253059182316065 ], [ 1528808.410421702079475, 5708342.670113655738533 ], [ 1528811.771154764574021, 5708342.008136032149196 ], [ 1528814.817418738035485, 5708341.398393386974931 ], [ 1528814.371499935165048, 5708338.931079392321408 ], [ 1528824.807912482647225, 5708336.178339907899499 ], [ 1528826.722634447738528, 5708344.061440027318895 ], [ 1528828.23976432858035, 5708343.684952147305012 ] ] ] } },
{ "type": "Feature", "properties": { "building_id": 227 }, "geometry": { "type": "Polygon", "coordinates": [ [ [ 1528807.152755040675402, 5708380.02611876744777 ], [ 1528807.245880869450048, 5708374.105795621871948 ], [ 1528810.825229459442198, 5708374.048039460554719 ], [ 1528817.370139963459224, 5708373.980020263232291 ], [ 1528818.253376561682671, 5708381.274669155478477 ], [ 1528807.152755040675402, 5708380.02611876744777 ] ] ] } },
{ "type": "Feature", "properties": { "building_id": 225 }, "geometry": { "type": "Polygon", "coordinates": [ [ [ 1528817.370139963459224, 5708373.980020263232291 ], [ 1528810.825229459442198, 5708374.048039460554719 ], [ 1528811.027961696963757, 5708369.316674876958132 ], [ 1528824.732602938311175, 5708368.16048841457814 ], [ 1528824.941420953953639, 5708373.012799197807908 ], [ 1528824.226737592602149, 5708373.13021897431463 ], [ 1528817.370139963459224, 5708373.980020263232291 ] ] ] } },
{ "type": "Feature", "properties": { "building_id": 228 }, "geometry": { "type": "Polygon", "coordinates": [ [ [ 1528818.253376561682671, 5708381.274669155478477 ], [ 1528817.370139963459224, 5708373.980020263232291 ], [ 1528824.226737592602149, 5708373.13021897431463 ], [ 1528824.527256737928838, 5708381.216657337732613 ], [ 1528818.253376561682671, 5708381.274669155478477 ] ] ] } },
{ "type": "Feature", "properties": { "building_id": 226 }, "geometry": { "type": "Polygon", "coordinates": [ [ [ 1528829.228621121728793, 5708372.365480533801019 ], [ 1528824.941420953953639, 5708373.012799197807908 ], [ 1528824.732602938311175, 5708368.16048841457814 ], [ 1528834.585510612232611, 5708367.157863023690879 ], [ 1528835.086369385709986, 5708371.571376921609044 ], [ 1528829.228621121728793, 5708372.365480533801019 ] ] ] } },
{ "type": "Feature", "properties": { "building_id": 231 }, "geometry": { "type": "Polygon", "coordinates": [ [ [ 1528836.139058323809877, 5708383.503157140687108 ], [ 1528835.421281206188723, 5708382.004191861487925 ], [ 1528831.793997093336657, 5708382.390188034623861 ], [ 1528831.511997473891824, 5708381.284325886517763 ], [ 1528829.24287430383265, 5708372.3657061830163 ], [ 1528835.100622566882521, 5708371.571602560579777 ], [ 1528842.663354214280844, 5708371.147777610458434 ], [ 1528847.147848078748211, 5708370.646612101234496 ], [ 1528849.761572550516576, 5708382.131072171032429 ], [ 1528843.462954383343458, 5708383.762135718017817 ], [ 1528837.743597805034369, 5708383.914762571454048 ], [ 1528836.139058323809877, 5708383.503157140687108 ] ] ] } },
{ "type": "Feature", "properties": { "building_id": 1474 }, "geometry": { "type": "Polygon", "coordinates": [ [ [ 1528846.587014633696526, 5708363.700370292179286 ], [ 1528846.608014145167544, 5708363.271587576717138 ], [ 1528842.691982014337555, 5708355.728693925775588 ], [ 1528843.965910076163709, 5708355.405568294227123 ], [ 1528843.247823408804834, 5708353.01976646669209 ], [ 1528842.600917387986556, 5708349.733951563946903 ], [ 1528852.29701847420074, 5708348.728826379403472 ], [ 1528852.611573674716055, 5708337.791394202969968 ], [ 1528858.791897028684616, 5708339.147953622974455 ], [ 1528858.658534225076437, 5708340.375969534739852 ], [ 1528867.404199794866145, 5708341.787431458942592 ], [ 1528865.848552474519238, 5708355.494471276178956 ], [ 1528855.8256602473557, 5708355.521779217757285 ], [ 1528856.060425235889852, 5708364.165009615942836 ], [ 1528846.587014633696526, 5708363.700370292179286 ] ] ] } },
{ "type": "Feature", "properties": { "building_id": 232 }, "geometry": { "type": "Polygon", "coordinates": [ [ [ 1528849.752127842977643, 5708382.731685109436512 ], [ 1528847.170646604849026, 5708370.103426745161414 ], [ 1528857.654153982643038, 5708369.797342320904136 ], [ 1528858.613309491192922, 5708380.425985282287002 ], [ 1528849.752127842977643, 5708382.731685109436512 ] ] ] } },
{ "type": "Feature", "properties": { "building_id": 250 }, "geometry": { "type": "Polygon", "coordinates": [ [ [ 1528890.673873247113079, 5708373.352344356477261 ], [ 1528889.66153986658901, 5708383.334723426960409 ], [ 1528889.362987169064581, 5708384.188231082633138 ], [ 1528869.022053368622437, 5708381.24870905932039 ], [ 1528869.926728001795709, 5708369.047534257173538 ], [ 1528880.177325985627249, 5708369.953564077615738 ], [ 1528890.673873247113079, 5708373.352344356477261 ] ] ] } },
{ "type": "Feature", "properties": { "building_id": 1438 }, "geometry": { "type": "Polygon", "coordinates": [ [ [ 1528878.103874579770491, 5708365.815546436235309 ], [ 1528879.718177104601637, 5708357.444743334315717 ], [ 1528889.49692513467744, 5708359.344561951234937 ], [ 1528888.519392674090341, 5708364.392650295048952 ], [ 1528887.868378169601783, 5708367.715143165551126 ], [ 1528878.103874579770491, 5708365.815546436235309 ] ] ] } },
{ "type": "Feature", "properties": { "building_id": 147 }, "geometry": { "type": "Polygon", "coordinates": [ [ [ 1528191.135377293452621, 5708293.253487420268357 ], [ 1528190.065011566504836, 5708312.274745687842369 ], [ 1528167.217800663784146, 5708310.981627805158496 ], [ 1528171.047407995909452, 5708291.47502426058054 ], [ 1528191.135377293452621, 5708293.253487420268357 ] ] ] } },
{ "type": "Feature", "properties": { "building_id": 155 }, "geometry": { "type": "Polygon", "coordinates": [ [ [ 1528163.318496759748086, 5708306.928858704864979 ], [ 1528155.243524625198916, 5708303.68219611607492 ], [ 1528155.28985009342432, 5708300.750666103325784 ], [ 1528152.016623793635517, 5708300.383915663696826 ], [ 1528151.795064422301948, 5708296.361041685566306 ], [ 1528166.321403036592528, 5708297.335901701822877 ], [ 1528164.167804387630895, 5708307.314265412278473 ], [ 1528163.318496759748086, 5708306.928858704864979 ] ] ] } },
{ "type": "Feature", "properties": { "building_id": 139 }, "geometry": { "type": "Polygon", "coordinates": [ [ [ 1528266.944400176638737, 5708305.472639213316143 ], [ 1528267.551774805644527, 5708310.345568153075874 ], [ 1528268.094741954701021, 5708317.491774342954159 ], [ 1528268.072245315881446, 5708321.625205853022635 ], [ 1528260.998683499405161, 5708322.671378013677895 ], [ 1528260.212398466421291, 5708319.197367265820503 ], [ 1528258.567875989247113, 5708319.514517269097269 ], [ 1528257.505536809796467, 5708314.562832008115947 ], [ 1528252.988697500666603, 5708315.306347114033997 ], [ 1528251.891402014298365, 5708306.248931393958628 ], [ 1528251.968286702875048, 5708304.991423891857266 ], [ 1528252.569172869436443, 5708304.857938261702657 ], [ 1528258.446368984412402, 5708303.735543111339211 ], [ 1528257.95036775059998, 5708300.838303196243942 ], [ 1528265.712574496399611, 5708299.517007101327181 ], [ 1528266.944400176638737, 5708305.472639213316143 ] ] ] } },
{ "type": "Feature", "properties": { "building_id": 153 }, "geometry": { "type": "Polygon", "coordinates": [ [ [ 1528143.467396338703111, 5708306.398524269461632 ], [ 1528143.784924302017316, 5708299.838157836347818 ], [ 1528155.845266489079222, 5708300.788108640350401 ], [ 1528155.358921242179349, 5708304.499345154501498 ], [ 1528163.531840502051637, 5708306.960859692655504 ], [ 1528162.556166181107983, 5708311.865831208415329 ], [ 1528153.067216694587842, 5708309.683758744969964 ], [ 1528153.235073323361576, 5708308.985545041039586 ], [ 1528143.467396338703111, 5708306.398524269461632 ] ] ] } },
{ "type": "Feature", "properties": { "building_id": 142 }, "geometry": { "type": "Polygon", "coordinates": [ [ [ 1528245.922941186465323, 5708312.247451475821435 ], [ 1528245.007882845588028, 5708306.997731298208237 ], [ 1528251.891402014298365, 5708306.248931393958628 ], [ 1528252.988697500666603, 5708315.306347114033997 ], [ 1528239.94310542778112, 5708316.257567411288619 ], [ 1528239.564973377622664, 5708313.119032392278314 ], [ 1528245.922941186465323, 5708312.247451475821435 ] ] ] } },
{ "type": "Feature", "properties": { "building_id": 154 }, "geometry": { "type": "Polygon", "coordinates": [ [ [ 1528162.5439296818804, 5708310.835766170173883 ], [ 1528159.886352997971699, 5708325.640803060494363 ], [ 1528149.2293158643879, 5708323.397231433540583 ], [ 1528150.451368626439944, 5708318.238706616684794 ], [ 1528141.360371186863631, 5708316.134469439275563 ], [ 1528143.371466987999156, 5708306.153834476135671 ], [ 1528162.5439296818804, 5708310.835766170173883 ] ] ] } },
{ "type": "Feature", "properties": { "building_id": 146 }, "geometry": { "type": "Polygon", "coordinates": [ [ [ 1528229.651466571260244, 5708315.250026784837246 ], [ 1528229.31631202227436, 5708320.222408655099571 ], [ 1528231.153151098638773, 5708320.366042222827673 ], [ 1528230.567611836828291, 5708327.651658458635211 ], [ 1528216.286454352317378, 5708326.49484936799854 ], [ 1528217.652963734231889, 5708309.480791843496263 ], [ 1528226.950720347696915, 5708310.229380124248564 ], [ 1528226.833105708006769, 5708311.357506771571934 ], [ 1528226.646555165527388, 5708315.044910454191267 ], [ 1528229.651466571260244, 5708315.250026784837246 ] ] ] } },
{ "type": "Feature", "properties": { "building_id": 140 }, "geometry": { "type": "Polygon", "coordinates": [ [ [ 1528246.692035727202892, 5708324.031677315942943 ], [ 1528240.566851544426754, 5708324.606581311672926 ], [ 1528239.94310542778112, 5708316.257567411288619 ], [ 1528252.988697500666603, 5708315.306347114033997 ], [ 1528254.298184122424573, 5708323.56613336969167 ], [ 1528255.268522375030443, 5708323.510038972832263 ], [ 1528268.072245315881446, 5708321.625205853022635 ], [ 1528267.439654307207093, 5708335.504124157130718 ], [ 1528266.594850215595216, 5708342.056140022352338 ], [ 1528255.508617626735941, 5708340.807135742157698 ], [ 1528255.336254013935104, 5708326.443389927968383 ], [ 1528249.086404186673462, 5708326.787457779981196 ], [ 1528249.234458246501163, 5708330.0510737542063 ], [ 1528247.293554425239563, 5708330.177561382763088 ], [ 1528246.692035727202892, 5708324.031677315942943 ] ] ] } },
{ "type": "Feature", "properties": { "building_id": 118 }, "geometry": { "type": "Polygon", "coordinates": [ [ [ 1528299.331979526439682, 5708342.719464170746505 ], [ 1528291.769704751204699, 5708343.11422579921782 ], [ 1528289.639866014942527, 5708342.565441460348666 ], [ 1528290.770106812240556, 5708334.187073686160147 ], [ 1528299.609960332978517, 5708334.141602545045316 ], [ 1528299.522060718620196, 5708330.67868884652853 ], [ 1528301.491696009412408, 5708330.538342596963048 ], [ 1528305.659918806515634, 5708330.204071780666709 ], [ 1528309.799860877450556, 5708329.855045863427222 ], [ 1528309.296740334481001, 5708343.664517998695374 ], [ 1528299.331979526439682, 5708342.719464170746505 ] ] ] } },
{ "type": "Feature", "properties": { "building_id": 119 }, "geometry": { "type": "Polygon", "coordinates": [ [ [ 1528269.326107716420665, 5708352.369689338840544 ], [ 1528271.437944212695584, 5708334.194510279223323 ], [ 1528290.769429522333667, 5708334.229974296875298 ], [ 1528289.669275292661041, 5708342.508693617768586 ], [ 1528291.811335266800597, 5708343.186406415887177 ], [ 1528291.272530906368047, 5708352.933044693432748 ], [ 1528269.326107716420665, 5708352.369689338840544 ] ] ] } },
{ "type": "Feature", "properties": { "building_id": 121 }, "geometry": { "type": "Polygon", "coordinates": [ [ [ 1528279.279363151872531, 5708403.707100510597229 ], [ 1528280.665178804658353, 5708378.23960845451802 ], [ 1528287.929777191253379, 5708378.641140177845955 ], [ 1528287.975216268794611, 5708377.569072715938091 ], [ 1528292.31994773610495, 5708377.795462077483535 ], [ 1528292.260256010806188, 5708378.867303087376058 ], [ 1528296.035087358905002, 5708379.070330015383661 ], [ 1528296.115127236815169, 5708377.612608071416616 ], [ 1528303.878361023729667, 5708378.036354628391564 ], [ 1528303.798096657730639, 5708379.508377002552152 ], [ 1528310.763606598135084, 5708379.890833593904972 ], [ 1528309.392355022951961, 5708405.344262467697263 ], [ 1528302.198774069780484, 5708404.958179511129856 ], [ 1528302.153336504008621, 5708406.030250324867666 ], [ 1528297.737550750374794, 5708405.788432013243437 ], [ 1528297.797242049360648, 5708404.716587759554386 ], [ 1528290.874473156174645, 5708404.334799225442111 ], [ 1528290.829034240916371, 5708405.406869885511696 ], [ 1528286.484289447078481, 5708405.180478899739683 ], [ 1528286.543982085771859, 5708404.108634813688695 ], [ 1528279.279363151872531, 5708403.707100510597229 ] ] ] } },
{ "type": "Feature", "properties": { "building_id": 158 }, "geometry": { "type": "Polygon", "coordinates": [ [ [ 1528146.002736064838246, 5708431.94081321824342 ], [ 1528148.216798101784661, 5708409.118357000872493 ], [ 1528154.665365340653807, 5708409.735879897139966 ], [ 1528154.766009299550205, 5708407.877972565591335 ], [ 1528159.09378616232425, 5708408.275804914534092 ], [ 1528158.907623842125759, 5708410.132352049462497 ], [ 1528167.349382431944832, 5708410.92461022362113 ], [ 1528167.521063853753731, 5708409.082136332057416 ], [ 1528171.763322708429769, 5708409.478602332994342 ], [ 1528171.59141619130969, 5708411.335376719944179 ], [ 1528177.968946776352823, 5708411.937449095770717 ], [ 1528175.809713063994423, 5708434.903831363655627 ], [ 1528169.290311737917364, 5708434.256587504409254 ], [ 1528169.088993804296479, 5708436.170114946551621 ], [ 1528164.263469083234668, 5708435.692849135957658 ], [ 1528164.464788032928482, 5708433.779321920126677 ], [ 1528157.361909341765568, 5708433.065572617575526 ], [ 1528157.174616162665188, 5708434.993626582436264 ], [ 1528152.349092807155102, 5708434.516354395076632 ], [ 1528152.536387011175975, 5708432.588300648145378 ], [ 1528146.002736064838246, 5708431.94081321824342 ] ] ] } },
{ "type": "Feature", "properties": { "building_id": 123 }, "geometry": { "type": "Polygon", "coordinates": [ [ [ 1528278.910174427554011, 5708426.18699464481324 ], [ 1528277.873731430619955, 5708446.682391664013267 ], [ 1528267.902085934765637, 5708446.166301561519504 ], [ 1528268.938551640370861, 5708425.670907225459814 ], [ 1528278.910174427554011, 5708426.18699464481324 ] ] ] } },
{ "type": "Feature", "properties": { "building_id": 125 }, "geometry": { "type": "Polygon", "coordinates": [ [ [ 1528289.41210953774862, 5708447.294889598153532 ], [ 1528290.591510213911533, 5708426.773153886198997 ], [ 1528300.278296736069024, 5708427.270386828109622 ], [ 1528299.383757893927395, 5708447.81095571257174 ], [ 1528289.41210953774862, 5708447.294889598153532 ] ] ] } },
{ "type": "Feature", "properties": { "building_id": 131 }, "geometry": { "type": "Polygon", "coordinates": [ [ [ 1528303.415081554558128, 5708366.74325346108526 ], [ 1528303.442209243774414, 5708359.606069577857852 ], [ 1528308.730799803510308, 5708359.647195242345333 ], [ 1528311.38210882153362, 5708359.675020258873701 ], [ 1528357.684198289643973, 5708359.909991146065295 ], [ 1528359.326569847296923, 5708373.281564722768962 ], [ 1528360.169537182431668, 5708373.166219964623451 ], [ 1528360.825630106264725, 5708378.569195809774101 ], [ 1528359.982887924415991, 5708378.670240416191518 ], [ 1528361.977870808914304, 5708394.994042727164924 ], [ 1528343.018188931513578, 5708394.87881641369313 ], [ 1528341.401270619826391, 5708378.088988683186471 ], [ 1528340.273239267757162, 5708378.199803072959185 ], [ 1528339.990328131243587, 5708375.348840646445751 ], [ 1528341.132612289162353, 5708375.238252751529217 ], [ 1528340.691266488982365, 5708370.682616080157459 ], [ 1528331.409562752814963, 5708371.622250928543508 ], [ 1528322.003382876282558, 5708371.415590332821012 ], [ 1528309.150391541887075, 5708370.095665946602821 ], [ 1528309.021823859540746, 5708368.305642117746174 ], [ 1528304.461267518810928, 5708368.204566196538508 ], [ 1528303.641131453914568, 5708367.776722295209765 ], [ 1528303.415081554558128, 5708366.74325346108526 ] ] ] } },
{ "type": "Feature", "properties": { "building_id": 102 }, "geometry": { "type": "Polygon", "coordinates": [ [ [ 1528331.722290247911587, 5708277.737230253405869 ], [ 1528331.418839070713148, 5708287.930954581126571 ], [ 1528323.853225935949013, 5708288.540243790484965 ], [ 1528322.412316299974918, 5708288.603172591887414 ], [ 1528322.44892175658606, 5708293.509931248612702 ], [ 1528309.667564741335809, 5708293.077988091856241 ], [ 1528309.748602151637897, 5708287.944239431060851 ], [ 1528308.53829035977833, 5708283.333515414968133 ], [ 1528307.743288093013689, 5708270.476159604266286 ], [ 1528318.431228181347251, 5708270.760413425043225 ], [ 1528317.738092477899045, 5708278.544915313832462 ], [ 1528331.722290247911587, 5708277.737230253405869 ] ] ] } },
{ "type": "Feature", "properties": { "building_id": 135 }, "geometry": { "type": "Polygon", "coordinates": [ [ [ 1528310.455654982244596, 5708359.660299155861139 ], [ 1528310.234023371944204, 5708355.637401575222611 ], [ 1528329.394484945805743, 5708354.768923258408904 ], [ 1528329.392577746184543, 5708352.179901141673326 ], [ 1528328.151878761360422, 5708352.203100730665028 ], [ 1528327.81137345242314, 5708345.775277880951762 ], [ 1528355.960075762588531, 5708344.491693737916648 ], [ 1528357.584651976823807, 5708359.894106072373688 ], [ 1528310.455654982244596, 5708359.660299155861139 ] ] ] } },
{ "type": "Feature", "properties": { "building_id": 128 }, "geometry": { "type": "Polygon", "coordinates": [ [ [ 1528330.186757947085425, 5708462.647294304333627 ], [ 1528330.488538066856563, 5708449.850022170692682 ], [ 1528316.813064155867323, 5708449.146404884755611 ], [ 1528316.827025331789628, 5708441.036277148872614 ], [ 1528330.688230765517801, 5708441.71423670463264 ], [ 1528344.309806023025885, 5708441.315570758655667 ], [ 1528344.291299995966256, 5708442.488201688043773 ], [ 1528367.239065003581345, 5708442.85272316634655 ], [ 1528367.117063604295254, 5708463.2339569311589 ], [ 1528330.186757947085425, 5708462.647294304333627 ] ] ] } },
{ "type": "Feature", "properties": { "building_id": 130 }, "geometry": { "type": "Polygon", "coordinates": [ [ [ 1528366.402224679477513, 5708421.798324815928936 ], [ 1528341.633640468586236, 5708419.373718130402267 ], [ 1528341.441142317373306, 5708414.407198837026954 ], [ 1528340.598170881159604, 5708414.522542286664248 ], [ 1528340.591521253576502, 5708412.233809899538755 ], [ 1528341.334494241513312, 5708412.131181777454913 ], [ 1528341.250675516435876, 5708409.311979345045984 ], [ 1528339.297307806555182, 5708409.323858864605427 ], [ 1528339.373243809211999, 5708407.222390595823526 ], [ 1528341.195623905397952, 5708407.380077033303678 ], [ 1528341.185919384937733, 5708407.994990911334753 ], [ 1528364.345626178197563, 5708409.378463109023869 ], [ 1528365.80351603939198, 5708409.144149450585246 ], [ 1528366.45773450890556, 5708412.859254373237491 ], [ 1528364.985590833704919, 5708413.093341831117868 ], [ 1528366.402224679477513, 5708421.798324815928936 ] ] ] } },
{ "type": "Feature", "properties": { "building_id": 133 }, "geometry": { "type": "Polygon", "coordinates": [ [ [ 1528364.288838956970721, 5708409.363257199525833 ], [ 1528341.157638642471284, 5708407.980237724259496 ], [ 1528340.853960385313258, 5708394.701395937241614 ], [ 1528342.989908227231354, 5708394.864063255488873 ], [ 1528361.94959007226862, 5708394.979289627633989 ], [ 1528364.288838956970721, 5708409.363257199525833 ] ] ] } },
{ "type": "Feature", "properties": { "building_id": 303 }, "geometry": { "type": "Polygon", "coordinates": [ [ [ 1528423.723434948129579, 5708330.849224870093167 ], [ 1528421.43574144737795, 5708322.230635222047567 ], [ 1528419.365908280480653, 5708313.358044638298452 ], [ 1528414.063732610084116, 5708278.930599478073418 ], [ 1528445.729507787618786, 5708277.001703129149973 ], [ 1528445.239087662426755, 5708278.26694742962718 ], [ 1528441.759054384427145, 5708291.013525975868106 ], [ 1528441.474445343250409, 5708295.500377977266908 ], [ 1528442.697098264703527, 5708310.181122805923223 ], [ 1528442.76480059325695, 5708311.312194161117077 ], [ 1528444.8158041711431, 5708323.188270417973399 ], [ 1528445.087651455542073, 5708325.838784479536116 ], [ 1528436.461915853898972, 5708327.675771766342223 ], [ 1528423.723434948129579, 5708330.849224870093167 ] ] ] } },
{ "type": "Feature", "properties": { "building_id": 201 }, "geometry": { "type": "Polygon", "coordinates": [ [ [ 1528456.65198491839692, 5708450.466087933629751 ], [ 1528457.941568776732311, 5708463.617617525160313 ], [ 1528446.789663755800575, 5708464.713647755794227 ], [ 1528443.831602012040094, 5708434.413783151656389 ], [ 1528454.983469578670338, 5708433.317759733647108 ], [ 1528455.462900344282389, 5708438.174409965053201 ], [ 1528456.65198491839692, 5708450.466087933629751 ] ] ] } },
{ "type": "Feature", "properties": { "building_id": 323 }, "geometry": { "type": "Polygon", "coordinates": [ [ [ 1528473.842513399198651, 5708343.974698157981038 ], [ 1528470.220598601968959, 5708330.457340297289193 ], [ 1528461.267042023595423, 5708332.289149451069534 ], [ 1528464.36499647074379, 5708341.964776939712465 ], [ 1528452.965621208306402, 5708345.202443163841963 ], [ 1528448.221033787820488, 5708329.650419612415135 ], [ 1528459.323330845450982, 5708326.265011746436357 ], [ 1528457.915874215541407, 5708321.493817731738091 ], [ 1528470.114517252426594, 5708318.19732070248574 ], [ 1528473.075453745434061, 5708329.329741144552827 ], [ 1528477.892049501184374, 5708328.562263054773211 ], [ 1528478.54901475016959, 5708332.105724662542343 ], [ 1528481.922892117407173, 5708331.515599886886775 ], [ 1528481.37814665120095, 5708328.08835000731051 ], [ 1528484.895680533489212, 5708327.428985369391739 ], [ 1528485.859227651497349, 5708331.420728866010904 ], [ 1528486.203827643301338, 5708340.308853829279542 ], [ 1528486.503819389734417, 5708340.270703288726509 ], [ 1528486.579166037030518, 5708344.534432777203619 ], [ 1528486.394150579115376, 5708345.41833271458745 ], [ 1528473.842513399198651, 5708343.974698157981038 ] ] ] } },
{ "type": "Feature", "properties": { "building_id": 202 }, "geometry": { "type": "Polygon", "coordinates": [ [ [ 1528455.826945662731305, 5708438.595003421418369 ], [ 1528479.249430496711284, 5708435.977244814857841 ], [ 1528480.114036161219701, 5708442.628003481775522 ], [ 1528479.400019541149959, 5708442.70249517261982 ], [ 1528480.085646235849708, 5708448.949906965717673 ], [ 1528475.201101477956399, 5708449.501758453436196 ], [ 1528475.340075141051784, 5708450.633978208526969 ], [ 1528470.084267236990854, 5708451.222846444696188 ], [ 1528469.959773002192378, 5708450.076552375219762 ], [ 1528457.120360429631546, 5708451.5034090122208 ], [ 1528455.826945662731305, 5708438.595003421418369 ] ] ] } },
{ "type": "Feature", "properties": { "building_id": 1591 }, "geometry": { "type": "Polygon", "coordinates": [ [ [ 1528591.339410888031125, 5708386.933702703565359 ], [ 1528587.233549073338509, 5708376.069170771166682 ], [ 1528588.951590024633333, 5708375.610085381194949 ], [ 1528588.026411508442834, 5708370.989572575315833 ], [ 1528595.764798779971898, 5708368.466077509336174 ], [ 1528598.114397113211453, 5708373.166391462087631 ], [ 1528602.241446194704622, 5708382.686687121167779 ], [ 1528591.339410888031125, 5708386.933702703565359 ] ] ] } },
{ "type": "Feature", "properties": { "building_id": 320 }, "geometry": { "type": "Polygon", "coordinates": [ [ [ 1528592.86489742808044, 5708348.923970576375723 ], [ 1528591.31213134387508, 5708344.322127072140574 ], [ 1528589.880420709261671, 5708336.561066108755767 ], [ 1528588.491291904356331, 5708326.097272323444486 ], [ 1528613.54753660177812, 5708322.918647238984704 ], [ 1528614.722422069404274, 5708329.78878587204963 ], [ 1528617.170063944067806, 5708329.169620186090469 ], [ 1528618.408497379161417, 5708335.625960639677942 ], [ 1528612.759822090156376, 5708336.723613208159804 ], [ 1528614.043878401862457, 5708342.093593901023269 ], [ 1528592.86489742808044, 5708348.923970576375723 ] ] ] } },
{ "type": "Feature", "properties": { "building_id": 321 }, "geometry": { "type": "Polygon", "coordinates": [ [ [ 1528603.416926210979, 5708345.172054353170097 ], [ 1528606.533920917892829, 5708356.36415349598974 ], [ 1528607.636594072682783, 5708356.052649980410933 ], [ 1528608.637039775727317, 5708359.515736118890345 ], [ 1528607.806302388664335, 5708359.7600326417014 ], [ 1528609.226070722797886, 5708364.660152927041054 ], [ 1528612.849689494585618, 5708363.601909681223333 ], [ 1528614.195429887156934, 5708367.771361376158893 ], [ 1528609.867773068137467, 5708369.176038511097431 ], [ 1528609.731548583135009, 5708368.773370808921754 ], [ 1528601.492276456207037, 5708371.417670183815062 ], [ 1528601.076681851409376, 5708371.554118549451232 ], [ 1528596.249925991753116, 5708359.390833052806556 ], [ 1528592.520794694544747, 5708349.047248108312488 ], [ 1528603.416926210979, 5708345.172054353170097 ] ] ] } },
{ "type": "Feature", "properties": { "building_id": 828 }, "geometry": { "type": "Polygon", "coordinates": [ [ [ 1528603.628979003056884, 5708415.879420779645443 ], [ 1528603.05409889225848, 5708412.551795883104205 ], [ 1528599.542486953316256, 5708397.448404946364462 ], [ 1528598.697492588544264, 5708397.692475571297109 ], [ 1528596.623879974009469, 5708392.667536151595414 ], [ 1528598.92759569408372, 5708391.230767515487969 ], [ 1528599.817498483462259, 5708392.660963456146419 ], [ 1528605.111846416955814, 5708390.527814336121082 ], [ 1528608.438765164697543, 5708401.065318491309881 ], [ 1528611.331725280731916, 5708411.095315854996443 ], [ 1528611.906608388060704, 5708414.422939730808139 ], [ 1528603.628979003056884, 5708415.879420779645443 ] ] ] } },
{ "type": "Feature", "properties": { "building_id": 248 }, "geometry": { "type": "Polygon", "coordinates": [ [ [ 1528603.415798754431307, 5708375.109957934357226 ], [ 1528623.786296247737482, 5708368.924695061519742 ], [ 1528624.116209640167654, 5708369.702333441004157 ], [ 1528627.743657660903409, 5708368.400978874415159 ], [ 1528630.232843705685809, 5708376.007179989479482 ], [ 1528628.027043420821428, 5708376.658794399350882 ], [ 1528626.423705279827118, 5708377.076794342137873 ], [ 1528605.465246507432312, 5708380.76387286093086 ], [ 1528603.415798754431307, 5708375.109957934357226 ] ] ] } },
{ "type": "Feature", "properties": { "building_id": 247 }, "geometry": { "type": "Polygon", "coordinates": [ [ [ 1528625.508343249093741, 5708383.599147939123213 ], [ 1528608.126356219640002, 5708388.315601225011051 ], [ 1528606.296272832900286, 5708381.406420231796801 ], [ 1528625.765743097756058, 5708376.308258265256882 ], [ 1528627.526826913235709, 5708383.073298717848957 ], [ 1528625.508343249093741, 5708383.599147939123213 ] ] ] } },
{ "type": "Feature", "properties": { "building_id": 246 }, "geometry": { "type": "Polygon", "coordinates": [ [ [ 1528627.245876862900332, 5708390.049135180190206 ], [ 1528620.201093194773421, 5708391.982897690497339 ], [ 1528619.781768041895702, 5708390.545861080288887 ], [ 1528609.623989482643083, 5708393.703303715214133 ], [ 1528608.126356219640002, 5708388.315601225011051 ], [ 1528625.508343249093741, 5708383.599147939123213 ], [ 1528627.245876862900332, 5708390.049135180190206 ] ] ] } },
{ "type": "Feature", "properties": { "building_id": 245 }, "geometry": { "type": "Polygon", "coordinates": [ [ [ 1528632.419337518047541, 5708396.496383865363896 ], [ 1528612.572773039573804, 5708402.904551385901868 ], [ 1528609.623989482643083, 5708393.703303715214133 ], [ 1528619.781768041895702, 5708390.545861080288887 ], [ 1528620.201093194773421, 5708391.982897690497339 ], [ 1528627.245876862900332, 5708390.049135180190206 ], [ 1528630.067721219500527, 5708389.207032428123057 ], [ 1528632.419337518047541, 5708396.496383865363896 ] ] ] } },
{ "type": "Feature", "properties": { "building_id": 244 }, "geometry": { "type": "Polygon", "coordinates": [ [ [ 1528612.572773039573804, 5708402.904551385901868 ], [ 1528632.419337518047541, 5708396.496383865363896 ], [ 1528633.737711429595947, 5708400.593894462101161 ], [ 1528627.317487153457478, 5708404.511504704132676 ], [ 1528631.291432202327996, 5708411.082785982638597 ], [ 1528617.832665376598015, 5708419.251499726437032 ], [ 1528612.572773039573804, 5708402.904551385901868 ] ] ] } },
{ "type": "Feature", "properties": { "building_id": 319 }, "geometry": { "type": "Polygon", "coordinates": [ [ [ 1528633.473431066377088, 5708381.165033960714936 ], [ 1528631.747509323991835, 5708375.788027619943023 ], [ 1528627.498099210672081, 5708376.750535442493856 ], [ 1528627.404858582653105, 5708376.334245288744569 ], [ 1528630.566973048727959, 5708375.611969227902591 ], [ 1528630.188379462808371, 5708374.304316157475114 ], [ 1528632.879462597658858, 5708373.617483309470117 ], [ 1528631.443624990060925, 5708368.831537950783968 ], [ 1528624.571248350897804, 5708370.682209566235542 ], [ 1528622.734687145100906, 5708365.088895977474749 ], [ 1528621.57409977959469, 5708365.456698823720217 ], [ 1528618.972538382746279, 5708358.649736904539168 ], [ 1528626.222020321525633, 5708356.390239857137203 ], [ 1528624.572778744855896, 5708350.671170973218977 ], [ 1528625.875444977777079, 5708350.334228541702032 ], [ 1528625.591219515306875, 5708349.371366648003459 ], [ 1528636.843505556927994, 5708346.417222274467349 ], [ 1528646.028358616633341, 5708376.972779214382172 ], [ 1528641.861380822025239, 5708379.037998086772859 ], [ 1528641.419241741998121, 5708378.144149600528181 ], [ 1528633.473431066377088, 5708381.165033960714936 ] ] ] } },
{ "type": "Feature", "properties": { "building_id": 210 }, "geometry": { "type": "Polygon", "coordinates": [ [ [ 1528643.991042149718851, 5708420.338496196083724 ], [ 1528646.42693992308341, 5708425.898428627289832 ], [ 1528623.794365391135216, 5708435.395042281597853 ], [ 1528619.544108205242082, 5708424.642609044909477 ], [ 1528639.289072915213183, 5708411.109448212198913 ], [ 1528643.991042149718851, 5708420.338496196083724 ] ] ] } },
{ "type": "Feature", "properties": { "building_id": 829 }, "geometry": { "type": "Polygon", "coordinates": [ [ [ 1528638.678562027867883, 5708406.422391368076205 ], [ 1528636.315516799455509, 5708400.763496486470103 ], [ 1528639.042095442535356, 5708399.633801711723208 ], [ 1528638.188124090433121, 5708397.732149763964117 ], [ 1528636.290709731867537, 5708398.717646186240017 ], [ 1528633.901638975599781, 5708392.901000176556408 ], [ 1528635.496131616877392, 5708392.139564717188478 ], [ 1528631.816457932116464, 5708381.367626787163317 ], [ 1528641.854879349702969, 5708376.734973459504545 ], [ 1528653.909484817413613, 5708398.882512358017266 ], [ 1528650.505125265801325, 5708400.502104030922055 ], [ 1528650.132223632652313, 5708399.738086436875165 ], [ 1528647.417197150178254, 5708401.039614510722458 ], [ 1528647.775620185537264, 5708401.81770671531558 ], [ 1528644.42872173176147, 5708403.409599660895765 ], [ 1528644.029340890003368, 5708402.516426707617939 ], [ 1528638.678562027867883, 5708406.422391368076205 ] ] ] } },
{ "type": "Feature", "properties": { "building_id": 211 }, "geometry": { "type": "Polygon", "coordinates": [ [ [ 1528643.991042149718851, 5708420.338496196083724 ], [ 1528639.289072915213183, 5708411.109448212198913 ], [ 1528647.360062654595822, 5708405.573045409284532 ], [ 1528654.938121030339971, 5708422.285714389756322 ], [ 1528652.110638645943254, 5708423.485337060876191 ], [ 1528649.545557966688648, 5708417.980575588531792 ], [ 1528643.991042149718851, 5708420.338496196083724 ] ] ] } },
{ "type": "Feature", "properties": { "building_id": 1606 }, "geometry": { "type": "Polygon", "coordinates": [ [ [ 1528657.289187944727018, 5708369.856314675882459 ], [ 1528647.26805634656921, 5708372.48671643435955 ], [ 1528644.924250341253355, 5708363.795735882595181 ], [ 1528655.188352023484185, 5708361.126279136165977 ], [ 1528657.289187944727018, 5708369.856314675882459 ] ] ] } },
{ "type": "Feature", "properties": { "building_id": 212 }, "geometry": { "type": "Polygon", "coordinates": [ [ [ 1528654.938121030339971, 5708422.285714389756322 ], [ 1528647.360062654595822, 5708405.573045409284532 ], [ 1528655.538896208861843, 5708402.24114834703505 ], [ 1528662.973534047137946, 5708419.008746633306146 ], [ 1528654.938121030339971, 5708422.285714389756322 ] ] ] } },
{ "type": "Feature", "properties": { "building_id": 220 }, "geometry": { "type": "Polygon", "coordinates": [ [ [ 1528664.178736648056656, 5708385.928625667467713 ], [ 1528654.170623912941664, 5708390.44735827576369 ], [ 1528650.355350513011217, 5708381.947595201432705 ], [ 1528659.746290383161977, 5708377.690861962735653 ], [ 1528663.589560938766226, 5708376.26417781971395 ], [ 1528665.766425147186965, 5708381.977314602583647 ], [ 1528662.92582962824963, 5708383.105208152905107 ], [ 1528664.178736648056656, 5708385.928625667467713 ] ] ] } },
{ "type": "Feature", "properties": { "building_id": 219 }, "geometry": { "type": "Polygon", "coordinates": [ [ [ 1528654.170623912941664, 5708390.44735827576369 ], [ 1528664.178736648056656, 5708385.928625667467713 ], [ 1528666.86466585774906, 5708391.907306905835867 ], [ 1528656.856547708855942, 5708396.426045448519289 ], [ 1528654.170623912941664, 5708390.44735827576369 ] ] ] } },
{ "type": "Feature", "properties": { "building_id": 213 }, "geometry": { "type": "Polygon", "coordinates": [ [ [ 1528662.973534047137946, 5708419.008746633306146 ], [ 1528655.538896208861843, 5708402.24114834703505 ], [ 1528661.579516232013702, 5708398.889657608233392 ], [ 1528670.155547999544069, 5708415.603815571404994 ], [ 1528662.973534047137946, 5708419.008746633306146 ] ] ] } },
{ "type": "Feature", "properties": { "building_id": 242 }, "geometry": { "type": "Polygon", "coordinates": [ [ [ 1528671.342588303377852, 5708370.093365589156747 ], [ 1528662.520077986642718, 5708372.656958654522896 ], [ 1528658.080427219159901, 5708373.931150164455175 ], [ 1528656.932183168129995, 5708369.893567388877273 ], [ 1528656.269806988304481, 5708367.594452744349837 ], [ 1528669.531509067164734, 5708363.785273970104754 ], [ 1528671.342588303377852, 5708370.093365589156747 ] ] ] } },
{ "type": "Feature", "properties": { "building_id": 214 }, "geometry": { "type": "Polygon", "coordinates": [ [ [ 1528670.155547999544069, 5708415.603815571404994 ], [ 1528661.579516232013702, 5708398.889657608233392 ], [ 1528671.624315191060305, 5708394.757698836736381 ], [ 1528678.766707856673747, 5708411.97836337890476 ], [ 1528670.155547999544069, 5708415.603815571404994 ] ] ] } },
{ "type": "Feature", "properties": { "building_id": 221 }, "geometry": { "type": "Polygon", "coordinates": [ [ [ 1528666.86466585774906, 5708391.907306905835867 ], [ 1528664.178736648056656, 5708385.928625667467713 ], [ 1528662.92582962824963, 5708383.105208152905107 ], [ 1528665.766425147186965, 5708381.977314602583647 ], [ 1528663.589560938766226, 5708376.26417781971395 ], [ 1528662.520077986642718, 5708372.656958654522896 ], [ 1528671.342588303377852, 5708370.093365589156747 ], [ 1528673.654244306264445, 5708378.111554201692343 ], [ 1528677.662778970785439, 5708387.014875076711178 ], [ 1528666.86466585774906, 5708391.907306905835867 ] ] ] } },
{ "type": "Feature", "properties": { "building_id": 305 }, "geometry": { "type": "Polygon", "coordinates": [ [ [ 1528539.837862896500155, 5708293.242253819480538 ], [ 1528531.289698340464383, 5708293.778917630203068 ], [ 1528531.443435050081462, 5708295.78387869335711 ], [ 1528532.799277366604656, 5708295.690958979539573 ], [ 1528533.032727398443967, 5708298.970217441208661 ], [ 1528531.676884587388486, 5708299.063137215562165 ], [ 1528531.814790762029588, 5708301.167974467389286 ], [ 1528524.307316636899486, 5708301.706838612444699 ], [ 1528523.952923141652718, 5708296.151366543024778 ], [ 1528522.681697392137721, 5708296.302842348814011 ], [ 1528522.158362527377903, 5708287.898252801969647 ], [ 1528523.442713173339143, 5708287.818504034541547 ], [ 1528523.4187149067875, 5708287.532048932276666 ], [ 1528523.327680433634669, 5708286.071625542826951 ], [ 1528522.614127394743264, 5708286.117519322782755 ], [ 1528522.02302753762342, 5708275.68073867354542 ], [ 1528523.678180155809969, 5708275.592569374479353 ], [ 1528523.366493358276784, 5708269.136658526957035 ], [ 1528533.424776863306761, 5708268.666872397065163 ], [ 1528533.373344680992886, 5708267.407332031987607 ], [ 1528537.995824159355834, 5708267.194590840488672 ], [ 1528538.061509993392974, 5708268.454357268288732 ], [ 1528548.219563228078187, 5708267.986137211322784 ], [ 1528548.777116244193166, 5708280.553627044893801 ], [ 1528549.185097111621872, 5708296.279885780066252 ], [ 1528539.869744522497058, 5708296.647047130391002 ], [ 1528539.837862896500155, 5708293.242253819480538 ] ] ] } },
{ "type": "Feature", "properties": { "building_id": 309 }, "geometry": { "type": "Polygon", "coordinates": [ [ [ 1528581.06296485546045, 5708278.176366550847888 ], [ 1528572.711371353594586, 5708278.00100155826658 ], [ 1528572.957310379948467, 5708267.82067191042006 ], [ 1528581.21301273512654, 5708268.652485319413245 ], [ 1528581.06296485546045, 5708278.176366550847888 ] ] ] } },
{ "type": "Feature", "properties": { "building_id": 308 }, "geometry": { "type": "Polygon", "coordinates": [ [ [ 1528572.511845776345581, 5708285.235513301566243 ], [ 1528572.711371353594586, 5708278.00100155826658 ], [ 1528581.06296485546045, 5708278.176366550847888 ], [ 1528581.049589105881751, 5708288.074322017841041 ], [ 1528582.786825554445386, 5708304.493949198164046 ], [ 1528572.086890449514613, 5708304.96791997551918 ], [ 1528572.511845776345581, 5708285.235513301566243 ] ] ] } },
{ "type": "Feature", "properties": { "building_id": 307 }, "geometry": { "type": "Polygon", "coordinates": [ [ [ 1528568.250737467780709, 5708307.75352231040597 ], [ 1528568.161787761608139, 5708310.684380621649325 ], [ 1528567.734195636119694, 5708310.677598677575588 ], [ 1528567.62215342791751, 5708316.883653017692268 ], [ 1528553.629797792062163, 5708318.206518380902708 ], [ 1528552.644813846098259, 5708311.954454286955297 ], [ 1528552.320485658477992, 5708291.823947192169726 ], [ 1528567.705091616604477, 5708290.809244492091238 ], [ 1528567.944534907583147, 5708299.137812642380595 ], [ 1528567.794639349449426, 5708307.746288247406483 ], [ 1528568.250737467780709, 5708307.75352231040597 ] ] ] } },
{ "type": "Feature", "properties": { "building_id": 310 }, "geometry": { "type": "Polygon", "coordinates": [ [ [ 1528566.555511681828648, 5708335.719115693122149 ], [ 1528565.72786171734333, 5708327.624348445795476 ], [ 1528556.531741261482239, 5708328.565570956096053 ], [ 1528555.692326581338421, 5708320.313281113281846 ], [ 1528577.026091454550624, 5708318.134192134253681 ], [ 1528577.914427044801414, 5708326.902189892716706 ], [ 1528572.274089317768812, 5708327.470708034932613 ], [ 1528573.038590910378844, 5708335.049536432139575 ], [ 1528566.555511681828648, 5708335.719115693122149 ] ] ] } },
{ "type": "Feature", "properties": { "building_id": 311 }, "geometry": { "type": "Polygon", "coordinates": [ [ [ 1528567.196855562040582, 5708342.065870903432369 ], [ 1528558.000720395706594, 5708343.00709621515125 ], [ 1528556.531741261482239, 5708328.565570956096053 ], [ 1528565.72786171734333, 5708327.624348445795476 ], [ 1528566.555511681828648, 5708335.719115693122149 ], [ 1528567.196855562040582, 5708342.065870903432369 ] ] ] } },
{ "type": "Feature", "properties": { "building_id": 312 }, "geometry": { "type": "Polygon", "coordinates": [ [ [ 1528558.000720395706594, 5708343.00709621515125 ], [ 1528567.196855562040582, 5708342.065870903432369 ], [ 1528568.011832110118121, 5708350.060323247686028 ], [ 1528558.815688800532371, 5708351.001550110988319 ], [ 1528558.000720395706594, 5708343.00709621515125 ] ] ] } },
{ "type": "Feature", "properties": { "building_id": 313 }, "geometry": { "type": "Polygon", "coordinates": [ [ [ 1528587.004119226243347, 5708368.913606248795986 ], [ 1528583.788949940353632, 5708357.619800925254822 ], [ 1528576.663170292042196, 5708359.266160869039595 ], [ 1528574.741739934310317, 5708352.727446207776666 ], [ 1528574.326371124247089, 5708352.849592802114785 ], [ 1528573.855900679482147, 5708351.039849805645645 ], [ 1528589.812534193042666, 5708349.919744088314474 ], [ 1528595.533863012678921, 5708365.930635047145188 ], [ 1528587.004119226243347, 5708368.913606248795986 ] ] ] } },
{ "type": "Feature", "properties": { "building_id": 1617 }, "geometry": { "type": "Polygon", "coordinates": [ [ [ 1528532.583003606414422, 5708370.925463390536606 ], [ 1528522.900424889754504, 5708371.973368908278644 ], [ 1528522.502250213408843, 5708368.290962439030409 ], [ 1528513.990010436158627, 5708369.257299524731934 ], [ 1528513.263409143313766, 5708362.894864710979164 ], [ 1528512.91278413310647, 5708359.813976912759244 ], [ 1528532.722692530369386, 5708357.539286161772907 ], [ 1528554.560593746835366, 5708355.039252026937902 ], [ 1528555.660339003195986, 5708354.913658262230456 ], [ 1528557.074279082939029, 5708368.32447587698698 ], [ 1528532.583003606414422, 5708370.925463390536606 ] ] ] } },
{ "type": "Feature", "properties": { "building_id": 318 }, "geometry": { "type": "Polygon", "coordinates": [ [ [ 1528571.461956583894789, 5708388.06314982008189 ], [ 1528570.386026456253603, 5708382.152889638207853 ], [ 1528567.956225381465629, 5708382.543467186391354 ], [ 1528567.657694242661819, 5708380.679229550994933 ], [ 1528571.77410192694515, 5708380.015021536499262 ], [ 1528571.327347188489512, 5708377.604886948131025 ], [ 1528562.28029952943325, 5708379.034816323779523 ], [ 1528561.737101385369897, 5708379.126327393576503 ], [ 1528560.250652017537504, 5708371.221324958838522 ], [ 1528559.85347192408517, 5708362.046261716634035 ], [ 1528560.581734689418226, 5708361.971990209072828 ], [ 1528569.776311878347769, 5708361.130862371064723 ], [ 1528569.722170415800065, 5708360.042912325821817 ], [ 1528575.370806716848165, 5708358.044142316095531 ], [ 1528575.760265117743984, 5708359.566525148227811 ], [ 1528576.720858811633661, 5708359.22416430991143 ], [ 1528577.550695723854005, 5708359.037071742117405 ], [ 1528583.016801762161776, 5708357.76489745080471 ], [ 1528583.846638416405767, 5708357.577804325148463 ], [ 1528587.047554596792907, 5708368.871383538469672 ], [ 1528585.228390923701227, 5708369.414687607437372 ], [ 1528576.480336793931201, 5708372.68026474956423 ], [ 1528579.460476982407272, 5708388.032664194703102 ], [ 1528573.412224056199193, 5708389.152568796649575 ], [ 1528573.163043626351282, 5708387.775444480590522 ], [ 1528571.461956583894789, 5708388.06314982008189 ] ] ] } },
{ "type": "Feature", "properties": { "building_id": 2042 }, "geometry": { "type": "Polygon", "coordinates": [ [ [ 1528505.349941328866407, 5708370.192992494441569 ], [ 1528508.17606735159643, 5708392.594779843464494 ], [ 1528506.562074640067294, 5708392.783727725036442 ], [ 1528507.045363729121163, 5708397.397248398512602 ], [ 1528505.631365860579535, 5708397.560761896893382 ], [ 1528505.708319, 5708398.105530892498791 ], [ 1528487.713206941029057, 5708400.108590880408883 ], [ 1528482.591786052333191, 5708358.717756068333983 ], [ 1528501.413272583857179, 5708356.742132717743516 ], [ 1528502.819241666002199, 5708370.653469938784838 ], [ 1528505.349941328866407, 5708370.192992494441569 ] ] ] } },
{ "type": "Feature", "properties": { "building_id": 1592 }, "geometry": { "type": "Polygon", "coordinates": [ [ [ 1528579.773821954848245, 5708388.051937596872449 ], [ 1528577.885199686978012, 5708371.286464367061853 ], [ 1528585.053297621430829, 5708369.669380064122379 ], [ 1528587.233549073338509, 5708376.069170771166682 ], [ 1528591.339410888031125, 5708386.933702703565359 ], [ 1528579.895175250247121, 5708389.398426725529134 ], [ 1528579.773821954848245, 5708388.051937596872449 ] ] ] } },
{ "type": "Feature", "properties": { "building_id": 208 }, "geometry": { "type": "Polygon", "coordinates": [ [ [ 1528550.872853833716363, 5708383.688576246611774 ], [ 1528558.89300256757997, 5708382.285280807875097 ], [ 1528559.939742712303996, 5708388.237991094589233 ], [ 1528551.937447573523968, 5708389.412709547206759 ], [ 1528550.872853833716363, 5708383.688576246611774 ] ] ] } },
{ "type": "Feature", "properties": { "building_id": 206 }, "geometry": { "type": "Polygon", "coordinates": [ [ [ 1528535.276855069212615, 5708397.201499114744365 ], [ 1528533.588014075066894, 5708386.761479321867228 ], [ 1528548.599836624925956, 5708384.081635610200465 ], [ 1528549.503812791546807, 5708390.046387516893446 ], [ 1528545.676068686181679, 5708390.486303075216711 ], [ 1528546.169799939263612, 5708395.343152184039354 ], [ 1528561.034086991334334, 5708392.074485307559371 ], [ 1528562.422348609659821, 5708403.496707513928413 ], [ 1528543.528943645767868, 5708407.31653313152492 ], [ 1528541.99231407768093, 5708396.263850573450327 ], [ 1528535.276855069212615, 5708397.201499114744365 ] ] ] } },
{ "type": "Feature", "properties": { "building_id": 826 }, "geometry": { "type": "Polygon", "coordinates": [ [ [ 1528566.154395941412076, 5708413.654462834820151 ], [ 1528564.018979168729857, 5708393.552218678407371 ], [ 1528580.967828948516399, 5708390.087720820680261 ], [ 1528581.435148530174047, 5708392.09767566435039 ], [ 1528587.067521805409342, 5708390.227368116378784 ], [ 1528587.34611201332882, 5708391.547743289731443 ], [ 1528589.163401033729315, 5708400.173200409859419 ], [ 1528589.362104798667133, 5708401.134712643921375 ], [ 1528581.337721861433238, 5708403.710891185328364 ], [ 1528582.516754503827542, 5708408.507094306871295 ], [ 1528580.427221768535674, 5708409.017504096031189 ], [ 1528580.974203628720716, 5708411.400628340430558 ], [ 1528566.154395941412076, 5708413.654462834820151 ] ] ] } },
{ "type": "Feature", "properties": { "building_id": 1594 }, "geometry": { "type": "Polygon", "coordinates": [ [ [ 1528535.295219546416774, 5708397.845465593971312 ], [ 1528541.984651645645499, 5708396.750061286613345 ], [ 1528543.330299976281822, 5708407.256166278384626 ], [ 1528562.672146546421573, 5708403.929786743596196 ], [ 1528563.565493832342327, 5708416.90330108627677 ], [ 1528547.908112148521468, 5708418.929262517951429 ], [ 1528547.404744144296274, 5708415.588463379070163 ], [ 1528538.640240279957652, 5708417.180199985392392 ], [ 1528535.295219546416774, 5708397.845465593971312 ] ] ] } },
{ "type": "Feature", "properties": { "building_id": 823 }, "geometry": { "type": "Polygon", "coordinates": [ [ [ 1528593.402517784386873, 5708437.874054810032248 ], [ 1528574.759027073858306, 5708444.83049267437309 ], [ 1528566.89478336670436, 5708419.144608242437243 ], [ 1528566.554838471347466, 5708413.574990802444518 ], [ 1528580.84367150021717, 5708411.541597309522331 ], [ 1528584.775016212603077, 5708424.434565703384578 ], [ 1528589.074872968485579, 5708422.986539479345083 ], [ 1528591.252436234382913, 5708429.557971702888608 ], [ 1528593.402517784386873, 5708437.874054810032248 ] ] ] } },
{ "type": "Feature", "properties": { "building_id": 205 }, "geometry": { "type": "Polygon", "coordinates": [ [ [ 1528558.970832775346935, 5708432.536142466589808 ], [ 1528555.064310032175854, 5708418.070112987421453 ], [ 1528563.636760029941797, 5708416.904431471601129 ], [ 1528564.017488253535703, 5708419.885686748661101 ], [ 1528572.149215046083555, 5708446.691527841612697 ], [ 1528562.159971378976479, 5708447.291197934187949 ], [ 1528561.815074259415269, 5708445.655074768699706 ], [ 1528558.970832775346935, 5708432.536142466589808 ] ] ] } },
{ "type": "Feature", "properties": { "building_id": 204 }, "geometry": { "type": "Polygon", "coordinates": [ [ [ 1528541.373851719778031, 5708434.602849558927119 ], [ 1528558.957030192017555, 5708432.50731563474983 ], [ 1528561.871636727359146, 5708445.684579882770777 ], [ 1528548.101386205758899, 5708445.566277625970542 ], [ 1528542.527846226701513, 5708444.605319525115192 ], [ 1528541.85192213091068, 5708438.644148633815348 ], [ 1528539.92344823316671, 5708438.885330449789762 ], [ 1528539.547009387519211, 5708435.632360810413957 ], [ 1528541.460102482931688, 5708435.462454920634627 ], [ 1528541.373851719778031, 5708434.602849558927119 ] ] ] } },
{ "type": "Feature", "properties": { "building_id": 450 }, "geometry": { "type": "Polygon", "coordinates": [ [ [ 1528091.543612284585834, 5708248.758043779991567 ], [ 1528091.701474485220388, 5708244.183387158438563 ], [ 1528097.871189714409411, 5708244.396000080741942 ], [ 1528097.865311982808635, 5708244.767801438458264 ], [ 1528100.045560104772449, 5708244.831103792414069 ], [ 1528100.03088792017661, 5708247.562867893837392 ], [ 1528100.985383266117424, 5708247.606664259918034 ], [ 1528100.995589211117476, 5708249.666553153656423 ], [ 1528103.61654974729754, 5708249.808386055752635 ], [ 1528103.618595582665876, 5708250.580816174857318 ], [ 1528104.131927920971066, 5708250.574681075289845 ], [ 1528104.231766826007515, 5708255.983054592274129 ], [ 1528103.40351268928498, 5708256.070000404492021 ], [ 1528099.602730405982584, 5708256.610272304154932 ], [ 1528091.62288067676127, 5708256.368853651918471 ], [ 1528091.89970992738381, 5708248.778014432638884 ], [ 1528091.543612284585834, 5708248.758043779991567 ] ] ] } },
{ "type": "Feature", "properties": { "building_id": 185 }, "geometry": { "type": "Polygon", "coordinates": [ [ [ 1528150.908833562862128, 5708204.488846370019019 ], [ 1528156.174723955802619, 5708217.689009767025709 ], [ 1528145.581700548063964, 5708220.424134189262986 ], [ 1528138.762078574392945, 5708209.916925206780434 ], [ 1528131.104929030640051, 5708198.280719471164048 ], [ 1528136.691346880979836, 5708196.610256001353264 ], [ 1528142.526362181641161, 5708206.272179424762726 ], [ 1528146.833413496613503, 5708204.366801570169628 ], [ 1528147.779106960631907, 5708205.869418577291071 ], [ 1528150.908833562862128, 5708204.488846370019019 ] ] ] } },
{ "type": "Feature", "properties": { "building_id": 2050 }, "geometry": { "type": "Polygon", "coordinates": [ [ [ 1528146.101445258129388, 5708238.054468729533255 ], [ 1528149.036388047272339, 5708236.370417241938412 ], [ 1528151.498384350910783, 5708241.158390259370208 ], [ 1528155.911053026095033, 5708248.809518122114241 ], [ 1528156.471244912361726, 5708250.348920412361622 ], [ 1528163.560750428820029, 5708269.042161783203483 ], [ 1528154.32825546618551, 5708271.38414578512311 ], [ 1528146.778302362421528, 5708274.611108699813485 ], [ 1528135.160766794346273, 5708260.980823867954314 ], [ 1528143.720397655386478, 5708257.011843536049128 ], [ 1528145.245901350397617, 5708256.106373176909983 ], [ 1528144.760833176551387, 5708255.226132914423943 ], [ 1528144.933450660901144, 5708255.128753284923732 ], [ 1528147.018435179255903, 5708254.003324490971863 ], [ 1528147.532461411086842, 5708254.855417839251459 ], [ 1528148.982631821651012, 5708254.206214627251029 ], [ 1528148.581725213676691, 5708253.413135562092066 ], [ 1528149.185321165714413, 5708253.108056821860373 ], [ 1528147.457712460076436, 5708249.661999493837357 ], [ 1528149.354695205576718, 5708248.705223991535604 ], [ 1528146.203101778868586, 5708242.447304223664105 ], [ 1528147.036552025238052, 5708242.031453365460038 ], [ 1528146.041978833964095, 5708240.013121534138918 ], [ 1528146.631321023218334, 5708239.707816673442721 ], [ 1528145.856885475339368, 5708238.193614650517702 ], [ 1528146.101445258129388, 5708238.054468729533255 ] ] ] } },
{ "type": "Feature", "properties": { "building_id": 184 }, "geometry": { "type": "Polygon", "coordinates": [ [ [ 1528145.262938842410222, 5708220.748046364635229 ], [ 1528156.261823176173493, 5708217.590269995853305 ], [ 1528156.167476193280891, 5708217.245482672005892 ], [ 1528160.291519053513184, 5708216.095275894738734 ], [ 1528160.048524808837101, 5708215.233194497413933 ], [ 1528165.804401217261329, 5708213.665530300699174 ], [ 1528165.510269806254655, 5708212.430742334574461 ], [ 1528170.164603696903214, 5708211.10301953740418 ], [ 1528170.460769253550097, 5708212.209107134491205 ], [ 1528171.897257763426751, 5708217.838967034593225 ], [ 1528172.340264056110755, 5708219.576749732717872 ], [ 1528172.961102127563208, 5708221.789380391128361 ], [ 1528163.778873772360384, 5708223.660142030566931 ], [ 1528165.446135598467663, 5708230.023165735416114 ], [ 1528151.844602857949212, 5708232.781966072507203 ], [ 1528145.262938842410222, 5708220.748046364635229 ] ] ] } },
{ "type": "Feature", "properties": { "building_id": 151 }, "geometry": { "type": "Polygon", "coordinates": [ [ [ 1528152.016623793635517, 5708300.383915663696826 ], [ 1528144.051196701591834, 5708299.22733312100172 ], [ 1528145.152711722301319, 5708283.653797220438719 ], [ 1528151.047290964983404, 5708280.52923300024122 ], [ 1528151.596555512864143, 5708290.879556301049888 ], [ 1528151.795064422301948, 5708296.361041685566306 ], [ 1528152.016623793635517, 5708300.383915663696826 ] ] ] } },
{ "type": "Feature", "properties": { "building_id": 152 }, "geometry": { "type": "Polygon", "coordinates": [ [ [ 1528161.031794105190784, 5708289.241677267476916 ], [ 1528151.596555512864143, 5708290.879556301049888 ], [ 1528151.047290964983404, 5708280.52923300024122 ], [ 1528155.36273759091273, 5708278.094731841236353 ], [ 1528161.031794105190784, 5708289.241677267476916 ] ] ] } },
{ "type": "Feature", "properties": { "building_id": 159 }, "geometry": { "type": "Polygon", "coordinates": [ [ [ 1528155.896998670184985, 5708296.612240786664188 ], [ 1528155.701005968730897, 5708292.775723713450134 ], [ 1528156.400081971194595, 5708292.743932751007378 ], [ 1528156.259987847413868, 5708289.880959524773061 ], [ 1528160.989035055739805, 5708289.240997121669352 ], [ 1528155.312278918689117, 5708277.679121821187437 ], [ 1528169.438528359634802, 5708275.100292674265802 ], [ 1528168.226630173157901, 5708289.54206704813987 ], [ 1528167.018219780642539, 5708297.447111287154257 ], [ 1528155.896998670184985, 5708296.612240786664188 ] ] ] } },
{ "type": "Feature", "properties": { "building_id": 148 }, "geometry": { "type": "Polygon", "coordinates": [ [ [ 1528191.589485806180164, 5708285.264929383061826 ], [ 1528183.58426386420615, 5708284.822936935350299 ], [ 1528171.704935668967664, 5708284.147674995474517 ], [ 1528172.300858463160694, 5708273.500893829390407 ], [ 1528192.185385093325749, 5708274.618145206011832 ], [ 1528191.589485806180164, 5708285.264929383061826 ] ] ] } },
{ "type": "Feature", "properties": { "building_id": 149 }, "geometry": { "type": "Polygon", "coordinates": [ [ [ 1528191.135377293452621, 5708293.253487420268357 ], [ 1528183.130374183412641, 5708292.797193932347 ], [ 1528183.58426386420615, 5708284.822936935350299 ], [ 1528191.589485806180164, 5708285.264929383061826 ], [ 1528191.135377293452621, 5708293.253487420268357 ] ] ] } },
{ "type": "Feature", "properties": { "building_id": 144 }, "geometry": { "type": "Polygon", "coordinates": [ [ [ 1528226.950720347696915, 5708310.229380124248564 ], [ 1528217.652963734231889, 5708309.480791843496263 ], [ 1528220.036079876823351, 5708279.552371500059962 ], [ 1528229.775423037353903, 5708280.322279201820493 ], [ 1528244.794602370122448, 5708277.171074339188635 ], [ 1528246.848671942949295, 5708287.030375842005014 ], [ 1528247.275035982951522, 5708291.628647953271866 ], [ 1528248.467928357655182, 5708297.340495037846267 ], [ 1528249.700193919241428, 5708303.267527611926198 ], [ 1528249.761322838487104, 5708304.813303688541055 ], [ 1528244.027759319636971, 5708304.965321853756905 ], [ 1528244.12810909608379, 5708309.443990531377494 ], [ 1528239.506958224577829, 5708309.570778732188046 ], [ 1528232.396040146006271, 5708309.371906343847513 ], [ 1528226.950720347696915, 5708310.229380124248564 ] ] ] } },
{ "type": "Feature", "properties": { "building_id": 172 }, "geometry": { "type": "Polygon", "coordinates": [ [ [ 1528222.07197156525217, 5708269.80101256724447 ], [ 1528221.334013659972697, 5708253.34005131945014 ], [ 1528248.035156625322998, 5708250.717869275249541 ], [ 1528252.042994831223041, 5708267.760039115324616 ], [ 1528222.07197156525217, 5708269.80101256724447 ] ] ] } },
{ "type": "Feature", "properties": { "building_id": 173 }, "geometry": { "type": "Polygon", "coordinates": [ [ [ 1528253.234531200258061, 5708219.389738784171641 ], [ 1528243.045383114600554, 5708222.732151485979557 ], [ 1528239.333778443746269, 5708223.946168676018715 ], [ 1528235.544190433109179, 5708211.141409192234278 ], [ 1528250.279774496331811, 5708207.885585584677756 ], [ 1528253.234531200258061, 5708219.389738784171641 ] ] ] } },
{ "type": "Feature", "properties": { "building_id": 196 }, "geometry": { "type": "Polygon", "coordinates": [ [ [ 1528245.643617350142449, 5708203.549417497590184 ], [ 1528243.166373317595571, 5708197.016211897134781 ], [ 1528246.840175852645189, 5708195.486917227506638 ], [ 1528247.004435525741428, 5708195.918635566718876 ], [ 1528255.639988999580964, 5708192.551533011719584 ], [ 1528254.285634548636153, 5708188.939809946343303 ], [ 1528257.641352838370949, 5708187.69152716267854 ], [ 1528257.053093135124072, 5708186.123088671825826 ], [ 1528262.504629785660654, 5708183.964083676226437 ], [ 1528274.28617892274633, 5708179.989008942618966 ], [ 1528280.009174944134429, 5708191.336864504031837 ], [ 1528257.375639716628939, 5708199.101551110856235 ], [ 1528245.643617350142449, 5708203.549417497590184 ] ] ] } },
{ "type": "Feature", "properties": { "building_id": 137 }, "geometry": { "type": "Polygon", "coordinates": [ [ [ 1528264.073762459913269, 5708294.055540223605931 ], [ 1528248.467928357655182, 5708297.340495037846267 ], [ 1528247.275035982951522, 5708291.628647953271866 ], [ 1528246.848671942949295, 5708287.030375842005014 ], [ 1528244.794602370122448, 5708277.171074339188635 ], [ 1528259.899515303550288, 5708274.006904310546815 ], [ 1528264.073762459913269, 5708294.055540223605931 ] ] ] } },
{ "type": "Feature", "properties": { "building_id": 174 }, "geometry": { "type": "Polygon", "coordinates": [ [ [ 1528255.781342130620033, 5708267.561997461132705 ], [ 1528252.796228401130065, 5708255.270599425770342 ], [ 1528249.51040377933532, 5708241.257999428547919 ], [ 1528246.6711006606929, 5708232.373216386884451 ], [ 1528256.021593999816105, 5708228.874428761191666 ], [ 1528258.856544345384464, 5708228.104185195639729 ], [ 1528261.928927536820993, 5708238.480243382975459 ], [ 1528263.400593288475648, 5708238.274777198210359 ], [ 1528264.957572974730283, 5708246.209441210143268 ], [ 1528261.609962626826018, 5708246.942932203412056 ], [ 1528262.151205059140921, 5708249.683533477596939 ], [ 1528268.039229810703546, 5708248.775865837931633 ], [ 1528264.850251556141302, 5708228.628564019687474 ], [ 1528269.510027007199824, 5708227.858714669942856 ], [ 1528269.900584952905774, 5708230.2107167346403 ], [ 1528275.88949557277374, 5708229.233131237328053 ], [ 1528275.941991644678637, 5708229.520038090646267 ], [ 1528278.10253748157993, 5708229.025142199359834 ], [ 1528279.848626086488366, 5708235.818510086275637 ], [ 1528271.879427863517776, 5708235.80628103017807 ], [ 1528273.4522495274432, 5708250.864412798546255 ], [ 1528275.455092136049643, 5708263.969799582846463 ], [ 1528255.781342130620033, 5708267.561997461132705 ] ] ] } },
{ "type": "Feature", "properties": { "building_id": 138 }, "geometry": { "type": "Polygon", "coordinates": [ [ [ 1528249.700193919241428, 5708303.267527611926198 ], [ 1528248.467928357655182, 5708297.340495037846267 ], [ 1528264.073762459913269, 5708294.055540223605931 ], [ 1528265.213718163548037, 5708299.509077909402549 ], [ 1528257.933179127983749, 5708301.023978578858078 ], [ 1528258.489353931276128, 5708303.721922636963427 ], [ 1528252.096789941657335, 5708304.979162866249681 ], [ 1528251.674114450113848, 5708302.855489839799702 ], [ 1528249.700193919241428, 5708303.267527611926198 ] ] ] } },
{ "type": "Feature", "properties": { "building_id": 195 }, "geometry": { "type": "Polygon", "coordinates": [ [ [ 1528257.267261944012716, 5708198.742238963954151 ], [ 1528260.851481145480648, 5708197.468978594057262 ], [ 1528280.033871673513204, 5708192.481542288325727 ], [ 1528283.328581480076537, 5708200.515298153273761 ], [ 1528268.146241765702143, 5708204.979877745732665 ], [ 1528258.560903575038537, 5708207.101791124790907 ], [ 1528256.376372490078211, 5708207.310227992013097 ], [ 1528255.430806356715038, 5708203.089942991733551 ], [ 1528258.49785924050957, 5708202.065926693379879 ], [ 1528257.267261944012716, 5708198.742238963954151 ] ] ] } },
{ "type": "Feature", "properties": { "building_id": 108 }, "geometry": { "type": "Polygon", "coordinates": [ [ [ 1528283.31616818276234, 5708291.600756070576608 ], [ 1528275.02751177828759, 5708292.856484254822135 ], [ 1528278.236455539939925, 5708306.3243906525895 ], [ 1528271.089157908689231, 5708307.526738381944597 ], [ 1528262.634510160190985, 5708274.150503378361464 ], [ 1528280.934340443927795, 5708270.8940444663167 ], [ 1528284.746437785681337, 5708291.308804902248085 ], [ 1528285.890969479922205, 5708291.055223619565368 ], [ 1528286.219447869574651, 5708297.339780623093247 ], [ 1528283.793271005153656, 5708297.501474780030549 ], [ 1528283.31616818276234, 5708291.600756070576608 ] ] ] } },
{ "type": "Feature", "properties": { "building_id": 167 }, "geometry": { "type": "Polygon", "coordinates": [ [ [ 1528281.130368098383769, 5708204.299419200979173 ], [ 1528286.452274665702134, 5708215.769659171812236 ], [ 1528281.963090176694095, 5708216.570834725163877 ], [ 1528281.234837283147499, 5708216.645082389935851 ], [ 1528275.552726153517142, 5708218.056654442101717 ], [ 1528275.694068999728188, 5708216.328164527192712 ], [ 1528269.616996175609529, 5708219.27824511565268 ], [ 1528268.876438251463696, 5708216.520181967876852 ], [ 1528266.846151223173365, 5708207.862842226400971 ], [ 1528270.971982633229345, 5708206.598185087554157 ], [ 1528271.500496788416058, 5708207.436193474568427 ], [ 1528281.130368098383769, 5708204.299419200979173 ] ] ] } },
{ "type": "Feature", "properties": { "building_id": 175 }, "geometry": { "type": "Polygon", "coordinates": [ [ [ 1528283.984815061790869, 5708246.540460558608174 ], [ 1528285.739057343453169, 5708246.496821533888578 ], [ 1528285.365908281877637, 5708243.944841506890953 ], [ 1528287.422622717218474, 5708243.705758092924953 ], [ 1528288.122521239565685, 5708248.136709340848029 ], [ 1528288.794230042491108, 5708255.256303617730737 ], [ 1528288.479864680208266, 5708265.235272415913641 ], [ 1528275.49852843512781, 5708263.927578898146749 ], [ 1528273.495685771340504, 5708250.822192182764411 ], [ 1528271.922864040592685, 5708235.76406049542129 ], [ 1528279.892062226543203, 5708235.776289509609342 ], [ 1528280.676651112502441, 5708235.745848047547042 ], [ 1528282.729751431383193, 5708235.735566660761833 ], [ 1528283.385307838441804, 5708240.265935151837766 ], [ 1528283.085092914523557, 5708240.318378514610231 ], [ 1528283.343059346778318, 5708242.038915582001209 ], [ 1528283.443055750336498, 5708242.026201141998172 ], [ 1528283.984815061790869, 5708246.540460558608174 ] ] ] } },
{ "type": "Feature", "properties": { "building_id": 166 }, "geometry": { "type": "Polygon", "coordinates": [ [ [ 1528286.457045469200239, 5708216.370486371219158 ], [ 1528284.853543559554964, 5708211.381653504446149 ], [ 1528283.826794811757281, 5708208.690563715063035 ], [ 1528283.167490486055613, 5708207.10669063590467 ], [ 1528281.757946691242978, 5708204.280786001123488 ], [ 1528283.638621056219563, 5708203.452459780499339 ], [ 1528286.21858950285241, 5708202.578032285906374 ], [ 1528291.995587012963369, 5708217.731525397859514 ], [ 1528291.522757684113458, 5708217.881351036950946 ], [ 1528287.476571443723515, 5708219.519178863614798 ], [ 1528286.457045469200239, 5708216.370486371219158 ] ] ] } },
{ "type": "Feature", "properties": { "building_id": 107 }, "geometry": { "type": "Polygon", "coordinates": [ [ [ 1528284.746437785681337, 5708291.308804902248085 ], [ 1528280.934340443927795, 5708270.8940444663167 ], [ 1528290.193819605745375, 5708271.355881316587329 ], [ 1528292.614950819639489, 5708289.57436831202358 ], [ 1528285.890969479922205, 5708291.055223619565368 ], [ 1528284.746437785681337, 5708291.308804902248085 ] ] ] } },
{ "type": "Feature", "properties": { "building_id": 176 }, "geometry": { "type": "Polygon", "coordinates": [ [ [ 1528288.396634280215949, 5708265.992044903337955 ], [ 1528288.750793847953901, 5708255.298524324782193 ], [ 1528288.079085076926276, 5708248.178930018097162 ], [ 1528285.997256736969575, 5708234.657508369535208 ], [ 1528297.104778370121494, 5708233.646824181079865 ], [ 1528299.785831564106047, 5708244.431462805718184 ], [ 1528296.683654493885115, 5708244.067485948093235 ], [ 1528296.558628878556192, 5708266.436433476395905 ], [ 1528288.396634280215949, 5708265.992044903337955 ] ] ] } },
{ "type": "Feature", "properties": { "building_id": 106 }, "geometry": { "type": "Polygon", "coordinates": [ [ [ 1528292.614950819639489, 5708289.57436831202358 ], [ 1528290.193819605745375, 5708271.355881316587329 ], [ 1528295.329638524213806, 5708271.137120283208787 ], [ 1528296.197652092436329, 5708289.302317121997476 ], [ 1528292.614950819639489, 5708289.57436831202358 ] ] ] } },
{ "type": "Feature", "properties": { "building_id": 105 }, "geometry": { "type": "Polygon", "coordinates": [ [ [ 1528295.66648298734799, 5708290.438173864036798 ], [ 1528295.741781097836792, 5708289.280769023112953 ], [ 1528294.914013630943373, 5708270.372419815510511 ], [ 1528306.001682365080342, 5708269.718997238203883 ], [ 1528308.49414235400036, 5708288.839744312688708 ], [ 1528308.34071038546972, 5708294.043861771002412 ], [ 1528295.410502186277881, 5708294.010037254542112 ], [ 1528295.445780863985419, 5708293.581486052833498 ], [ 1528294.005999068496749, 5708293.572909574955702 ], [ 1528294.098424470052123, 5708290.427558913826942 ], [ 1528295.66648298734799, 5708290.438173864036798 ] ] ] } },
{ "type": "Feature", "properties": { "building_id": 356 }, "geometry": { "type": "Polygon", "coordinates": [ [ [ 1528860.299211186124012, 5708132.670228665694594 ], [ 1528851.69548474973999, 5708139.471234206110239 ], [ 1528844.911496149376035, 5708131.182262434624135 ], [ 1528852.074563630856574, 5708124.429983587935567 ], [ 1528857.85114091518335, 5708118.81433829292655 ], [ 1528865.956145548960194, 5708127.410265889950097 ], [ 1528860.299211186124012, 5708132.670228665694594 ] ] ] } },
{ "type": "Feature", "properties": { "building_id": 344 }, "geometry": { "type": "Polygon", "coordinates": [ [ [ 1528846.124930498423055, 5708191.819776605814695 ], [ 1528852.061398666352034, 5708185.105250264517963 ], [ 1528857.431299572344869, 5708191.755580948665738 ], [ 1528857.301224686671048, 5708191.867950641550124 ], [ 1528859.274319992633536, 5708195.131787081249058 ], [ 1528866.551150943618268, 5708203.814803661778569 ], [ 1528871.047509707277641, 5708209.807652526535094 ], [ 1528865.46102771628648, 5708214.21056558471173 ], [ 1528861.574798404471949, 5708210.215567306615412 ], [ 1528860.577593179186806, 5708208.354620367288589 ], [ 1528846.124930498423055, 5708191.819776605814695 ] ] ] } },
{ "type": "Feature", "properties": { "building_id": 1481 }, "geometry": { "type": "Polygon", "coordinates": [ [ [ 1528845.564806119538844, 5708310.845966604538262 ], [ 1528845.715346695622429, 5708309.432278046384454 ], [ 1528847.142738142283633, 5708295.723281526938081 ], [ 1528857.682169831823558, 5708299.108447891660035 ], [ 1528855.20029017701745, 5708312.786456573754549 ], [ 1528850.570734925568104, 5708312.541531343013048 ], [ 1528845.482157768215984, 5708312.475286430679262 ], [ 1528845.546055491315201, 5708311.131744873709977 ], [ 1528845.564806119538844, 5708310.845966604538262 ] ] ] } },
{ "type": "Feature", "properties": { "building_id": 354 }, "geometry": { "type": "Polygon", "coordinates": [ [ [ 1528870.847410811576992, 5708162.688570481725037 ], [ 1528854.270108220633119, 5708142.558628802187741 ], [ 1528851.750022553605959, 5708139.629435770213604 ], [ 1528852.427325068973005, 5708139.168141579255462 ], [ 1528858.263708537211642, 5708134.282910628244281 ], [ 1528859.319228003034368, 5708133.341284462250769 ], [ 1528865.070918977726251, 5708139.282441128045321 ], [ 1528863.480400695232674, 5708140.701919487677515 ], [ 1528863.971155010629445, 5708141.224612233228981 ], [ 1528867.959237542469054, 5708145.993579505942762 ], [ 1528869.567285649711266, 5708147.99291181191802 ], [ 1528870.532294721109793, 5708149.181071322411299 ], [ 1528870.825983409537002, 5708149.543306833133101 ], [ 1528869.497411096701398, 5708150.62364955432713 ], [ 1528875.811229009181261, 5708157.989754760637879 ], [ 1528870.847410811576992, 5708162.688570481725037 ] ] ] } },
{ "type": "Feature", "properties": { "building_id": 1478 }, "geometry": { "type": "Polygon", "coordinates": [ [ [ 1528853.114982262719423, 5708335.696704666130245 ], [ 1528856.596873673610389, 5708324.609169727191329 ], [ 1528857.531246545957401, 5708322.306747870519757 ], [ 1528857.799495038343593, 5708321.567197642289102 ], [ 1528861.04569215583615, 5708322.748576597310603 ], [ 1528862.234958064509556, 5708319.649178078398108 ], [ 1528864.545621878001839, 5708320.486761386506259 ], [ 1528865.557553439866751, 5708317.78506186325103 ], [ 1528876.022965899202973, 5708320.439550979062915 ], [ 1528872.701032102340832, 5708331.329366942867637 ], [ 1528869.051991009386256, 5708340.35452339053154 ], [ 1528853.114982262719423, 5708335.696704666130245 ] ] ] } },
{ "type": "Feature", "properties": { "building_id": 1479 }, "geometry": { "type": "Polygon", "coordinates": [ [ [ 1528859.710461361566558, 5708316.090494431555271 ], [ 1528860.245433839503676, 5708312.894919742830098 ], [ 1528854.837130339117721, 5708312.308684313669801 ], [ 1528855.445255427621305, 5708309.900975511409342 ], [ 1528856.104546135757118, 5708307.86597465723753 ], [ 1528857.294189018430188, 5708299.302559143863618 ], [ 1528861.162341499235481, 5708300.822765558026731 ], [ 1528871.980912023456767, 5708303.683096561580896 ], [ 1528876.165198692353442, 5708305.95209529530257 ], [ 1528877.212146599078551, 5708307.370431629940867 ], [ 1528877.470318119972944, 5708309.992103828117251 ], [ 1528875.849455557297915, 5708320.594146435149014 ], [ 1528866.102406827267259, 5708318.494569950737059 ], [ 1528859.710461361566558, 5708316.090494431555271 ] ] ] } },
{ "type": "Feature", "properties": { "building_id": 1496 }, "geometry": { "type": "Polygon", "coordinates": [ [ [ 1528868.50778236775659, 5708286.106060289777815 ], [ 1528864.609972050413489, 5708298.259749623015523 ], [ 1528857.657000232720748, 5708296.175784202292562 ], [ 1528861.283698869403452, 5708283.130979551002383 ], [ 1528868.804534921422601, 5708285.366963831707835 ], [ 1528868.50778236775659, 5708286.106060289777815 ] ] ] } },
{ "type": "Feature", "properties": { "building_id": 1497 }, "geometry": { "type": "Polygon", "coordinates": [ [ [ 1528869.359777506906539, 5708283.602091274224222 ], [ 1528877.596008721506223, 5708288.395452213473618 ], [ 1528877.039104636292905, 5708289.359291571192443 ], [ 1528878.536438771523535, 5708290.241211517713964 ], [ 1528873.999186610803008, 5708301.354921513237059 ], [ 1528864.572921762708575, 5708298.802705127745867 ], [ 1528869.359777506906539, 5708283.602091274224222 ] ] ] } },
{ "type": "Feature", "properties": { "building_id": 349 }, "geometry": { "type": "Polygon", "coordinates": [ [ [ 1528875.79697616561316, 5708157.98952919524163 ], [ 1528869.497411096701398, 5708150.62364955432713 ], [ 1528870.518041891977191, 5708149.180845749564469 ], [ 1528878.606863753404468, 5708142.486093941144645 ], [ 1528884.612157088005915, 5708150.433747135102749 ], [ 1528875.79697616561316, 5708157.98952919524163 ] ] ] } },
{ "type": "Feature", "properties": { "building_id": 340 }, "geometry": { "type": "Polygon", "coordinates": [ [ [ 1528882.397745944792405, 5708184.283758307807148 ], [ 1528879.001964880852029, 5708179.924650117754936 ], [ 1528876.475786543916911, 5708181.915775273926556 ], [ 1528872.255052479216829, 5708176.528058526106179 ], [ 1528875.344061624025926, 5708174.102433471940458 ], [ 1528871.026259789476171, 5708168.541542265564203 ], [ 1528876.554349957266822, 5708164.223545052111149 ], [ 1528888.459716350538656, 5708179.559392083436251 ], [ 1528882.397745944792405, 5708184.283758307807148 ] ] ] } },
{ "type": "Feature", "properties": { "building_id": 350 }, "geometry": { "type": "Polygon", "coordinates": [ [ [ 1528884.612157088005915, 5708150.433747135102749 ], [ 1528878.606863753404468, 5708142.486093941144645 ], [ 1528884.234029343118891, 5708138.212582809850574 ], [ 1528881.152815123321488, 5708134.702380661852658 ], [ 1528885.490028833737597, 5708130.866169466637075 ], [ 1528888.427366614574566, 5708134.459912698715925 ], [ 1528894.866317408159375, 5708142.028220156207681 ], [ 1528884.612157088005915, 5708150.433747135102749 ] ] ] } },
{ "type": "Feature", "properties": { "building_id": 1432 }, "geometry": { "type": "Polygon", "coordinates": [ [ [ 1528878.609878580085933, 5708323.655928906984627 ], [ 1528883.391193757764995, 5708309.713908064179122 ], [ 1528892.631195769412443, 5708311.419238541275263 ], [ 1528890.753345317207277, 5708322.045826411806047 ], [ 1528890.595752274384722, 5708323.001685339026153 ], [ 1528889.945371915353462, 5708328.097841873764992 ], [ 1528888.706431497586891, 5708334.357598244212568 ], [ 1528876.50630111945793, 5708330.502755757421255 ], [ 1528878.609878580085933, 5708323.655928906984627 ] ] ] } },
{ "type": "Feature", "properties": { "building_id": 1500 }, "geometry": { "type": "Polygon", "coordinates": [ [ [ 1528877.734623919473961, 5708292.273954475298524 ], [ 1528878.328577536158264, 5708290.767159641720355 ], [ 1528879.21941833733581, 5708287.605832142755389 ], [ 1528877.900629463605583, 5708287.155849697068334 ], [ 1528878.639721852727234, 5708284.578574151732028 ], [ 1528879.944257342722267, 5708285.028330789878964 ], [ 1528890.826437141280621, 5708288.375966959632933 ], [ 1528892.709728937596083, 5708289.192473390139639 ], [ 1528893.064931255532429, 5708289.269612795673311 ], [ 1528890.839390199864283, 5708295.71398248989135 ], [ 1528890.526946836384013, 5708295.637519581243396 ], [ 1528884.180557447718456, 5708293.963678686879575 ], [ 1528877.734623919473961, 5708292.273954475298524 ] ] ] } },
{ "type": "Feature", "properties": { "building_id": 1426 }, "geometry": { "type": "Polygon", "coordinates": [ [ [ 1528895.622956883860752, 5708275.278152827173471 ], [ 1528883.989652178948745, 5708271.646870551630855 ], [ 1528888.862788591999561, 5708260.023575074970722 ], [ 1528899.251614679349586, 5708262.104660876095295 ], [ 1528899.95378424692899, 5708259.154910994693637 ], [ 1528914.483455768320709, 5708263.547177399508655 ], [ 1528910.637215559370816, 5708281.494672070257366 ], [ 1528898.41646611597389, 5708278.955496560782194 ], [ 1528901.074758301489055, 5708272.188999565318227 ], [ 1528897.545536546269432, 5708270.874430121853948 ], [ 1528895.622956883860752, 5708275.278152827173471 ] ] ] } },
{ "type": "Feature", "properties": { "building_id": 351 }, "geometry": { "type": "Polygon", "coordinates": [ [ [ 1528894.866317408159375, 5708142.028220156207681 ], [ 1528888.427366614574566, 5708134.459912698715925 ], [ 1528899.503579787444323, 5708125.452354971319437 ], [ 1528901.503067209618166, 5708127.944188537076116 ], [ 1528905.398299877066165, 5708125.016398408450186 ], [ 1528911.278159749461338, 5708131.874969728291035 ], [ 1528894.866317408159375, 5708142.028220156207681 ] ] ] } },
{ "type": "Feature", "properties": { "building_id": 1427 }, "geometry": { "type": "Polygon", "coordinates": [ [ [ 1528909.841036038007587, 5708303.123610124923289 ], [ 1528909.337204712675884, 5708309.781184461899102 ], [ 1528888.859746372560039, 5708306.467674349434674 ], [ 1528892.296665209811181, 5708296.423622048459947 ], [ 1528901.681075847940519, 5708298.917931191623211 ], [ 1528910.05477998056449, 5708300.409281515516341 ], [ 1528909.841036038007587, 5708303.123610124923289 ] ] ] } },
{ "type": "Feature", "properties": { "building_id": 1429 }, "geometry": { "type": "Polygon", "coordinates": [ [ [ 1528892.754886955488473, 5708310.806134424172342 ], [ 1528910.291089852107689, 5708312.585509332828224 ], [ 1528907.251075037289411, 5708325.496621670201421 ], [ 1528894.074050556169823, 5708323.929257373325527 ], [ 1528894.241759250639006, 5708322.329888583160937 ], [ 1528890.799027103930712, 5708321.860600272193551 ], [ 1528892.754886955488473, 5708310.806134424172342 ] ] ] } },
{ "type": "Feature", "properties": { "building_id": 345 }, "geometry": { "type": "Polygon", "coordinates": [ [ [ 1528856.69480004766956, 5708214.114727356471121 ], [ 1528841.097715983865783, 5708198.734643918462098 ], [ 1528846.052938643610105, 5708193.678100714460015 ], [ 1528861.635544904274866, 5708209.072241289541125 ], [ 1528856.69480004766956, 5708214.114727356471121 ] ] ] } },
{ "type": "Feature", "properties": { "building_id": 346 }, "geometry": { "type": "Polygon", "coordinates": [ [ [ 1528840.093540028436109, 5708216.35507470741868 ], [ 1528837.84430571529083, 5708218.86551086883992 ], [ 1528844.184230013750494, 5708224.572887737303972 ], [ 1528840.570030623814091, 5708228.663725646212697 ], [ 1528837.617389750434086, 5708226.042332925833762 ], [ 1528832.214315001387149, 5708232.379126260988414 ], [ 1528820.781315782107413, 5708221.456104355864227 ], [ 1528836.067485111765563, 5708204.934286612085998 ], [ 1528841.063502658624202, 5708198.190566440112889 ], [ 1528848.692005259450525, 5708208.080669076181948 ], [ 1528851.517958128126338, 5708206.065683899447322 ], [ 1528857.215100907953456, 5708213.665247539058328 ], [ 1528851.828600672073662, 5708218.042712052352726 ], [ 1528856.220289810094982, 5708222.532041467726231 ], [ 1528850.419773509027436, 5708226.945867137983441 ], [ 1528840.093540028436109, 5708216.35507470741868 ] ] ] } },
{ "type": "Feature", "properties": { "building_id": 347 }, "geometry": { "type": "Polygon", "coordinates": [ [ [ 1528821.728821719298139, 5708243.698946510441601 ], [ 1528812.201196393696591, 5708230.374448959715664 ], [ 1528819.804693605052307, 5708221.912661426700652 ], [ 1528831.9073564207647, 5708232.860590234398842 ], [ 1528839.460758762666956, 5708240.275019426830113 ], [ 1528834.860621477942914, 5708244.507594672963023 ], [ 1528829.761288007721305, 5708237.875798543915153 ], [ 1528821.728821719298139, 5708243.698946510441601 ] ] ] } },
{ "type": "Feature", "properties": { "building_id": 338 }, "geometry": { "type": "Polygon", "coordinates": [ [ [ 1528771.829166567651555, 5708245.626481140032411 ], [ 1528771.565381807042286, 5708237.926942552439868 ], [ 1528770.409991650376469, 5708237.9658582219854 ], [ 1528770.34254158497788, 5708235.003937246277928 ], [ 1528771.469425438903272, 5708234.964570119976997 ], [ 1528771.312025494873524, 5708230.470737339928746 ], [ 1528776.632426883326843, 5708230.29753387439996 ], [ 1528776.600917181931436, 5708229.581853554584086 ], [ 1528781.152333496836945, 5708229.353557928465307 ], [ 1528781.163952766219154, 5708227.708825218491256 ], [ 1528786.741805371595547, 5708227.482478445395827 ], [ 1528786.759142964379862, 5708229.099062433466315 ], [ 1528792.779512728797272, 5708228.836808681488037 ], [ 1528799.057560070184991, 5708228.507112990133464 ], [ 1528802.311895114835352, 5708230.074827956035733 ], [ 1528794.34204293647781, 5708245.510985689237714 ], [ 1528777.167733687441796, 5708246.111532710492611 ], [ 1528777.13622390688397, 5708245.395851135253906 ], [ 1528771.829166567651555, 5708245.626481140032411 ] ] ] } },
{ "type": "Feature", "properties": { "building_id": 348 }, "geometry": { "type": "Polygon", "coordinates": [ [ [ 1528821.772255385527387, 5708243.656723216176033 ], [ 1528810.036739810602739, 5708244.715334515087306 ], [ 1528807.033796479925513, 5708236.228637920692563 ], [ 1528812.24463003850542, 5708230.332225776277483 ], [ 1528821.772255385527387, 5708243.656723216176033 ] ] ] } },
{ "type": "Feature", "properties": { "building_id": 1492 }, "geometry": { "type": "Polygon", "coordinates": [ [ [ 1528837.139711466385052, 5708268.201940375380218 ], [ 1528840.4151608326938, 5708277.493977912701666 ], [ 1528841.843162573408335, 5708277.344938804395497 ], [ 1528841.161049779737368, 5708284.457386873662472 ], [ 1528838.030777722131461, 5708284.064544919878244 ], [ 1528832.393431729637086, 5708279.913048615679145 ], [ 1528832.285985276568681, 5708277.679969914257526 ], [ 1528830.29101068014279, 5708277.619779799133539 ], [ 1528829.800504239974543, 5708272.54850557167083 ], [ 1528821.964965862222016, 5708274.913298399187624 ], [ 1528817.56389115168713, 5708261.955996880307794 ], [ 1528834.996412812033668, 5708259.442766196094453 ], [ 1528837.139711466385052, 5708268.201940375380218 ] ] ] } },
{ "type": "Feature", "properties": { "building_id": 1491 }, "geometry": { "type": "Polygon", "coordinates": [ [ [ 1528813.705457988427952, 5708262.538572299294174 ], [ 1528819.463655390311033, 5708277.13368128798902 ], [ 1528817.745644525624812, 5708277.592806617729366 ], [ 1528818.682770445011556, 5708280.554206740111113 ], [ 1528813.409454993670806, 5708281.357544942758977 ], [ 1528815.601096022641286, 5708287.042211459949613 ], [ 1528803.18399217678234, 5708296.986944322474301 ], [ 1528797.16459344769828, 5708280.871463527902961 ], [ 1528789.874849096406251, 5708282.071968738920987 ], [ 1528784.115347281331196, 5708267.56263404712081 ], [ 1528813.705457988427952, 5708262.538572299294174 ] ] ] } },
{ "type": "Feature", "properties": { "building_id": 1494 }, "geometry": { "type": "Polygon", "coordinates": [ [ [ 1528846.804117064923048, 5708277.366254262626171 ], [ 1528846.149298263713717, 5708264.611300250515342 ], [ 1528856.676253655459732, 5708263.347561849281192 ], [ 1528857.655120940878987, 5708279.068508574739099 ], [ 1528854.25336771667935, 5708278.714286616072059 ], [ 1528853.771395173389465, 5708284.885859555564821 ], [ 1528846.110903407214209, 5708284.27827503439039 ], [ 1528846.686078167753294, 5708280.33955608215183 ], [ 1528846.804117064923048, 5708277.366254262626171 ] ] ] } },
{ "type": "Feature", "properties": { "building_id": 1465 }, "geometry": { "type": "Polygon", "coordinates": [ [ [ 1528789.726049749180675, 5708300.592933967709541 ], [ 1528789.002243746072054, 5708304.915505488403141 ], [ 1528783.22127987886779, 5708306.268635000102222 ], [ 1528769.206017638556659, 5708309.050457414239645 ], [ 1528768.525088718393818, 5708307.022844014689326 ], [ 1528765.465585937956348, 5708293.071153969503939 ], [ 1528753.740279305260628, 5708295.288460595533252 ], [ 1528748.732635026797652, 5708278.302146404050291 ], [ 1528780.18226998578757, 5708268.358568500727415 ], [ 1528789.726049749180675, 5708300.592933967709541 ] ] ] } },
{ "type": "Feature", "properties": { "building_id": 1483 }, "geometry": { "type": "Polygon", "coordinates": [ [ [ 1528823.044039917876944, 5708303.294658557511866 ], [ 1528815.541632466949522, 5708307.138013919815421 ], [ 1528816.966372337890789, 5708310.822331951931119 ], [ 1528813.983062025159597, 5708311.962308966554701 ], [ 1528812.696355416672304, 5708308.566250517033041 ], [ 1528808.826058618491516, 5708300.838163224980235 ], [ 1528808.429732690565288, 5708298.843668508343399 ], [ 1528814.33511881204322, 5708295.017948265187442 ], [ 1528821.088935613399372, 5708291.634770077653229 ], [ 1528828.552476037526503, 5708288.448772369883955 ], [ 1528830.070158490911126, 5708291.66252919100225 ], [ 1528838.868371375836432, 5708294.262052782811224 ], [ 1528839.61381054460071, 5708301.254075178876519 ], [ 1528829.386460789013654, 5708298.875088710337877 ], [ 1528828.362882277462631, 5708300.503813679330051 ], [ 1528823.044039917876944, 5708303.294658557511866 ] ] ] } },
{ "type": "Feature", "properties": { "building_id": 1476 }, "geometry": { "type": "Polygon", "coordinates": [ [ [ 1528853.039219310041517, 5708335.981581307947636 ], [ 1528841.385979040758684, 5708332.707498104311526 ], [ 1528840.495275532826781, 5708323.167079845443368 ], [ 1528840.535219891229644, 5708319.720503374002874 ], [ 1528838.468070809030905, 5708319.716387360356748 ], [ 1528838.255392788909376, 5708312.389494235627353 ], [ 1528845.160943996626884, 5708312.956529481336474 ], [ 1528845.089989206520841, 5708313.842239298857749 ], [ 1528847.353756848489866, 5708314.035414995625615 ], [ 1528856.293766340473667, 5708315.778946592472494 ], [ 1528855.907307647168636, 5708317.689533868804574 ], [ 1528859.342391074867919, 5708318.645042442716658 ], [ 1528857.792611471377313, 5708322.911643274128437 ], [ 1528854.554596533998847, 5708322.11659446079284 ], [ 1528854.249971313402057, 5708323.356200917623937 ], [ 1528856.805636431090534, 5708324.026019305922091 ], [ 1528853.039219310041517, 5708335.981581307947636 ] ] ] } },
{ "type": "Feature", "properties": { "building_id": 1475 }, "geometry": { "type": "Polygon", "coordinates": [ [ [ 1528851.554055957589298, 5708348.831496588885784 ], [ 1528842.558157948544249, 5708349.733274680562317 ], [ 1528839.207616376457736, 5708336.148835494183004 ], [ 1528852.583067418308929, 5708337.790942982770503 ], [ 1528852.268512183334678, 5708348.728375155478716 ], [ 1528851.554055957589298, 5708348.831496588885784 ] ] ] } },
{ "type": "Feature", "properties": { "building_id": 1538 }, "geometry": { "type": "Polygon", "coordinates": [ [ [ 1528486.886673436732963, 5708161.352305642329156 ], [ 1528486.36573101580143, 5708162.7457832749933 ], [ 1528483.63820525445044, 5708162.130357114598155 ], [ 1528482.296481826342642, 5708167.65883078891784 ], [ 1528437.145433448255062, 5708155.971364251337945 ], [ 1528438.651901967590675, 5708150.846017876639962 ], [ 1528435.102907433407381, 5708149.888556284829974 ], [ 1528438.506214910419658, 5708123.924556837417185 ], [ 1528452.870166919194162, 5708126.14075390715152 ], [ 1528450.346410400932655, 5708141.534141154959798 ], [ 1528484.622356246924028, 5708150.345580373890698 ], [ 1528490.387581523507833, 5708151.795904448255897 ], [ 1528489.788838468957692, 5708153.60294780600816 ], [ 1528486.886673436732963, 5708161.352305642329156 ] ] ] } },
{ "type": "Feature", "properties": { "building_id": 1537 }, "geometry": { "type": "Polygon", "coordinates": [ [ [ 1528506.407988524762914, 5708148.417032427154481 ], [ 1528515.784109031083062, 5708156.847530863247812 ], [ 1528503.045390404062346, 5708170.906015134416521 ], [ 1528494.737841856665909, 5708179.699597085826099 ], [ 1528485.069847853155807, 5708170.792406558990479 ], [ 1528489.915287857409567, 5708165.476871506310999 ], [ 1528487.033134242985398, 5708162.913713451474905 ], [ 1528484.02415891061537, 5708162.064964596182108 ], [ 1528486.84078518836759, 5708149.794342778623104 ], [ 1528490.116276849526912, 5708150.919085456058383 ], [ 1528495.508712701732293, 5708137.1302724564448 ], [ 1528507.075339049566537, 5708147.683839720673859 ], [ 1528506.407988524762914, 5708148.417032427154481 ] ] ] } },
{ "type": "Feature", "properties": { "building_id": 1542 }, "geometry": { "type": "Polygon", "coordinates": [ [ [ 1528527.661578661762178, 5708125.067685993388295 ], [ 1528520.636741104070097, 5708132.079359993338585 ], [ 1528529.8846375211142, 5708141.40891348477453 ], [ 1528515.784109031083062, 5708156.847530863247812 ], [ 1528504.819511463399976, 5708146.99008468631655 ], [ 1528514.263305665226653, 5708136.655474306084216 ], [ 1528505.713226551888511, 5708132.800906781107187 ], [ 1528505.567092131124809, 5708133.027443552389741 ], [ 1528498.831682896241546, 5708129.81671408098191 ], [ 1528504.763841897947714, 5708115.249802701175213 ], [ 1528505.161514735082164, 5708114.44081649556756 ], [ 1528504.80722454120405, 5708114.306463807821274 ], [ 1528505.71135569899343, 5708112.118080171756446 ], [ 1528513.877266923198476, 5708115.92363313678652 ], [ 1528520.895022008102387, 5708119.310467317700386 ], [ 1528520.260290643200278, 5708120.68783163651824 ], [ 1528513.311093766940758, 5708117.473725597374141 ], [ 1528512.582279644208029, 5708119.393127430230379 ], [ 1528522.134325340855867, 5708122.991813815198839 ], [ 1528527.661578661762178, 5708125.067685993388295 ] ] ] } },
{ "type": "Feature", "properties": { "building_id": 2144 }, "geometry": { "type": "Polygon", "coordinates": [ [ [ 1528527.661578661762178, 5708125.067685993388295 ], [ 1528540.560165810631588, 5708129.806510533206165 ], [ 1528529.884862893493846, 5708141.394613575190306 ], [ 1528520.636741104070097, 5708132.079359993338585 ], [ 1528527.661578661762178, 5708125.067685993388295 ] ] ] } },
{ "type": "Feature", "properties": { "building_id": 1518 }, "geometry": { "type": "Polygon", "coordinates": [ [ [ 1528551.586406841874123, 5708112.230833167210221 ], [ 1528558.339031879790127, 5708087.20683425385505 ], [ 1528579.668541818624362, 5708090.691874776035547 ], [ 1528578.948589813895524, 5708092.954698684625328 ], [ 1528578.414432788034901, 5708096.092977872118354 ], [ 1528577.589802084490657, 5708095.951169098727405 ], [ 1528575.45855487184599, 5708100.923564825206995 ], [ 1528568.155178747838363, 5708099.37739138212055 ], [ 1528560.827153728343546, 5708115.681502804160118 ], [ 1528551.586406841874123, 5708112.230833167210221 ] ] ] } },
{ "type": "Feature", "properties": { "building_id": 1517 }, "geometry": { "type": "Polygon", "coordinates": [ [ [ 1528574.193635507719591, 5708089.818358848802745 ], [ 1528559.263430456165224, 5708087.350227128714323 ], [ 1528562.086683162720874, 5708071.031932543031871 ], [ 1528574.024246785091236, 5708073.423986462876201 ], [ 1528574.333858153782785, 5708071.869828745722771 ], [ 1528577.602965510683134, 5708072.493810081854463 ], [ 1528576.515835059806705, 5708078.155011107213795 ], [ 1528587.313421089202166, 5708080.514666241593659 ], [ 1528586.691498738480732, 5708083.794583735987544 ], [ 1528581.146684059873223, 5708082.834143767133355 ], [ 1528579.742959491442889, 5708090.492807297967374 ], [ 1528574.193635507719591, 5708089.818358848802745 ] ] ] } },
{ "type": "Feature", "properties": { "building_id": 1519 }, "geometry": { "type": "Polygon", "coordinates": [ [ [ 1528561.108320955652744, 5708115.028004022315145 ], [ 1528568.198162261629477, 5708099.363769698888063 ], [ 1528575.444302133983001, 5708100.923338785767555 ], [ 1528573.666608745930716, 5708105.171869164332747 ], [ 1528579.89365938026458, 5708108.07409904897213 ], [ 1528578.272687682183459, 5708111.424002537503839 ], [ 1528581.386215415550396, 5708112.875117338262498 ], [ 1528576.94524638983421, 5708123.289115063846111 ], [ 1528561.108320955652744, 5708115.028004022315145 ] ] ] } },
{ "type": "Feature", "properties": { "building_id": 1520 }, "geometry": { "type": "Polygon", "coordinates": [ [ [ 1528576.390123165911064, 5708124.138518557883799 ], [ 1528576.685992907965556, 5708123.456644927151501 ], [ 1528580.87784724496305, 5708112.56668290682137 ], [ 1528581.172589806839824, 5708111.956309324130416 ], [ 1528581.271683229133487, 5708112.000791157595813 ], [ 1528582.901725091040134, 5708108.980009734630585 ], [ 1528590.879842953989282, 5708112.038733683526516 ], [ 1528591.403244150569662, 5708110.487958964891732 ], [ 1528591.786041052779183, 5708110.622760204598308 ], [ 1528592.647045792313293, 5708106.645755764096975 ], [ 1528593.713073376566172, 5708106.848604995757341 ], [ 1528593.899199344217777, 5708105.893226673826575 ], [ 1528607.584050355479121, 5708108.684841536916792 ], [ 1528605.6652171832975, 5708116.464094538241625 ], [ 1528595.816097289789468, 5708136.246944963932037 ], [ 1528585.45389608759433, 5708129.774790668860078 ], [ 1528585.234472238924354, 5708130.128897619433701 ], [ 1528583.060269815614447, 5708128.778498775325716 ], [ 1528583.279919002205133, 5708128.410092038102448 ], [ 1528576.884914942784235, 5708124.403827950358391 ], [ 1528576.390123165911064, 5708124.138518557883799 ] ] ] } },
{ "type": "Feature", "properties": { "building_id": 1521 }, "geometry": { "type": "Polygon", "coordinates": [ [ [ 1528617.728176492964849, 5708086.46083436626941 ], [ 1528616.335293622454628, 5708093.433114940300584 ], [ 1528613.456545854918659, 5708104.229462928138673 ], [ 1528608.06302746059373, 5708102.713602840900421 ], [ 1528606.539770263014361, 5708108.911441767588258 ], [ 1528594.182001594919711, 5708106.040745503269136 ], [ 1528595.859057410852984, 5708099.130178530700505 ], [ 1528597.965269143693149, 5708092.126297831535339 ], [ 1528599.524570578942075, 5708083.640500114299357 ], [ 1528601.826687922002748, 5708073.249835850670934 ], [ 1528620.191269036615267, 5708074.8998370943591 ], [ 1528617.728176492964849, 5708086.46083436626941 ] ], [ [ 1528612.357593695400283, 5708092.540450032800436 ], [ 1528613.891430004499853, 5708085.670529399067163 ], [ 1528607.504512434825301, 5708083.867156966589391 ], [ 1528605.688320102635771, 5708090.560957186855376 ], [ 1528612.357593695400283, 5708092.540450032800436 ] ] ] } },
{ "type": "Feature", "properties": { "building_id": 332 }, "geometry": { "type": "Polygon", "coordinates": [ [ [ 1528610.951417668489739, 5708208.061825203709304 ], [ 1528611.458579060155898, 5708203.921826086007059 ], [ 1528613.890679585747421, 5708185.279925969429314 ], [ 1528638.078678935999051, 5708188.323865276761353 ], [ 1528637.072594249155372, 5708206.945473998785019 ], [ 1528614.446958719054237, 5708204.26958373375237 ], [ 1528613.952024419326335, 5708208.53850937820971 ], [ 1528610.951417668489739, 5708208.061825203709304 ] ] ] } },
{ "type": "Feature", "properties": { "building_id": 1506 }, "geometry": { "type": "Polygon", "coordinates": [ [ [ 1528631.768429533112794, 5708108.324497118592262 ], [ 1528618.612273992504925, 5708105.455481325276196 ], [ 1528623.660880099982023, 5708082.707280809991062 ], [ 1528635.295791866956279, 5708085.3090082956478 ], [ 1528639.268921709852293, 5708085.586543696001172 ], [ 1528639.080229477956891, 5708088.515749352052808 ], [ 1528635.007554503856227, 5708088.222332303412259 ], [ 1528635.212532271863893, 5708091.501061273738742 ], [ 1528631.768429533112794, 5708108.324497118592262 ] ] ] } },
{ "type": "Feature", "properties": { "building_id": 1502 }, "geometry": { "type": "Polygon", "coordinates": [ [ [ 1528646.34725180384703, 5708155.742757640779018 ], [ 1528646.436305729206651, 5708154.614192207343876 ], [ 1528643.903647026279941, 5708155.203399230726063 ], [ 1528644.324531532824039, 5708150.203844836913049 ], [ 1528646.801819905173033, 5708150.414756268262863 ], [ 1528647.550027348101139, 5708141.830217204988003 ], [ 1528653.206590143498033, 5708142.034308555535972 ], [ 1528653.588664124486968, 5708147.647333260625601 ], [ 1528660.666459486354142, 5708148.131410596892238 ], [ 1528659.673331225989386, 5708157.784838016144931 ], [ 1528646.34725180384703, 5708155.742757640779018 ] ] ] } },
{ "type": "Feature", "properties": { "building_id": 1503 }, "geometry": { "type": "Polygon", "coordinates": [ [ [ 1528666.96338742855005, 5708143.88295332994312 ], [ 1528664.214171116705984, 5708143.739255142398179 ], [ 1528664.614036150742322, 5708139.168477447703481 ], [ 1528663.688504596240819, 5708139.096594147384167 ], [ 1528663.766905880067497, 5708137.739006104879081 ], [ 1528663.44606903847307, 5708128.236415359191597 ], [ 1528653.772864582249895, 5708126.895904900506139 ], [ 1528653.416478225262836, 5708125.989137780852616 ], [ 1528653.256636815844104, 5708124.370313188992441 ], [ 1528652.038521311013028, 5708111.191832638345659 ], [ 1528663.833139905007556, 5708109.991347808390856 ], [ 1528674.701689529232681, 5708110.564100220799446 ], [ 1528672.44212219142355, 5708129.122776086442173 ], [ 1528672.083894328447059, 5708133.765726301819086 ], [ 1528671.472835710505024, 5708142.695717087946832 ], [ 1528667.043364344863221, 5708142.425265099853277 ], [ 1528666.96338742855005, 5708143.88295332994312 ] ] ] } },
{ "type": "Feature", "properties": { "building_id": 724 }, "geometry": { "type": "Polygon", "coordinates": [ [ [ 1528223.26651729317382, 5708087.664357281289995 ], [ 1528222.036009688628837, 5708078.018609658814967 ], [ 1528229.224532759282738, 5708076.902807727456093 ], [ 1528229.444469365524128, 5708078.322339467704296 ], [ 1528231.702491361182183, 5708077.972046722657979 ], [ 1528231.482328559039161, 5708076.566814878955483 ], [ 1528238.813602041453123, 5708075.438971472904086 ], [ 1528239.316988890059292, 5708084.186344228684902 ], [ 1528223.26651729317382, 5708087.664357281289995 ] ] ] } },
{ "type": "Feature", "properties": { "building_id": 738 }, "geometry": { "type": "Polygon", "coordinates": [ [ [ 1528156.172463594237342, 5708096.037616576068103 ], [ 1528141.202224433654919, 5708100.619729056954384 ], [ 1528135.227089159190655, 5708081.787210105918348 ], [ 1528134.117384418845177, 5708079.838598099537194 ], [ 1528143.446260045049712, 5708075.896239185705781 ], [ 1528144.56026004976593, 5708077.573153188452125 ], [ 1528145.220691978232935, 5708080.887741779908538 ], [ 1528153.636036745738238, 5708077.016659657470882 ], [ 1528156.142383428523317, 5708084.408469937741756 ], [ 1528152.671313108643517, 5708085.740685624070466 ], [ 1528156.172463594237342, 5708096.037616576068103 ] ] ] } },
{ "type": "Feature", "properties": { "building_id": 750 }, "geometry": { "type": "Polygon", "coordinates": [ [ [ 1528265.875198763329536, 5708106.836013258434832 ], [ 1528251.254538754699752, 5708111.852975783869624 ], [ 1528246.473585413303226, 5708097.731010258197784 ], [ 1528263.902432444505394, 5708091.828977269120514 ], [ 1528268.641329554608092, 5708105.907345448620617 ], [ 1528265.875198763329536, 5708106.836013258434832 ] ] ] } },
{ "type": "Feature", "properties": { "building_id": 721 }, "geometry": { "type": "Polygon", "coordinates": [ [ [ 1528249.248489488847554, 5708110.691115755587816 ], [ 1528267.492531135911122, 5708106.432616653852165 ], [ 1528268.577685604570433, 5708110.84101846255362 ], [ 1528264.598941443255171, 5708111.821930138394237 ], [ 1528266.457637656712905, 5708117.801705637946725 ], [ 1528266.04182421695441, 5708117.952434491366148 ], [ 1528266.178481123410165, 5708118.326496241614223 ], [ 1528261.576252505416051, 5708119.969759693369269 ], [ 1528261.767662276048213, 5708120.487726410850883 ], [ 1528252.539661993738264, 5708123.45919715706259 ], [ 1528249.248489488847554, 5708110.691115755587816 ] ] ] } },
{ "type": "Feature", "properties": { "building_id": 727 }, "geometry": { "type": "Polygon", "coordinates": [ [ [ 1528228.18660700507462, 5708111.929664323106408 ], [ 1528242.135896705556661, 5708109.705539827235043 ], [ 1528243.782043467042968, 5708120.116008847020566 ], [ 1528224.830496499547735, 5708123.133119845762849 ], [ 1528223.184371303999797, 5708112.722644168883562 ], [ 1528228.18660700507462, 5708111.929664323106408 ] ] ] } },
{ "type": "Feature", "properties": { "building_id": 715 }, "geometry": { "type": "Polygon", "coordinates": [ [ [ 1528281.178615049691871, 5708143.452937797643244 ], [ 1528270.214210745180026, 5708116.445371707901359 ], [ 1528275.033416845137253, 5708115.506421703845263 ], [ 1528282.147058652248234, 5708113.717120468616486 ], [ 1528282.944005460944027, 5708118.321192012168467 ], [ 1528279.621563356369734, 5708119.269631097093225 ], [ 1528282.175495706498623, 5708125.460705948062241 ], [ 1528282.648997582495213, 5708125.267982647754252 ], [ 1528285.940751063404605, 5708133.487575863488019 ], [ 1528289.855914482614025, 5708132.019323852844536 ], [ 1528293.197177305584773, 5708138.909483399242163 ], [ 1528281.178615049691871, 5708143.452937797643244 ] ] ] } },
{ "type": "Feature", "properties": { "building_id": 716 }, "geometry": { "type": "Polygon", "coordinates": [ [ [ 1528292.188359707826748, 5708137.79208382871002 ], [ 1528289.980803120881319, 5708132.235860616900027 ], [ 1528288.402613232145086, 5708132.86874006409198 ], [ 1528285.900748671265319, 5708127.894283785484731 ], [ 1528287.257214846555144, 5708126.857384533621371 ], [ 1528294.391180651728064, 5708123.781082935631275 ], [ 1528294.628736892249435, 5708124.085230608470738 ], [ 1528301.25685375649482, 5708121.444292989559472 ], [ 1528305.395306879188865, 5708132.924217557534575 ], [ 1528292.188359707826748, 5708137.79208382871002 ] ] ] } },
{ "type": "Feature", "properties": { "building_id": 730 }, "geometry": { "type": "Polygon", "coordinates": [ [ [ 1528239.053492855746299, 5708135.173903447575867 ], [ 1528237.662266924511641, 5708131.189724432304502 ], [ 1528235.475999747635797, 5708125.190422920510173 ], [ 1528245.193620539503172, 5708123.714312156662345 ], [ 1528249.4500632584095, 5708134.037559824064374 ], [ 1528254.930781726725399, 5708148.084882858209312 ], [ 1528249.993972998578101, 5708151.053052891977131 ], [ 1528247.017899213125929, 5708152.636343345977366 ], [ 1528237.127908325288445, 5708155.997783572413027 ], [ 1528235.97953143180348, 5708147.468943086452782 ], [ 1528225.966663936385885, 5708149.58401102386415 ], [ 1528224.37761503062211, 5708141.877771077677608 ], [ 1528232.117030306253582, 5708139.2831552317366 ], [ 1528236.838515494018793, 5708138.213938605040312 ], [ 1528236.177618816494942, 5708135.829054342582822 ], [ 1528239.053492855746299, 5708135.173903447575867 ] ] ] } },
{ "type": "Feature", "properties": { "building_id": 741 }, "geometry": { "type": "Polygon", "coordinates": [ [ [ 1528137.432738266419619, 5708128.952097849920392 ], [ 1528145.747248270083219, 5708126.052033712156117 ], [ 1528150.422395438887179, 5708139.643185762688518 ], [ 1528147.24630162678659, 5708140.350746473297477 ], [ 1528141.273739815456793, 5708142.100884116254747 ], [ 1528138.379130350193009, 5708132.214041232131422 ], [ 1528137.432738266419619, 5708128.952097849920392 ] ] ] } },
{ "type": "Feature", "properties": { "building_id": 736 }, "geometry": { "type": "Polygon", "coordinates": [ [ [ 1528218.344694481464103, 5708153.768180835060775 ], [ 1528219.661332427756861, 5708160.6691038236022 ], [ 1528212.508045359747484, 5708162.257484815083444 ], [ 1528211.051595240598544, 5708155.182694357819855 ], [ 1528209.343296391423792, 5708146.001290865242481 ], [ 1528207.433749235002324, 5708131.510107303038239 ], [ 1528209.862141002668068, 5708131.205437478609383 ], [ 1528210.12257522623986, 5708132.768656903877854 ], [ 1528212.265911858528852, 5708132.459453807212412 ], [ 1528214.932829920900986, 5708144.13058867584914 ], [ 1528218.080866266041994, 5708143.393950430676341 ], [ 1528220.350251057650894, 5708153.156410791911185 ], [ 1528218.344694481464103, 5708153.768180835060775 ] ] ] } },
{ "type": "Feature", "properties": { "building_id": 766 }, "geometry": { "type": "Polygon", "coordinates": [ [ [ 1528151.742273152340204, 5708153.552874432876706 ], [ 1528147.303764708572999, 5708140.323053614236414 ], [ 1528147.628624951699749, 5708139.613047212362289 ], [ 1528154.468134149443358, 5708138.935153916478157 ], [ 1528166.651024473831058, 5708135.724709845148027 ], [ 1528167.849946711678058, 5708141.050370837561786 ], [ 1528168.707599024288356, 5708140.906673792749643 ], [ 1528169.846421245019883, 5708150.036111784167588 ], [ 1528151.742273152340204, 5708153.552874432876706 ] ] ] } },
{ "type": "Feature", "properties": { "building_id": 712 }, "geometry": { "type": "Polygon", "coordinates": [ [ [ 1528274.241839903173968, 5708180.088429069146514 ], [ 1528256.979344939114526, 5708186.27925553265959 ], [ 1528257.442038608947769, 5708187.674055415205657 ], [ 1528254.285860362928361, 5708188.925509972497821 ], [ 1528255.517358505399898, 5708192.191994548775256 ], [ 1528246.810992629500106, 5708195.52936402708292 ], [ 1528243.736936343135312, 5708188.872248567640781 ], [ 1528242.790048409020528, 5708185.638895152136683 ], [ 1528250.535819541430101, 5708182.64385228138417 ], [ 1528246.691356412135065, 5708173.314042584970593 ], [ 1528253.449804809177294, 5708169.64534367993474 ], [ 1528265.368618397042155, 5708164.199206106364727 ], [ 1528274.241839903173968, 5708180.088429069146514 ] ] ] } },
{ "type": "Feature", "properties": { "building_id": 165 }, "geometry": { "type": "Polygon", "coordinates": [ [ [ 1528296.64185859519057, 5708265.679660866037011 ], [ 1528296.727090596454218, 5708244.02526525221765 ], [ 1528299.117748775519431, 5708244.306417223997414 ], [ 1528309.593378971563652, 5708242.684921871870756 ], [ 1528314.305336022051051, 5708252.157292856834829 ], [ 1528315.935080283554271, 5708262.710689049214125 ], [ 1528296.64185859519057, 5708265.679660866037011 ] ] ] } },
{ "type": "Feature", "properties": { "building_id": 711 }, "geometry": { "type": "Polygon", "coordinates": [ [ [ 1528311.171002007089555, 5708130.999201882630587 ], [ 1528302.376579495612532, 5708104.698452978394926 ], [ 1528300.405000036815181, 5708099.546498206444085 ], [ 1528301.62415637075901, 5708099.079554840922356 ], [ 1528304.929655829444528, 5708105.525710222311318 ], [ 1528317.456739297136664, 5708101.276391016319394 ], [ 1528320.305101584875956, 5708109.589028830640018 ], [ 1528322.211549559142441, 5708108.932753877714276 ], [ 1528324.482293040491641, 5708115.905999624170363 ], [ 1528322.576746541308239, 5708116.505076108500361 ], [ 1528323.550807772669941, 5708119.82464868016541 ], [ 1528325.528114973800257, 5708126.421350457705557 ], [ 1528311.171002007089555, 5708130.999201882630587 ] ] ] } },
{ "type": "Feature", "properties": { "building_id": 748 }, "geometry": { "type": "Polygon", "coordinates": [ [ [ 1528341.150180645054206, 5708072.402361866086721 ], [ 1528341.960884750820696, 5708075.233006156980991 ], [ 1528336.331821135245264, 5708076.902898423373699 ], [ 1528335.504834877094254, 5708074.20072484202683 ], [ 1528329.888217952568084, 5708075.98523763101548 ], [ 1528324.180891670519486, 5708078.097283923998475 ], [ 1528314.686926546506584, 5708081.665321918204427 ], [ 1528310.053511333651841, 5708083.479748946614563 ], [ 1528308.921228269813582, 5708077.540154440328479 ], [ 1528308.539952896535397, 5708075.503015778958797 ], [ 1528311.699501938652247, 5708074.938173546455801 ], [ 1528311.173893490573391, 5708073.013169270008802 ], [ 1528308.000092417467386, 5708073.577784738503397 ], [ 1528307.931183437351137, 5708069.814902083016932 ], [ 1528307.917124351253733, 5708068.89926290512085 ], [ 1528307.950499176979065, 5708065.881782456301153 ], [ 1528311.045553042320535, 5708064.886815312318504 ], [ 1528327.132288437569514, 5708059.106388428248465 ], [ 1528327.512630525976419, 5708060.299609644338489 ], [ 1528336.238539326703176, 5708057.520352566614747 ], [ 1528341.150180645054206, 5708072.402361866086721 ] ] ] } },
{ "type": "Feature", "properties": { "building_id": 705 }, "geometry": { "type": "Polygon", "coordinates": [ [ [ 1528328.369293831754476, 5708099.96221328061074 ], [ 1528334.327314409660175, 5708098.226030717603862 ], [ 1528346.48677330208011, 5708094.686004344373941 ], [ 1528351.408489325083792, 5708111.642227689735591 ], [ 1528333.977818430634215, 5708116.757726387120783 ], [ 1528323.579313283320516, 5708119.82510157302022 ], [ 1528322.605252041248605, 5708116.505529001355171 ], [ 1528324.510798538802192, 5708115.906452514231205 ], [ 1528322.240055034868419, 5708108.933206774294376 ], [ 1528320.33360706246458, 5708109.589481731876731 ], [ 1528317.47099202265963, 5708101.276617472060025 ], [ 1528327.547984352102503, 5708097.803652060218155 ], [ 1528328.369293831754476, 5708099.96221328061074 ] ] ] } },
{ "type": "Feature", "properties": { "building_id": 702 }, "geometry": { "type": "Polygon", "coordinates": [ [ [ 1528360.379170574480668, 5708145.75545163732022 ], [ 1528350.667708290973678, 5708148.647835713811219 ], [ 1528347.923850317718461, 5708140.937578070908785 ], [ 1528339.292668031295761, 5708144.033053969033062 ], [ 1528342.746522755129263, 5708153.728479347191751 ], [ 1528333.740916529437527, 5708157.06116590090096 ], [ 1528330.840775600401685, 5708150.220926405861974 ], [ 1528329.276386719429865, 5708150.882640620693564 ], [ 1528327.040524003095925, 5708145.311665347777307 ], [ 1528328.629129477078095, 5708144.922103005461395 ], [ 1528327.846703518880531, 5708142.106188387610018 ], [ 1528323.150346447480842, 5708143.390405313111842 ], [ 1528319.768809584435076, 5708130.921258974820375 ], [ 1528338.913232841994613, 5708125.618453295901418 ], [ 1528341.035146799869835, 5708132.989840594120324 ], [ 1528355.500178067479283, 5708128.799847777932882 ], [ 1528360.379170574480668, 5708145.75545163732022 ] ] ] } },
{ "type": "Feature", "properties": { "building_id": 707 }, "geometry": { "type": "Polygon", "coordinates": [ [ [ 1528327.51947891106829, 5708097.803199181333184 ], [ 1528322.381383821368217, 5708082.817418807186186 ], [ 1528325.37712456448935, 5708081.792260139249265 ], [ 1528330.809815121348947, 5708079.919006674550474 ], [ 1528335.947922789957374, 5708094.904777561314404 ], [ 1528327.51947891106829, 5708097.803199181333184 ] ] ] } },
{ "type": "Feature", "properties": { "building_id": 704 }, "geometry": { "type": "Polygon", "coordinates": [ [ [ 1528325.528114973800257, 5708126.421350457705557 ], [ 1528323.550807772669941, 5708119.82464868016541 ], [ 1528333.949312928831205, 5708116.757273526862264 ], [ 1528351.379983837716281, 5708111.641774886287749 ], [ 1528353.28740004892461, 5708118.151533607393503 ], [ 1528325.528114973800257, 5708126.421350457705557 ] ] ] } },
{ "type": "Feature", "properties": { "building_id": 708 }, "geometry": { "type": "Polygon", "coordinates": [ [ [ 1528346.665821759728715, 5708091.470581498928368 ], [ 1528335.359724857611582, 5708095.138591161929071 ], [ 1528331.554340402362868, 5708079.716284107416868 ], [ 1528331.195766242220998, 5708079.853621338494122 ], [ 1528329.914466443471611, 5708076.128688468597829 ], [ 1528334.485898260260001, 5708074.627942229621112 ], [ 1528335.685068809427321, 5708078.137018294073641 ], [ 1528342.326038530794904, 5708075.582088044844568 ], [ 1528346.665821759728715, 5708091.470581498928368 ] ] ] } },
{ "type": "Feature", "properties": { "building_id": 197 }, "geometry": { "type": "Polygon", "coordinates": [ [ [ 1528340.940768206724897, 5708172.394494189880788 ], [ 1528342.301058314042166, 5708176.535522747784853 ], [ 1528334.633773484267294, 5708178.173053519800305 ], [ 1528334.145010457141325, 5708175.719382923096418 ], [ 1528328.595143683487549, 5708161.527931935153902 ], [ 1528339.584345089271665, 5708157.168301019817591 ], [ 1528343.066223774570972, 5708165.991670527495444 ], [ 1528349.034214871702716, 5708163.626268828287721 ], [ 1528349.361163384979591, 5708164.589798405766487 ], [ 1528349.642419885378331, 5708165.738548066467047 ], [ 1528343.774613110814244, 5708167.175812944769859 ], [ 1528344.625412313267589, 5708171.079888573847711 ], [ 1528340.940768206724897, 5708172.394494189880788 ] ] ] } },
{ "type": "Feature", "properties": { "building_id": 703 }, "geometry": { "type": "Polygon", "coordinates": [ [ [ 1528355.500178067479283, 5708128.799847777932882 ], [ 1528341.035146799869835, 5708132.989840594120324 ], [ 1528338.913232841994613, 5708125.618453295901418 ], [ 1528353.378253099741414, 5708121.428467183373868 ], [ 1528355.500178067479283, 5708128.799847777932882 ] ] ] } },
{ "type": "Feature", "properties": { "building_id": 199 }, "geometry": { "type": "Polygon", "coordinates": [ [ [ 1528349.033989209681749, 5708163.640568766742945 ], [ 1528342.851077298400924, 5708166.074073904193938 ], [ 1528339.541586642852053, 5708157.167621752247214 ], [ 1528346.054564572637901, 5708154.596329499036074 ], [ 1528351.611698069376871, 5708152.067063873633742 ], [ 1528350.667708290973678, 5708148.647835713811219 ], [ 1528360.107013545930386, 5708145.83694970048964 ], [ 1528364.7628669727128, 5708160.672118184156716 ], [ 1528354.110892273019999, 5708162.63414697162807 ], [ 1528349.033989209681749, 5708163.640568766742945 ] ] ] } },
{ "type": "Feature", "properties": { "building_id": 200 }, "geometry": { "type": "Polygon", "coordinates": [ [ [ 1528343.560950582148507, 5708176.197948642075062 ], [ 1528341.684362916043028, 5708171.347845406271517 ], [ 1528344.556143485475332, 5708170.048933883197606 ], [ 1528342.624576251255348, 5708165.069229054264724 ], [ 1528364.737971516093239, 5708160.442866499535739 ], [ 1528368.207393123535439, 5708173.671519831754267 ], [ 1528347.445207600947469, 5708176.688758392818272 ], [ 1528347.475257001817226, 5708175.687987863086164 ], [ 1528343.560950582148507, 5708176.197948642075062 ] ] ] } },
{ "type": "Feature", "properties": { "building_id": 701 }, "geometry": { "type": "Polygon", "coordinates": [ [ [ 1528348.595273753395304, 5708185.117514011450112 ], [ 1528347.445207600947469, 5708176.688758392818272 ], [ 1528368.493352511432022, 5708173.618847562931478 ], [ 1528370.4359573982656, 5708182.417774077504873 ], [ 1528356.119619097094983, 5708184.407430418767035 ], [ 1528356.081373552791774, 5708184.120751836337149 ], [ 1528348.595273753395304, 5708185.117514011450112 ] ] ] } },
{ "type": "Feature", "properties": { "building_id": 785 }, "geometry": { "type": "Polygon", "coordinates": [ [ [ 1528354.115802302025259, 5708105.406024883501232 ], [ 1528352.019498681649566, 5708093.701135723851621 ], [ 1528363.033124723238871, 5708091.401586979627609 ], [ 1528379.188549888087437, 5708088.497123379260302 ], [ 1528379.782092607580125, 5708091.53887149412185 ], [ 1528380.243035319261253, 5708093.949164622463286 ], [ 1528368.376052048290148, 5708096.120754306204617 ], [ 1528369.957095124991611, 5708104.341725595295429 ], [ 1528375.657511549303308, 5708104.475171865895391 ], [ 1528386.076445658691227, 5708103.725220239721239 ], [ 1528388.64148638676852, 5708103.794561759568751 ], [ 1528388.915663453517482, 5708113.525250901468098 ], [ 1528376.492759853368625, 5708114.78691079840064 ], [ 1528357.065471155336127, 5708117.23891132697463 ], [ 1528354.115802302025259, 5708105.406024883501232 ] ] ] } },
{ "type": "Feature", "properties": { "building_id": 786 }, "geometry": { "type": "Polygon", "coordinates": [ [ [ 1528360.176703852601349, 5708129.675124167464674 ], [ 1528357.285014679422602, 5708119.588164285756648 ], [ 1528372.462280419887975, 5708117.240304426290095 ], [ 1528380.165535820415244, 5708116.933543910272419 ], [ 1528380.158767520682886, 5708117.362539839930832 ], [ 1528384.803586221765727, 5708117.536429648287594 ], [ 1528384.825058258138597, 5708117.079060323536396 ], [ 1528403.163616449106485, 5708117.670648811385036 ], [ 1528403.143498786259443, 5708118.042219026014209 ], [ 1528405.593393916729838, 5708118.181244621984661 ], [ 1528405.541680380236357, 5708125.074688524007797 ], [ 1528403.351265634642914, 5708124.753838114440441 ], [ 1528403.332074508769438, 5708130.4892224278301 ], [ 1528380.48216831125319, 5708130.298001945018768 ], [ 1528379.945555488346145, 5708125.454908738844097 ], [ 1528360.176703852601349, 5708129.675124167464674 ] ] ] } },
{ "type": "Feature", "properties": { "building_id": 787 }, "geometry": { "type": "Polygon", "coordinates": [ [ [ 1528382.402108443900943, 5708143.244534419849515 ], [ 1528374.492335807299241, 5708144.89254591986537 ], [ 1528373.762355481041595, 5708141.462418389506638 ], [ 1528364.963945718016475, 5708143.410984197631478 ], [ 1528362.503402994479984, 5708132.200884364545345 ], [ 1528371.47351237735711, 5708130.212140037678182 ], [ 1528373.584701691754162, 5708140.072158807888627 ], [ 1528381.395151919219643, 5708138.393964654766023 ], [ 1528382.402108443900943, 5708143.244534419849515 ] ] ] } },
{ "type": "Feature", "properties": { "building_id": 792 }, "geometry": { "type": "Polygon", "coordinates": [ [ [ 1528372.072539332089946, 5708166.337983377277851 ], [ 1528364.357618999201804, 5708142.98655254021287 ], [ 1528373.762355481041595, 5708141.462418389506638 ], [ 1528374.492335807299241, 5708144.89254591986537 ], [ 1528382.402108443900943, 5708143.244534419849515 ], [ 1528381.395151919219643, 5708138.393964654766023 ], [ 1528387.252330939983949, 5708137.628774329088628 ], [ 1528387.342570729088038, 5708131.908817281015217 ], [ 1528381.641459749313071, 5708131.818277481943369 ], [ 1528381.661313279997557, 5708130.559887455776334 ], [ 1528402.424859486985952, 5708130.160140450112522 ], [ 1528401.053356385789812, 5708138.477287833578885 ], [ 1528404.720157860778272, 5708138.292353888973594 ], [ 1528404.918677682057023, 5708145.590284346602857 ], [ 1528400.082015694584697, 5708145.828159438446164 ], [ 1528401.834604016039521, 5708159.444317702203989 ], [ 1528381.823428077623248, 5708164.56187110953033 ], [ 1528372.072539332089946, 5708166.337983377277851 ] ], [ [ 1528383.857113214908168, 5708150.419388947077096 ], [ 1528384.509331196313724, 5708155.164206709712744 ], [ 1528393.077262656064704, 5708154.27041841018945 ], [ 1528392.371291328687221, 5708146.606834871694446 ], [ 1528390.001040011877194, 5708146.840960833244026 ], [ 1528390.420808847760782, 5708149.15048985928297 ], [ 1528383.857113214908168, 5708150.419388947077096 ] ] ] } },
{ "type": "Feature", "properties": { "building_id": 1613 }, "geometry": { "type": "Polygon", "coordinates": [ [ [ 1528365.694797905860469, 5708060.047940157353878 ], [ 1528365.726424091262743, 5708058.947084071114659 ], [ 1528375.878791996045038, 5708057.921150583773851 ], [ 1528378.434079033322632, 5708057.704272728413343 ], [ 1528381.272839901968837, 5708057.592019552364945 ], [ 1528386.764174512587488, 5708057.421767126768827 ], [ 1528390.731376797426492, 5708057.17009443230927 ], [ 1528391.268934815423563, 5708062.857063610106707 ], [ 1528397.681917648529634, 5708062.10069911647588 ], [ 1528398.296793110202998, 5708066.501595612615347 ], [ 1528383.627978327684104, 5708069.157931813970208 ], [ 1528384.432418625801802, 5708073.290079027414322 ], [ 1528399.837191121652722, 5708070.97440436296165 ], [ 1528398.608287775423378, 5708095.556727225892246 ], [ 1528407.593366549583152, 5708095.327511907555163 ], [ 1528410.859495173208416, 5708095.236338153481483 ], [ 1528424.608139774762094, 5708094.882492785342038 ], [ 1528424.497319360030815, 5708095.581600558012724 ], [ 1528420.212793107843027, 5708121.374183976091444 ], [ 1528412.026660230243579, 5708119.756649498827755 ], [ 1528412.079568672459573, 5708119.113834283314645 ], [ 1528412.477981922915205, 5708114.643181377090514 ], [ 1528389.129229085752741, 5708113.542945880442858 ], [ 1528388.64216317422688, 5708103.751662231050432 ], [ 1528386.077122458489612, 5708103.682320709340274 ], [ 1528386.078647640068084, 5708097.26010893471539 ], [ 1528383.056168073788285, 5708097.269322561100125 ], [ 1528382.491687351604924, 5708091.481779776513577 ], [ 1528379.682549225399271, 5708091.522987186908722 ], [ 1528379.077461156062782, 5708088.30941489059478 ], [ 1528377.946034100838006, 5708082.312626036815345 ], [ 1528369.608959259698167, 5708083.939532328397036 ], [ 1528366.208010147092864, 5708068.180401883088052 ], [ 1528365.694797905860469, 5708060.047940157353878 ] ] ] } },
{ "type": "Feature", "properties": { "building_id": 988 }, "geometry": { "type": "Polygon", "coordinates": [ [ [ 1528716.910143120680004, 5708057.409262891858816 ], [ 1528714.147040038136765, 5708072.641478105448186 ], [ 1528713.246783438138664, 5708077.304419766180217 ], [ 1528711.763348814100027, 5708088.223011314868927 ], [ 1528704.239639316219836, 5708087.088259264826775 ], [ 1528706.056377980625257, 5708074.015141060575843 ], [ 1528703.951930192299187, 5708073.667121813632548 ], [ 1528704.596615116810426, 5708069.844032350927591 ], [ 1528706.701062037143856, 5708070.192051286809146 ], [ 1528706.794006068492308, 5708069.721512678079307 ], [ 1528704.575762792723253, 5708069.357387307099998 ], [ 1528706.244109504623339, 5708059.371467746794224 ], [ 1528708.491080830339342, 5708059.721744127571583 ], [ 1528708.98378253960982, 5708056.49699286930263 ], [ 1528716.910143120680004, 5708057.409262891858816 ] ] ] } },
{ "type": "Feature", "properties": { "building_id": 992 }, "geometry": { "type": "Polygon", "coordinates": [ [ [ 1528720.820523985195905, 5708076.165717590600252 ], [ 1528721.143838979303837, 5708073.7392653003335 ], [ 1528714.089804164599627, 5708072.654874639585614 ], [ 1528716.838429602794349, 5708057.436733393929899 ], [ 1528754.549521090928465, 5708061.753006249666214 ], [ 1528752.600234813988209, 5708076.912310747429729 ], [ 1528746.763600208098069, 5708076.376453819684684 ], [ 1528746.297539895633236, 5708078.814949999563396 ], [ 1528741.03281314810738, 5708078.173721318133175 ], [ 1528741.356122761964798, 5708075.747267674654722 ], [ 1528726.410812080837786, 5708074.237507227808237 ], [ 1528725.943846141453832, 5708076.733200948685408 ], [ 1528720.820523985195905, 5708076.165717590600252 ] ] ] } },
{ "type": "Feature", "properties": { "building_id": 948 }, "geometry": { "type": "Polygon", "coordinates": [ [ [ 1528805.474048382136971, 5708078.893926362507045 ], [ 1528806.033788543427363, 5708076.843101700767875 ], [ 1528802.216679465258494, 5708075.709908532910049 ], [ 1528803.315384837565944, 5708072.022730425931513 ], [ 1528804.323952790582553, 5708072.25325059145689 ], [ 1528809.565431544557214, 5708073.466208418831229 ], [ 1528810.318350807996467, 5708073.635466686449945 ], [ 1528811.15870463126339, 5708070.058624921366572 ], [ 1528818.137213534908369, 5708071.413506705313921 ], [ 1528819.483579631661996, 5708064.669329021126032 ], [ 1528820.361623918171972, 5708065.04081436432898 ], [ 1528827.53030699910596, 5708067.900552477687597 ], [ 1528828.28007766068913, 5708068.270006444305182 ], [ 1528828.025412664515898, 5708069.052660164423287 ], [ 1528827.196844512363896, 5708072.787026841193438 ], [ 1528823.42004242236726, 5708081.781276454217732 ], [ 1528822.635410967981443, 5708083.628295389935374 ], [ 1528816.166307947598398, 5708081.609221103601158 ], [ 1528814.714153594803065, 5708086.92139602266252 ], [ 1528813.692029692465439, 5708089.365397982299328 ], [ 1528803.273262706818059, 5708086.482787629589438 ], [ 1528805.474048382136971, 5708078.893926362507045 ] ] ] } },
{ "type": "Feature", "properties": { "building_id": 961 }, "geometry": { "type": "Polygon", "coordinates": [ [ [ 1528840.786259428132325, 5708097.060465967282653 ], [ 1528833.235308651812375, 5708090.404274773783982 ], [ 1528847.459107293747365, 5708074.337871150113642 ], [ 1528854.939916116883978, 5708080.921411258168519 ], [ 1528852.776911375112832, 5708083.390268151648343 ], [ 1528853.409514653729275, 5708083.958113582804799 ], [ 1528853.290408167988062, 5708085.186320323497057 ], [ 1528844.78382675210014, 5708094.878109690733254 ], [ 1528843.59612695267424, 5708095.159680793993175 ], [ 1528842.94927078532055, 5708094.591608347371221 ], [ 1528840.786259428132325, 5708097.060465967282653 ] ] ] } },
{ "type": "Feature", "properties": { "building_id": 359 }, "geometry": { "type": "Polygon", "coordinates": [ [ [ 1528909.077015517512336, 5708097.769341490231454 ], [ 1528894.069571434054524, 5708082.069900484755635 ], [ 1528900.89216273650527, 5708076.11322089843452 ], [ 1528915.047405014047399, 5708089.796680320985615 ], [ 1528914.450456446968019, 5708090.588226369582117 ], [ 1528915.203921929234639, 5708091.629992475733161 ], [ 1528909.077015517512336, 5708097.769341490231454 ] ] ] } },
{ "type": "Feature", "properties": { "building_id": 360 }, "geometry": { "type": "Polygon", "coordinates": [ [ [ 1528915.305039638420567, 5708091.545771863311529 ], [ 1528908.308360014343634, 5708083.182010429911315 ], [ 1528913.873200735775754, 5708078.335387138649821 ], [ 1528921.574202956398949, 5708087.239508346654475 ], [ 1528915.87928802636452, 5708092.198510551825166 ], [ 1528915.305039638420567, 5708091.545771863311529 ] ] ] } },
{ "type": "Feature", "properties": { "building_id": 1960 }, "geometry": { "type": "Polygon", "coordinates": [ [ [ 1528894.069571434054524, 5708082.069900484755635 ], [ 1528909.077015517512336, 5708097.769341490231454 ], [ 1528906.121895670890808, 5708101.656025119125843 ], [ 1528901.969857888994738, 5708106.410583417862654 ], [ 1528894.680572776589543, 5708099.429599141702056 ], [ 1528891.277541290735826, 5708103.695383406244218 ], [ 1528881.325431746663526, 5708093.797267276793718 ], [ 1528885.931313865818083, 5708089.192941230721772 ], [ 1528894.069571434054524, 5708082.069900484755635 ] ] ] } },
{ "type": "Feature", "properties": { "building_id": 987 }, "geometry": { "type": "Polygon", "coordinates": [ [ [ 1528672.635146196233109, 5708105.997160218656063 ], [ 1528673.338314949069172, 5708097.554981633089483 ], [ 1528683.551449435064569, 5708098.10303162317723 ], [ 1528684.23628692375496, 5708092.635677489452064 ], [ 1528693.804892237763852, 5708093.373749050311744 ], [ 1528693.932124568847939, 5708091.630749429576099 ], [ 1528703.644832722144201, 5708092.270969965495169 ], [ 1528704.296200021868572, 5708087.117762273177505 ], [ 1528711.819909552345052, 5708088.252514275722206 ], [ 1528708.975081730866805, 5708108.675630037672818 ], [ 1528672.635146196233109, 5708105.997160218656063 ] ] ] } },
{ "type": "Feature", "properties": { "building_id": 358 }, "geometry": { "type": "Polygon", "coordinates": [ [ [ 1528879.083386293146759, 5708102.200801939703524 ], [ 1528876.654754573944956, 5708099.802302861586213 ], [ 1528881.841093137860298, 5708094.549205055460334 ], [ 1528890.796769038075581, 5708103.444617374800146 ], [ 1528885.638935948722064, 5708108.698176673613489 ], [ 1528879.083386293146759, 5708102.200801939703524 ] ] ] } },
{ "type": "Feature", "properties": { "building_id": 962 }, "geometry": { "type": "Polygon", "coordinates": [ [ [ 1528846.357227847911417, 5708110.865636968053877 ], [ 1528840.021964573767036, 5708105.773454757407308 ], [ 1528840.7561904725153, 5708104.411948347464204 ], [ 1528843.062544761691242, 5708100.987028489820659 ], [ 1528846.879066040972248, 5708095.812390613369644 ], [ 1528852.670386362820864, 5708100.137871280312538 ], [ 1528854.131188173312694, 5708097.901053280569613 ], [ 1528856.513819877058268, 5708099.597962344996631 ], [ 1528854.995782508281991, 5708101.848178648389876 ], [ 1528860.506552343955263, 5708105.883147914893925 ], [ 1528862.007188516203314, 5708103.832902212627232 ], [ 1528865.400733172660694, 5708106.518443262204528 ], [ 1528863.790347119793296, 5708108.295187884941697 ], [ 1528864.072254667291418, 5708108.499897751957178 ], [ 1528863.925904782721773, 5708108.740739814937115 ], [ 1528851.041720141423866, 5708121.209660993888974 ], [ 1528847.703802170464769, 5708115.893156353384256 ], [ 1528849.599386533722281, 5708113.205507243052125 ], [ 1528846.357227847911417, 5708110.865636968053877 ] ] ] } },
{ "type": "Feature", "properties": { "building_id": 952 }, "geometry": { "type": "Polygon", "coordinates": [ [ [ 1528774.981761493487284, 5708121.364237773232162 ], [ 1528749.188124514650553, 5708116.178349523805082 ], [ 1528749.234258144628257, 5708115.964528607204556 ], [ 1528738.87706945464015, 5708113.697857758961618 ], [ 1528739.784818383166566, 5708109.464116422459483 ], [ 1528740.068973430199549, 5708109.525831494480371 ], [ 1528741.710284964879975, 5708101.255843023769557 ], [ 1528745.189831406110898, 5708102.097649723291397 ], [ 1528744.524306674720719, 5708105.434109089896083 ], [ 1528751.102179889567196, 5708106.882826432585716 ], [ 1528753.689254451543093, 5708094.68007645290345 ], [ 1528781.866045501083136, 5708100.6188512025401 ], [ 1528779.561494985362515, 5708109.364659773185849 ], [ 1528774.981761493487284, 5708121.364237773232162 ] ] ] } },
{ "type": "Feature", "properties": { "building_id": 357 }, "geometry": { "type": "Polygon", "coordinates": [ [ [ 1528879.083386293146759, 5708102.200801939703524 ], [ 1528876.693013202864677, 5708104.623161971569061 ], [ 1528881.943288147216663, 5708109.81257485691458 ], [ 1528871.728716691955924, 5708120.235469945706427 ], [ 1528864.049585178727284, 5708112.66183899063617 ], [ 1528876.654754573944956, 5708099.802302861586213 ], [ 1528879.083386293146759, 5708102.200801939703524 ] ] ] } },
{ "type": "Feature", "properties": { "building_id": 352 }, "geometry": { "type": "Polygon", "coordinates": [ [ [ 1528920.972051296615973, 5708122.831213387660682 ], [ 1528921.376167572103441, 5708123.424048528075218 ], [ 1528910.816490379162133, 5708130.408711383119226 ], [ 1528910.34021144057624, 5708129.871947412379086 ], [ 1528905.408639412838966, 5708124.358602897264063 ], [ 1528916.457309912657365, 5708116.194501621648669 ], [ 1528920.972051296615973, 5708122.831213387660682 ] ] ] } },
{ "type": "Feature", "properties": { "building_id": 937 }, "geometry": { "type": "Polygon", "coordinates": [ [ [ 1528816.931037986651063, 5708126.348142120055854 ], [ 1528817.94465188193135, 5708119.913331216201186 ], [ 1528818.230382214533165, 5708119.874944645911455 ], [ 1528824.050773193361238, 5708120.539231179282069 ], [ 1528821.526817523408681, 5708126.921524735167623 ], [ 1528816.931037986651063, 5708126.348142120055854 ] ] ] } },
{ "type": "Feature", "properties": { "building_id": 983 }, "geometry": { "type": "Polygon", "coordinates": [ [ [ 1528780.314519259380177, 5708041.564256139099598 ], [ 1528782.472939519677311, 5708035.762681994587183 ], [ 1528786.615590326720849, 5708037.044067020528018 ], [ 1528799.639012336498126, 5708041.097887053154409 ], [ 1528794.733635985292494, 5708053.864608714357018 ], [ 1528777.560792714590207, 5708048.958379589952528 ], [ 1528780.314519259380177, 5708041.564256139099598 ] ] ] } },
{ "type": "Feature", "properties": { "building_id": 964 }, "geometry": { "type": "Polygon", "coordinates": [ [ [ 1528807.885870233178139, 5708056.075331589207053 ], [ 1528803.324624484870583, 5708054.215191878378391 ], [ 1528803.858864291105419, 5708052.879136417992413 ], [ 1528807.102483035530895, 5708054.21779590472579 ], [ 1528808.256477391347289, 5708051.547038687393069 ], [ 1528806.599486466031522, 5708050.848545744083822 ], [ 1528807.251120799221098, 5708049.299799256026745 ], [ 1528800.367737405467778, 5708046.430264864116907 ], [ 1528805.46895748609677, 5708032.994395781308413 ], [ 1528816.729943996760994, 5708038.522131782956421 ], [ 1528813.455647259484977, 5708045.478921943344176 ], [ 1528819.785204435465857, 5708048.210947689600289 ], [ 1528818.471144445007667, 5708051.994831961579621 ], [ 1528814.326457753079012, 5708050.842157481238246 ], [ 1528810.683764410205185, 5708049.497182567603886 ], [ 1528807.885870233178139, 5708056.075331589207053 ] ] ] } },
{ "type": "Feature", "properties": { "building_id": 965 }, "geometry": { "type": "Polygon", "coordinates": [ [ [ 1528815.203622017288581, 5708012.294318029657006 ], [ 1528826.800354743609205, 5708018.227836430072784 ], [ 1528823.853574927663431, 5708024.302995106205344 ], [ 1528827.529797471594065, 5708026.234927079640329 ], [ 1528823.973102867603302, 5708034.832122179679573 ], [ 1528808.262654937338084, 5708027.589068840257823 ], [ 1528815.203622017288581, 5708012.294318029657006 ] ] ] } },
{ "type": "Feature", "properties": { "building_id": 613 }, "geometry": { "type": "Polygon", "coordinates": [ [ [ 1528826.800354743609205, 5708018.227836430072784 ], [ 1528815.203622017288581, 5708012.294318029657006 ], [ 1528818.889797195559368, 5708004.528787389397621 ], [ 1528833.756301393033937, 5708011.043279578909278 ], [ 1528830.813576644985005, 5708016.861040724441409 ], [ 1528827.688121092971414, 5708016.167913956567645 ], [ 1528826.800354743609205, 5708018.227836430072784 ] ] ] } },
{ "type": "Feature", "properties": { "building_id": 614 }, "geometry": { "type": "Polygon", "coordinates": [ [ [ 1528833.756301393033937, 5708011.043279578909278 ], [ 1528818.889797195559368, 5708004.528787389397621 ], [ 1528822.131296048639342, 5707997.843269473873079 ], [ 1528831.65905479202047, 5708002.985943308100104 ], [ 1528836.408798144664615, 5708005.549902087077498 ], [ 1528833.756301393033937, 5708011.043279578909278 ] ] ] } },
{ "type": "Feature", "properties": { "building_id": 612 }, "geometry": { "type": "Polygon", "coordinates": [ [ [ 1528840.579711767612025, 5707999.594252371229231 ], [ 1528846.477619991404936, 5708002.576871174387634 ], [ 1528842.053236978594214, 5708014.678923566825688 ], [ 1528837.877499922411516, 5708012.782002637162805 ], [ 1528839.989295306615531, 5708007.22285064868629 ], [ 1528837.884097343543544, 5708006.01665747538209 ], [ 1528840.579711767612025, 5707999.594252371229231 ] ] ] } },
{ "type": "Feature", "properties": { "building_id": 610 }, "geometry": { "type": "Polygon", "coordinates": [ [ [ 1528850.248660099226981, 5708004.824961887672544 ], [ 1528859.010624301619828, 5708009.712333255447447 ], [ 1528856.777399238198996, 5708015.741577749140561 ], [ 1528847.715762451523915, 5708011.779170600697398 ], [ 1528850.248660099226981, 5708004.824961887672544 ] ] ] } },
{ "type": "Feature", "properties": { "building_id": 979 }, "geometry": { "type": "Polygon", "coordinates": [ [ [ 1528876.673713307827711, 5708055.977032233029604 ], [ 1528880.245562599273399, 5708050.040456714108586 ], [ 1528883.756574817700312, 5708044.346077569760382 ], [ 1528884.472040254855528, 5708043.270346539095044 ], [ 1528898.582183755934238, 5708048.027781791985035 ], [ 1528897.326782994903624, 5708049.895957984961569 ], [ 1528888.929720881162211, 5708063.508604836650193 ], [ 1528876.673713307827711, 5708055.977032233029604 ] ] ] } },
{ "type": "Feature", "properties": { "building_id": 1548 }, "geometry": { "type": "Polygon", "coordinates": [ [ [ 1528880.128177125705406, 5708013.979949696920812 ], [ 1528895.101663817185909, 5707992.833511734381318 ], [ 1528932.43530538585037, 5708019.341709126718342 ], [ 1528917.911559203173965, 5708039.994770995341241 ], [ 1528906.125129181193188, 5708031.612489021383226 ], [ 1528906.78133269562386, 5708030.678853155113757 ], [ 1528892.863458974054083, 5708020.946934659965336 ], [ 1528891.915908107534051, 5708022.276450543664396 ], [ 1528880.128177125705406, 5708013.979949696920812 ] ] ] } },
{ "type": "Feature", "properties": { "building_id": 981 }, "geometry": { "type": "Polygon", "coordinates": [ [ [ 1528912.069641962181777, 5708056.122328581288457 ], [ 1528903.841695162234828, 5708050.814333631657064 ], [ 1528902.320306393550709, 5708053.279042979702353 ], [ 1528897.180434976471588, 5708050.136799057945609 ], [ 1528897.326782994903624, 5708049.895957984961569 ], [ 1528898.582183755934238, 5708048.027781791985035 ], [ 1528899.837267529917881, 5708045.272794106043875 ], [ 1528898.243350077187642, 5708044.189126775600016 ], [ 1528902.727391069522128, 5708036.450462065637112 ], [ 1528903.180461849551648, 5708035.742464936338365 ], [ 1528918.56873544678092, 5708046.255723160691559 ], [ 1528913.489779564552009, 5708054.657249140553176 ], [ 1528913.165339254075661, 5708054.43756578117609 ], [ 1528912.069641962181777, 5708056.122328581288457 ] ] ] } },
{ "type": "Feature", "properties": { "building_id": 239 }, "geometry": { "type": "Polygon", "coordinates": [ [ [ 1528278.473886385094374, 5708007.75668129324913 ], [ 1528281.155117501504719, 5708005.882654584944248 ], [ 1528290.931234946008772, 5707998.886383129283786 ], [ 1528284.879828463308513, 5707986.675363071262836 ], [ 1528300.949382864870131, 5707978.363089057616889 ], [ 1528306.915226363576949, 5707988.770518464967608 ], [ 1528295.95230148313567, 5707995.089990677312016 ], [ 1528297.161122205900028, 5707997.08304897416383 ], [ 1528292.590944999130443, 5708001.215583180077374 ], [ 1528294.339557443046942, 5708003.331647264771163 ], [ 1528295.476890288991854, 5708005.337874867022038 ], [ 1528282.026793228229508, 5708012.976629571989179 ], [ 1528278.473886385094374, 5708007.75668129324913 ] ] ] } },
{ "type": "Feature", "properties": { "building_id": 1226 }, "geometry": { "type": "Polygon", "coordinates": [ [ [ 1528251.742340392665938, 5707997.90595038048923 ], [ 1528260.470221112249419, 5707986.873844395391643 ], [ 1528263.934009173884988, 5707993.22232805006206 ], [ 1528270.116174628259614, 5707998.956070345826447 ], [ 1528255.620994457043707, 5708010.482963577844203 ], [ 1528251.896874075056985, 5708006.175693956203759 ], [ 1528255.953076753299683, 5708002.092221653088927 ], [ 1528251.742340392665938, 5707997.90595038048923 ] ] ] } },
{ "type": "Feature", "properties": { "building_id": 1016 }, "geometry": { "type": "Polygon", "coordinates": [ [ [ 1528228.219402881804854, 5708018.686547325924039 ], [ 1528224.856338867451996, 5708022.208902737125754 ], [ 1528216.620127283269539, 5708030.087802556343377 ], [ 1528210.154234000481665, 5708022.46145645994693 ], [ 1528209.547945184167475, 5708022.938128278590739 ], [ 1528205.220016213366762, 5708018.049100633710623 ], [ 1528203.37038565450348, 5708019.621658076532185 ], [ 1528200.664814091753215, 5708016.717977621592581 ], [ 1528201.935757405823097, 5708015.679744211025536 ], [ 1528201.308622227283195, 5708014.768664854578674 ], [ 1528201.085550504736602, 5708014.450445417314768 ], [ 1528194.946587183745578, 5708006.886513233184814 ], [ 1528202.056005101650953, 5708001.75026589538902 ], [ 1528201.790627763839439, 5708001.40276768989861 ], [ 1528204.743574781576172, 5707999.475872918963432 ], [ 1528202.357007857179269, 5707997.135098977014422 ], [ 1528203.434285463998094, 5707995.721903429366648 ], [ 1528206.152952839620411, 5707997.79619550332427 ], [ 1528206.690687907161191, 5707997.146796095184982 ], [ 1528213.51712048985064, 5708002.704882113263011 ], [ 1528221.886277974583209, 5707992.725544789806008 ], [ 1528223.395895062247291, 5707991.91995775513351 ], [ 1528227.556832110742107, 5707995.647743769921362 ], [ 1528238.561913238139823, 5708006.521542188711464 ], [ 1528238.67164303152822, 5708006.795048763975501 ], [ 1528233.85851250984706, 5708012.768818175420165 ], [ 1528230.553366653854027, 5708016.234881046228111 ], [ 1528231.606727509060875, 5708017.238554393872619 ], [ 1528229.314843992004171, 5708019.733800108544528 ], [ 1528228.219402881804854, 5708018.686547325924039 ] ] ] } },
{ "type": "Feature", "properties": { "building_id": 1270 }, "geometry": { "type": "Polygon", "coordinates": [ [ [ 1528290.724139312049374, 5708022.841084267012775 ], [ 1528288.561912433477119, 5708018.930530247278512 ], [ 1528286.774498777696863, 5708020.175118133425713 ], [ 1528282.550496974028647, 5708012.312698218040168 ], [ 1528295.301539406180382, 5708004.705744522623718 ], [ 1528303.631234089378268, 5708000.833192312158644 ], [ 1528311.966306121787056, 5707995.716336155310273 ], [ 1528319.117427810095251, 5708006.900683633051813 ], [ 1528307.235036111203954, 5708011.861065243370831 ], [ 1528305.751091420417652, 5708009.234289234504104 ], [ 1528304.945498109096661, 5708009.693496676161885 ], [ 1528304.240511966170743, 5708008.29487678874284 ], [ 1528298.228306921431795, 5708011.660734642297029 ], [ 1528298.951382444240153, 5708012.816487181000412 ], [ 1528291.641314408741891, 5708017.120038797147572 ], [ 1528293.807154105277732, 5708020.801795981824398 ], [ 1528290.724139312049374, 5708022.841084267012775 ] ] ] } },
{ "type": "Feature", "properties": { "building_id": 1009 }, "geometry": { "type": "Polygon", "coordinates": [ [ [ 1528170.963217212585732, 5708021.60936148557812 ], [ 1528162.538019655272365, 5708004.454449727199972 ], [ 1528174.471802880056202, 5707998.050453414209187 ], [ 1528186.728723102016374, 5708016.310418717563152 ], [ 1528177.806268705287948, 5708021.603770408779383 ], [ 1528176.711021377937868, 5708018.739995947107673 ], [ 1528170.963217212585732, 5708021.60936148557812 ] ] ] } },
{ "type": "Feature", "properties": { "building_id": 1010 }, "geometry": { "type": "Polygon", "coordinates": [ [ [ 1528170.963217212585732, 5708021.60936148557812 ], [ 1528168.375156440772116, 5708022.998528022319078 ], [ 1528155.201534452848136, 5708026.665184097364545 ], [ 1528149.168341471115127, 5708011.507847622968256 ], [ 1528154.628156932769343, 5708008.81986100692302 ], [ 1528162.538019655272365, 5708004.454449727199972 ], [ 1528170.963217212585732, 5708021.60936148557812 ] ] ] } },
{ "type": "Feature", "properties": { "building_id": 800 }, "geometry": { "type": "Polygon", "coordinates": [ [ [ 1528273.617235757876188, 5708017.39142247941345 ], [ 1528270.708887711400166, 5708012.882573507726192 ], [ 1528276.531275656539947, 5708008.898676137439907 ], [ 1528276.670640646712855, 5708009.101136926561594 ], [ 1528277.939090783707798, 5708008.220189942047 ], [ 1528281.299234191421419, 5708013.007976738736033 ], [ 1528285.520466217305511, 5708019.239778378047049 ], [ 1528287.401447497308254, 5708022.001599976792932 ], [ 1528285.590494501171634, 5708022.931141409091651 ], [ 1528287.148633256321773, 5708025.373160924762487 ], [ 1528275.670326807536185, 5708032.728585286997259 ], [ 1528273.629633187316358, 5708030.150162578560412 ], [ 1528279.218345368281007, 5708026.520124508999288 ], [ 1528272.897832977119833, 5708017.80908742453903 ], [ 1528273.617235757876188, 5708017.39142247941345 ] ] ] } },
{ "type": "Feature", "properties": { "building_id": 770 }, "geometry": { "type": "Polygon", "coordinates": [ [ [ 1528235.030761001398787, 5708017.979547135531902 ], [ 1528241.85049487859942, 5708009.520295566879213 ], [ 1528248.699845049995929, 5708016.337415751069784 ], [ 1528240.75162185751833, 5708023.133859915658832 ], [ 1528235.030761001398787, 5708017.979547135531902 ] ] ] } },
{ "type": "Feature", "properties": { "building_id": 799 }, "geometry": { "type": "Polygon", "coordinates": [ [ [ 1528262.559908136958256, 5708016.142931116744876 ], [ 1528269.553694448433816, 5708011.104909656569362 ], [ 1528273.617235757876188, 5708017.39142247941345 ], [ 1528279.751335885841399, 5708026.171012576669455 ], [ 1528273.269479736452922, 5708030.387594785541296 ], [ 1528269.605062431422994, 5708025.909632326103747 ], [ 1528262.559908136958256, 5708016.142931116744876 ] ] ] } },
{ "type": "Feature", "properties": { "building_id": 1014 }, "geometry": { "type": "Polygon", "coordinates": [ [ [ 1528206.746701082214713, 5708039.628460776992142 ], [ 1528198.935557838063687, 5708028.719553049653769 ], [ 1528200.961417786544189, 5708026.820821253582835 ], [ 1528199.698336393339559, 5708025.55634886212647 ], [ 1528202.505807764129713, 5708022.911971432156861 ], [ 1528203.713008237769827, 5708024.10403797775507 ], [ 1528206.026402730727568, 5708022.052541876211762 ], [ 1528208.127699327655137, 5708024.403088603168726 ], [ 1528210.153330494649708, 5708022.518655283376575 ], [ 1528216.733244676375762, 5708030.146814336068928 ], [ 1528206.746701082214713, 5708039.628460776992142 ] ] ] } },
{ "type": "Feature", "properties": { "building_id": 755 }, "geometry": { "type": "Polygon", "coordinates": [ [ [ 1528249.539038057904691, 5708050.764531374908984 ], [ 1528244.632909761276096, 5708040.960274315439165 ], [ 1528237.534549888921902, 5708029.147317934781313 ], [ 1528242.677354583051056, 5708024.866565842181444 ], [ 1528252.140723014250398, 5708035.873210662975907 ], [ 1528253.335060836514458, 5708037.880357031710446 ], [ 1528255.247820710297674, 5708036.8237090036273 ], [ 1528260.312742301728576, 5708045.600639606826007 ], [ 1528249.539038057904691, 5708050.764531374908984 ] ] ] } },
{ "type": "Feature", "properties": { "building_id": 1015 }, "geometry": { "type": "Polygon", "coordinates": [ [ [ 1528197.107085314113647, 5708045.196508629247546 ], [ 1528190.968987934524193, 5708036.674239211715758 ], [ 1528189.573998228413984, 5708034.735410396009684 ], [ 1528191.5892438958399, 5708033.508766441605985 ], [ 1528193.731038107303903, 5708036.002996755763888 ], [ 1528195.417795690940693, 5708034.814037979580462 ], [ 1528193.744078371906653, 5708032.470285058952868 ], [ 1528198.935557838063687, 5708028.719553049653769 ], [ 1528206.746701082214713, 5708039.628460776992142 ], [ 1528197.107085314113647, 5708045.196508629247546 ] ] ] } },
{ "type": "Feature", "properties": { "building_id": 23 }, "geometry": { "type": "Polygon", "coordinates": [ [ [ 1528189.951688818633556, 5708049.631181873381138 ], [ 1528182.037712757010013, 5708053.352923369035125 ], [ 1528173.282372096786276, 5708057.089884474873543 ], [ 1528166.871104204794392, 5708042.398505588062108 ], [ 1528181.00753888161853, 5708036.444303509779274 ], [ 1528181.786049607209861, 5708038.602182931266725 ], [ 1528186.092559914803132, 5708036.725419580936432 ], [ 1528187.554725739872083, 5708038.021668162196875 ], [ 1528190.364052597433329, 5708037.065112075768411 ], [ 1528196.570702020544559, 5708045.760112409479916 ], [ 1528189.951688818633556, 5708049.631181873381138 ] ] ] } },
{ "type": "Feature", "properties": { "building_id": 772 }, "geometry": { "type": "Polygon", "coordinates": [ [ [ 1528278.540821034926921, 5708048.665201464667916 ], [ 1528280.064469548175111, 5708047.874126157723367 ], [ 1528294.054958783788607, 5708043.033081172034144 ], [ 1528298.825964726274833, 5708055.981902596540749 ], [ 1528286.230382251786068, 5708060.05844534188509 ], [ 1528283.28577372781001, 5708054.233094823546708 ], [ 1528281.805333879077807, 5708054.996251235716045 ], [ 1528278.540821034926921, 5708048.665201464667916 ] ] ] } },
{ "type": "Feature", "properties": { "building_id": 734 }, "geometry": { "type": "Polygon", "coordinates": [ [ [ 1528216.793785579735413, 5708044.365277824923396 ], [ 1528220.177834773669019, 5708055.761632343754172 ], [ 1528220.304784297477454, 5708065.776001445017755 ], [ 1528206.991529035149142, 5708069.254587652161717 ], [ 1528205.743575235130265, 5708067.03202501218766 ], [ 1528202.729055902455002, 5708068.342910534702241 ], [ 1528196.104866510722786, 5708054.492046164348722 ], [ 1528216.793785579735413, 5708044.365277824923396 ] ] ] } },
{ "type": "Feature", "properties": { "building_id": 1017 }, "geometry": { "type": "Polygon", "coordinates": [ [ [ 1528162.064965433906764, 5708062.361046907491982 ], [ 1528161.471985367825255, 5708061.092919321730733 ], [ 1528154.464491976657882, 5708064.285531693138182 ], [ 1528153.782138820970431, 5708062.358027069829404 ], [ 1528150.37693058908917, 5708052.305816653184593 ], [ 1528168.60295646591112, 5708044.671674125827849 ], [ 1528169.431226989254355, 5708046.386944628320634 ], [ 1528173.401363891316578, 5708056.777103256434202 ], [ 1528162.064965433906764, 5708062.361046907491982 ] ] ] } },
{ "type": "Feature", "properties": { "building_id": 1977 }, "geometry": { "type": "Polygon", "coordinates": [ [ [ 1528251.526596499374136, 5708062.124379779212177 ], [ 1528238.152357788290828, 5708068.562838986515999 ], [ 1528230.53421841096133, 5708052.650820063427091 ], [ 1528240.230857955990359, 5708047.984748171642423 ], [ 1528244.439850784605369, 5708045.963371047750115 ], [ 1528245.113841082900763, 5708047.518845493905246 ], [ 1528251.526596499374136, 5708062.124379779212177 ] ] ] } },
{ "type": "Feature", "properties": { "building_id": 753 }, "geometry": { "type": "Polygon", "coordinates": [ [ [ 1528255.410879113012925, 5708065.31855955440551 ], [ 1528253.472091696690768, 5708066.217460194602609 ], [ 1528251.512569651938975, 5708062.109853448346257 ], [ 1528246.984679758548737, 5708051.825284075923264 ], [ 1528250.229036028962582, 5708050.403612737543881 ], [ 1528258.152718687662855, 5708046.968032858334482 ], [ 1528261.907082284102216, 5708055.681230764836073 ], [ 1528268.452351066516712, 5708052.867380626499653 ], [ 1528271.256257594563067, 5708059.477183447219431 ], [ 1528266.907898660982028, 5708061.29611414577812 ], [ 1528267.616749444045126, 5708063.352761268615723 ], [ 1528262.215497034601867, 5708065.040528683923185 ], [ 1528261.421131398761645, 5708062.982521503232419 ], [ 1528255.410879113012925, 5708065.31855955440551 ] ] ] } },
{ "type": "Feature", "properties": { "building_id": 1578 }, "geometry": { "type": "Polygon", "coordinates": [ [ [ 1528634.332222847500816, 5707978.11901868134737 ], [ 1528640.326821050373837, 5707980.38813827931881 ], [ 1528640.936396543402225, 5707978.7958396486938 ], [ 1528645.67940840520896, 5707979.972373272292316 ], [ 1528645.97549316403456, 5707979.276208424940705 ], [ 1528653.741531667066738, 5707982.217044469900429 ], [ 1528648.845014821039513, 5707991.693995236419141 ], [ 1528631.854149870341644, 5707985.202743732370436 ], [ 1528634.332222847500816, 5707978.11901868134737 ] ] ] } },
{ "type": "Feature", "properties": { "building_id": 1589 }, "geometry": { "type": "Polygon", "coordinates": [ [ [ 1528661.324906781781465, 5707995.853807761333883 ], [ 1528657.599623752990738, 5708008.810733343474567 ], [ 1528646.359982260037214, 5708005.557372186332941 ], [ 1528653.883242559153587, 5707989.513942535966635 ], [ 1528659.968390012159944, 5707992.370920222252607 ], [ 1528662.641636689892039, 5707993.714886284433305 ], [ 1528661.324906781781465, 5707995.853807761333883 ] ] ] } },
{ "type": "Feature", "properties": { "building_id": 668 }, "geometry": { "type": "Polygon", "coordinates": [ [ [ 1528669.108722160803154, 5708012.154171762987971 ], [ 1528673.183187436545268, 5707997.843960960395634 ], [ 1528674.318182299146429, 5707991.854582421481609 ], [ 1528681.496144178556278, 5707993.212720612995327 ], [ 1528680.389433950185776, 5707999.216852469369769 ], [ 1528687.441380590433255, 5708000.429957306012511 ], [ 1528685.852392163360491, 5708009.902147701941431 ], [ 1528685.234168449882418, 5708016.571983520872891 ], [ 1528678.515266868285835, 5708015.936284272931516 ], [ 1528675.834962819702923, 5708014.13450273219496 ], [ 1528669.108722160803154, 5708012.154171762987971 ] ] ] } },
{ "type": "Feature", "properties": { "building_id": 1566 }, "geometry": { "type": "Polygon", "coordinates": [ [ [ 1528601.73164889938198, 5708006.880901120603085 ], [ 1528598.217566509265453, 5708006.424687898717821 ], [ 1528598.008856125641614, 5708007.908918775618076 ], [ 1528597.623769714962691, 5708010.63473823107779 ], [ 1528590.159629456931725, 5708009.343508021906018 ], [ 1528590.474581473972648, 5708006.545060745440423 ], [ 1528587.484241213882342, 5708006.326000982895494 ], [ 1528587.670019599376246, 5708003.582719365134835 ], [ 1528588.360643556108698, 5707995.941426613368094 ], [ 1528599.452421146910638, 5707997.719277248717844 ], [ 1528603.004978203913197, 5707998.447861530818045 ], [ 1528601.73164889938198, 5708006.880901120603085 ] ] ] } },
{ "type": "Feature", "properties": { "building_id": 1513 }, "geometry": { "type": "Polygon", "coordinates": [ [ [ 1528640.973301469581202, 5708022.621620968915522 ], [ 1528644.744590908056125, 5708010.36627235263586 ], [ 1528660.709572451421991, 5708014.109329679049551 ], [ 1528658.930630947463214, 5708022.06236937828362 ], [ 1528660.97647816920653, 5708022.509591554291546 ], [ 1528660.301629410590976, 5708025.531194769777358 ], [ 1528658.256006699288264, 5708025.069672546349466 ], [ 1528658.025555377127603, 5708026.124464200809598 ], [ 1528649.328845613403246, 5708024.341735969297588 ], [ 1528640.973301469581202, 5708022.621620968915522 ] ] ] } },
{ "type": "Feature", "properties": { "building_id": 996 }, "geometry": { "type": "Polygon", "coordinates": [ [ [ 1528687.933920277515426, 5708029.816710534505546 ], [ 1528687.35134927299805, 5708032.410681162029505 ], [ 1528685.177900046342984, 5708031.918532498180866 ], [ 1528676.661285014124587, 5708030.467659926973283 ], [ 1528678.77172767999582, 5708017.756866202689707 ], [ 1528693.998006503563374, 5708020.429716213606298 ], [ 1528698.618626679759473, 5708021.23240193258971 ], [ 1528700.069692493183538, 5708021.427034367807209 ], [ 1528704.376981243724003, 5708022.210449009202421 ], [ 1528702.533106554532424, 5708032.479612060822546 ], [ 1528687.933920277515426, 5708029.816710534505546 ] ] ] } },
{ "type": "Feature", "properties": { "building_id": 1530 }, "geometry": { "type": "Polygon", "coordinates": [ [ [ 1528614.507336567156017, 5708054.713492793031037 ], [ 1528617.429859099211171, 5708039.326529687270522 ], [ 1528621.333119711140171, 5708040.418253444135189 ], [ 1528622.068983509438112, 5708036.239046636037529 ], [ 1528620.706135677872226, 5708035.8741599842906 ], [ 1528621.969444353831932, 5708029.886797180399299 ], [ 1528633.78760961513035, 5708033.52125537302345 ], [ 1528625.096970719052479, 5708056.697911727242172 ], [ 1528614.507336567156017, 5708054.713492793031037 ] ] ] } },
{ "type": "Feature", "properties": { "building_id": 1529 }, "geometry": { "type": "Polygon", "coordinates": [ [ [ 1528623.147679571527988, 5708036.542214843444526 ], [ 1528614.478831234853715, 5708054.713040838949382 ], [ 1528603.934212450869381, 5708052.586290035396814 ], [ 1528605.632501179585233, 5708038.896321165375412 ], [ 1528610.717603231780231, 5708040.078305444680154 ], [ 1528612.442183872917667, 5708033.769278636202216 ], [ 1528623.147679571527988, 5708036.542214843444526 ] ] ] } },
{ "type": "Feature", "properties": { "building_id": 1508 }, "geometry": { "type": "Polygon", "coordinates": [ [ [ 1528651.373900370439515, 5708053.810391661711037 ], [ 1528651.609148599207401, 5708053.356413489207625 ], [ 1528661.946812884882092, 5708055.951838352717459 ], [ 1528659.785652975551784, 5708065.543743884190917 ], [ 1528662.385113335913047, 5708066.142776323482394 ], [ 1528661.395937038352713, 5708071.018850645981729 ], [ 1528658.636543423635885, 5708070.617529851384461 ], [ 1528649.729894655290991, 5708069.489420735277236 ], [ 1528650.925062034279108, 5708056.96431730221957 ], [ 1528648.804341301089153, 5708056.744757891632617 ], [ 1528649.229854123201221, 5708053.261485736817122 ], [ 1528651.373900370439515, 5708053.810391661711037 ] ] ] } },
{ "type": "Feature", "properties": { "building_id": 1962 }, "geometry": { "type": "Polygon", "coordinates": [ [ [ 1528629.082345840986818, 5708060.723123870790005 ], [ 1528637.99773644306697, 5708064.011198670603335 ], [ 1528643.71402871934697, 5708064.945712734945118 ], [ 1528644.518791046924889, 5708056.390758471563458 ], [ 1528650.937738480279222, 5708057.064641697332263 ], [ 1528649.502977482508868, 5708069.414306971244514 ], [ 1528648.947971389396116, 5708074.783578700385988 ], [ 1528637.448389640776441, 5708072.641725454479456 ], [ 1528637.702490330673754, 5708070.085449553094804 ], [ 1528626.969634864479303, 5708068.141682198271155 ], [ 1528629.082345840986818, 5708060.723123870790005 ] ] ] } },
{ "type": "Feature", "properties": { "building_id": 1522 }, "geometry": { "type": "Polygon", "coordinates": [ [ [ 1528601.826687922002748, 5708073.249835850670934 ], [ 1528602.830436518648639, 5708069.26080696284771 ], [ 1528605.572841215413064, 5708056.259626132436097 ], [ 1528623.961066766176373, 5708060.026887940242887 ], [ 1528621.470055817393586, 5708073.361043225973845 ], [ 1528605.3091149199754, 5708070.287042318843305 ], [ 1528604.631090119015425, 5708073.508854259736836 ], [ 1528601.826687922002748, 5708073.249835850670934 ] ] ] } },
{ "type": "Feature", "properties": { "building_id": 847 }, "geometry": { "type": "Polygon", "coordinates": [ [ [ 1528420.724599501583725, 5707958.767806658521295 ], [ 1528423.13243261561729, 5707946.204927724786103 ], [ 1528426.615721232723445, 5707946.803749927319586 ], [ 1528427.404980045044795, 5707941.052101609297097 ], [ 1528431.277368739712983, 5707941.385338759981096 ], [ 1528429.916200832463801, 5707960.801756478846073 ], [ 1528420.724599501583725, 5707958.767806658521295 ] ] ] } },
{ "type": "Feature", "properties": { "building_id": 1274 }, "geometry": { "type": "Polygon", "coordinates": [ [ [ 1528331.674575506709516, 5707964.605261697433889 ], [ 1528322.460209567565471, 5707970.337490080855787 ], [ 1528319.962240331806242, 5707966.021142419427633 ], [ 1528305.42229178128764, 5707974.972782989032567 ], [ 1528301.952612030087039, 5707968.996118231676519 ], [ 1528307.990808975417167, 5707965.788022073917091 ], [ 1528315.424745135242119, 5707959.956007299013436 ], [ 1528321.156372929224744, 5707956.299635515548289 ], [ 1528330.23526548827067, 5707951.924067677929997 ], [ 1528334.678069171262905, 5707960.376319423317909 ], [ 1528332.710807296214625, 5707961.274774493649602 ], [ 1528333.849949022289366, 5707963.166590948589146 ], [ 1528331.674575506709516, 5707964.605261697433889 ] ] ] } },
{ "type": "Feature", "properties": { "building_id": 1282 }, "geometry": { "type": "Polygon", "coordinates": [ [ [ 1528399.511080083902925, 5707975.065612272359431 ], [ 1528385.218766911188141, 5707975.553812466561794 ], [ 1528385.280143437674269, 5707977.085232143290341 ], [ 1528382.738415487576276, 5707976.444131848402321 ], [ 1528383.880223103333265, 5707971.842324577271938 ], [ 1528386.155889339745045, 5707972.178831424564123 ], [ 1528386.226870832266286, 5707965.872241951525211 ], [ 1528399.384197086794302, 5707965.938146431930363 ], [ 1528399.431585215730593, 5707958.415414865128696 ], [ 1528408.525133097777143, 5707958.531201253645122 ], [ 1528408.387811142252758, 5707968.140773555263877 ], [ 1528408.400611925404519, 5707970.94440660905093 ], [ 1528399.3753816280514, 5707971.015646567568183 ], [ 1528399.511080083902925, 5707975.065612272359431 ] ] ] } },
{ "type": "Feature", "properties": { "building_id": 841 }, "geometry": { "type": "Polygon", "coordinates": [ [ [ 1528412.245580927934498, 5707974.824416036717594 ], [ 1528412.237643848638982, 5707974.423799814656377 ], [ 1528408.748974612914026, 5707975.069264954887331 ], [ 1528408.489383229985833, 5707968.027960639446974 ], [ 1528407.764309273567051, 5707967.902022119611502 ], [ 1528408.349817474838346, 5707958.800178299658 ], [ 1528411.950781520456076, 5707960.073125830851495 ], [ 1528423.090690708020702, 5707962.40977827552706 ], [ 1528421.544501493917778, 5707973.670463513582945 ], [ 1528412.245580927934498, 5707974.824416036717594 ] ] ] } },
{ "type": "Feature", "properties": { "building_id": 1272 }, "geometry": { "type": "Polygon", "coordinates": [ [ [ 1528314.302756932331249, 5707994.008462774567306 ], [ 1528314.692315786844119, 5707993.714284071698785 ], [ 1528328.021462805802003, 5707983.799359994009137 ], [ 1528327.448618758236989, 5707983.060794098302722 ], [ 1528327.015817604260519, 5707982.481788701377809 ], [ 1528330.741979795973748, 5707980.338288754224777 ], [ 1528328.86776411649771, 5707977.147499782033265 ], [ 1528326.893050265032798, 5707978.517843347974122 ], [ 1528326.287673300830647, 5707978.937322365120053 ], [ 1528321.705988289089873, 5707971.155093636363745 ], [ 1528322.353219706565142, 5707970.793493130244315 ], [ 1528332.1191461593844, 5707965.341787971556187 ], [ 1528332.809585629729554, 5707964.952266956679523 ], [ 1528333.08606007299386, 5707965.500181040726602 ], [ 1528336.290773595217615, 5707963.877617310732603 ], [ 1528341.289959735702723, 5707974.112314933910966 ], [ 1528339.652083232766017, 5707974.915882852859795 ], [ 1528341.97136147832498, 5707979.715700415894389 ], [ 1528341.770020694704726, 5707979.826927832327783 ], [ 1528343.026156352832913, 5707982.435767182148993 ], [ 1528341.991624056594446, 5707982.948552741669118 ], [ 1528344.426505572162569, 5707987.650087669491768 ], [ 1528343.737870123237371, 5707987.925213282927871 ], [ 1528343.020503875799477, 5707988.214185691438615 ], [ 1528339.247260472737253, 5707989.7276019025594 ], [ 1528338.557045019930229, 5707990.102824801579118 ], [ 1528339.263163516763598, 5707991.429940894246101 ], [ 1528335.755074803484604, 5707993.305149658583105 ], [ 1528336.984285119222477, 5707995.813443231396377 ], [ 1528329.828735792543739, 5707999.361399946734309 ], [ 1528329.55045505752787, 5707998.927881088107824 ], [ 1528321.119458676781505, 5708003.800075930543244 ], [ 1528320.77401149366051, 5708004.009136484004557 ], [ 1528314.302756932331249, 5707994.008462774567306 ] ] ] } },
{ "type": "Feature", "properties": { "building_id": 1273 }, "geometry": { "type": "Polygon", "coordinates": [ [ [ 1528312.068779602646828, 5707989.22428897768259 ], [ 1528305.818104890175164, 5707978.798033411614597 ], [ 1528319.207734911004081, 5707971.372859274968505 ], [ 1528325.923043579095975, 5707980.361852292902768 ], [ 1528312.068779602646828, 5707989.22428897768259 ] ] ] } },
{ "type": "Feature", "properties": { "building_id": 888 }, "geometry": { "type": "Polygon", "coordinates": [ [ [ 1528400.83571120002307, 5707985.985707972198725 ], [ 1528384.205471923109144, 5707985.564285303466022 ], [ 1528384.312458836007863, 5707985.108280720189214 ], [ 1528384.833697474561632, 5707980.081820047460496 ], [ 1528384.929138897685334, 5707979.453993633389473 ], [ 1528385.384423052193597, 5707976.800823677331209 ], [ 1528385.605615542270243, 5707975.431226892396808 ], [ 1528401.358536862768233, 5707976.339328490197659 ], [ 1528400.456282305996865, 5707980.215479397214949 ], [ 1528408.913901509018615, 5707979.977890175767243 ], [ 1528408.956152154831216, 5707983.625885381363332 ], [ 1528400.86323079536669, 5707984.241149921901524 ], [ 1528400.83571120002307, 5707985.985707972198725 ] ] ] } },
{ "type": "Feature", "properties": { "building_id": 1975 }, "geometry": { "type": "Polygon", "coordinates": [ [ [ 1528311.752482371171936, 5707988.48979789018631 ], [ 1528325.606519816210493, 5707979.641662050038576 ], [ 1528327.795193409081548, 5707982.780235514044762 ], [ 1528328.085920615587384, 5707983.328377272002399 ], [ 1528314.435769808711484, 5707993.710207887925208 ], [ 1528311.752482371171936, 5707988.48979789018631 ] ] ] } },
{ "type": "Feature", "properties": { "building_id": 1269 }, "geometry": { "type": "Polygon", "coordinates": [ [ [ 1528295.51735962391831, 5708004.580444673076272 ], [ 1528293.212609276873991, 5708000.667634875513613 ], [ 1528297.329669814091176, 5707997.243063135072589 ], [ 1528296.331928518367931, 5707995.424998090602458 ], [ 1528307.416064746910706, 5707987.748643047176301 ], [ 1528312.06607402372174, 5707995.717921366915107 ], [ 1528303.631234089378268, 5708000.833192312158644 ], [ 1528295.51735962391831, 5708004.580444673076272 ] ] ] } },
{ "type": "Feature", "properties": { "building_id": 778 }, "geometry": { "type": "Polygon", "coordinates": [ [ [ 1528357.262800313998014, 5708036.070346161723137 ], [ 1528355.978717292658985, 5708025.293860404752195 ], [ 1528356.85196222178638, 5708025.064574950374663 ], [ 1528356.261064949678257, 5708020.049035030417144 ], [ 1528353.911352552473545, 5708007.238879811950028 ], [ 1528352.683379627065733, 5708001.941468011587858 ], [ 1528360.984091350343078, 5707998.097009470686316 ], [ 1528362.92183962627314, 5708005.393845796585083 ], [ 1528359.959597816225141, 5708006.104868509806693 ], [ 1528361.828302837209776, 5708017.777420510537922 ], [ 1528365.313833040650934, 5708017.332166882231832 ], [ 1528365.09680939023383, 5708015.726751646026969 ], [ 1528374.237419998971745, 5708014.670451830141246 ], [ 1528375.966638822108507, 5708033.378024616278708 ], [ 1528357.262800313998014, 5708036.070346161723137 ] ] ] } },
{ "type": "Feature", "properties": { "building_id": 798 }, "geometry": { "type": "Polygon", "coordinates": [ [ [ 1528308.178705127211288, 5708032.458503800444305 ], [ 1528305.536523934686556, 5708025.536629543639719 ], [ 1528306.761087225982919, 5708024.726495999842882 ], [ 1528305.607239595614374, 5708022.863036091439426 ], [ 1528293.699341146275401, 5708030.340385303832591 ], [ 1528289.71203975030221, 5708024.641519514843822 ], [ 1528293.865549742942676, 5708021.618011784739792 ], [ 1528299.38272849842906, 5708017.100023803301156 ], [ 1528308.329776359722018, 5708012.050099477171898 ], [ 1528317.233830800745636, 5708007.013789169490337 ], [ 1528323.126869105035439, 5708017.520207014866173 ], [ 1528326.142405758379027, 5708026.078577959910035 ], [ 1528311.275327379116789, 5708031.36344201117754 ], [ 1528308.178705127211288, 5708032.458503800444305 ] ] ] } },
{ "type": "Feature", "properties": { "building_id": 777 }, "geometry": { "type": "Polygon", "coordinates": [ [ [ 1528335.585603319108486, 5708039.273223320022225 ], [ 1528326.810808738926426, 5708017.149637199006975 ], [ 1528342.637373906793073, 5708007.975202878005803 ], [ 1528344.010729426285252, 5708011.286773001775146 ], [ 1528345.725101356394589, 5708011.056547333486378 ], [ 1528348.005200222833082, 5708020.146747229620814 ], [ 1528352.338667019736022, 5708020.172673369757831 ], [ 1528352.275716395117342, 5708018.74134418182075 ], [ 1528354.160443775122985, 5708018.556732580065727 ], [ 1528354.301201436668634, 5708019.574502136558294 ], [ 1528355.615858434466645, 5708025.702892472036183 ], [ 1528357.173411508556455, 5708035.410973670892417 ], [ 1528335.585603319108486, 5708039.273223320022225 ] ] ] } },
{ "type": "Feature", "properties": { "building_id": 797 }, "geometry": { "type": "Polygon", "coordinates": [ [ [ 1528298.825964726274833, 5708055.981902596540749 ], [ 1528294.054958783788607, 5708043.033081172034144 ], [ 1528290.373295251745731, 5708044.161751220934093 ], [ 1528288.342181314481422, 5708037.36400019004941 ], [ 1528283.104369478533044, 5708027.797664092853665 ], [ 1528288.666602990357205, 5708024.038470535539091 ], [ 1528289.374236210947856, 5708023.463280703872442 ], [ 1528293.759963488439098, 5708030.112495707347989 ], [ 1528299.343914379365742, 5708039.426868470385671 ], [ 1528301.438115995144472, 5708038.616250020451844 ], [ 1528303.052658474771306, 5708042.904296605847776 ], [ 1528310.866389288101345, 5708040.110575146973133 ], [ 1528313.99106771312654, 5708039.044563915580511 ], [ 1528313.337187148397788, 5708037.117529333569109 ], [ 1528309.152849264908582, 5708038.481375926174223 ], [ 1528307.207302164519206, 5708033.487210572697222 ], [ 1528326.142405758379027, 5708026.078577959910035 ], [ 1528332.380775362020358, 5708044.514540885575116 ], [ 1528304.273800419876352, 5708054.051697967574 ], [ 1528298.825964726274833, 5708055.981902596540749 ] ] ] } },
{ "type": "Feature", "properties": { "building_id": 1545 }, "geometry": { "type": "Polygon", "coordinates": [ [ [ 1528435.204190624412149, 5708044.030587474815547 ], [ 1528434.427283204626292, 5708057.134418245404959 ], [ 1528410.026362654520199, 5708058.577840997837484 ], [ 1528409.193984560901299, 5708057.119985705241561 ], [ 1528408.600278732599691, 5708031.493291405960917 ], [ 1528418.305592640303075, 5708030.789190381765366 ], [ 1528418.804858715971932, 5708044.32805906329304 ], [ 1528429.215826502302662, 5708044.07855209056288 ], [ 1528435.204190624412149, 5708044.030587474815547 ] ] ] } },
{ "type": "Feature", "properties": { "building_id": 2035 }, "geometry": { "type": "Polygon", "coordinates": [ [ [ 1528374.820228726835921, 5708036.463637188076973 ], [ 1528383.678288650233299, 5708035.245501265861094 ], [ 1528388.366233698092401, 5708034.490356939844787 ], [ 1528389.963891455903649, 5708049.791683146730065 ], [ 1528389.26393259759061, 5708049.880690927617252 ], [ 1528389.820253803394735, 5708055.281886575743556 ], [ 1528386.849159095669165, 5708055.649501186795533 ], [ 1528386.501746381400153, 5708052.368517509661615 ], [ 1528382.47370027564466, 5708052.862378781661391 ], [ 1528382.250767457764596, 5708050.72764013055712 ], [ 1528377.894234129693359, 5708051.259192492812872 ], [ 1528374.820228726835921, 5708036.463637188076973 ] ] ] } },
{ "type": "Feature", "properties": { "building_id": 781 }, "geometry": { "type": "Polygon", "coordinates": [ [ [ 1528375.863862494938076, 5708057.963823535479605 ], [ 1528365.711494540330023, 5708058.989757009781897 ], [ 1528357.466010629897937, 5708059.330800347961485 ], [ 1528357.283359534107149, 5708057.354036247357726 ], [ 1528356.240659077651799, 5708057.48050744831562 ], [ 1528355.14873908017762, 5708048.98127899132669 ], [ 1528356.191664204234257, 5708048.840508270077407 ], [ 1528354.548368665855378, 5708039.145353810861707 ], [ 1528371.991440368816257, 5708036.84780949819833 ], [ 1528374.83448135224171, 5708036.463863547891378 ], [ 1528376.623218731721863, 5708045.07426786981523 ], [ 1528373.665702729253098, 5708045.485003317706287 ], [ 1528375.40694478712976, 5708054.395032469183207 ], [ 1528377.878294178983197, 5708054.076698329299688 ], [ 1528378.419149544555694, 5708057.74694568105042 ], [ 1528375.863862494938076, 5708057.963823535479605 ] ] ] } },
{ "type": "Feature", "properties": { "building_id": 780 }, "geometry": { "type": "Polygon", "coordinates": [ [ [ 1528356.121973256580532, 5708059.581215328536928 ], [ 1528342.834277205867693, 5708061.444128553383052 ], [ 1528336.857612676452845, 5708042.683319317176938 ], [ 1528351.728866984602064, 5708039.84434044919908 ], [ 1528352.789648591075093, 5708044.89596223179251 ], [ 1528350.782996672671288, 5708045.579254022799432 ], [ 1528352.645683628506958, 5708054.019206373952329 ], [ 1528354.362996977055445, 5708053.603081159293652 ], [ 1528356.121973256580532, 5708059.581215328536928 ] ] ] } },
{ "type": "Feature", "properties": { "building_id": 749 }, "geometry": { "type": "Polygon", "coordinates": [ [ [ 1528312.085804602596909, 5708065.818759412504733 ], [ 1528310.641382886329666, 5708061.590620108880103 ], [ 1528308.481782115995884, 5708062.028316262178123 ], [ 1528308.992233826080337, 5708064.01029097288847 ], [ 1528305.288829894037917, 5708064.709523435682058 ], [ 1528304.577261583646759, 5708062.824476158246398 ], [ 1528302.484408938093111, 5708063.549298785626888 ], [ 1528301.553376561496407, 5708061.117236541584134 ], [ 1528303.805716713424772, 5708060.223308302462101 ], [ 1528303.459977810503915, 5708058.644445348531008 ], [ 1528333.224562629358843, 5708048.861856628209352 ], [ 1528336.161634111776948, 5708057.876714649610221 ], [ 1528312.085804602596909, 5708065.818759412504733 ] ] ] } },
{ "type": "Feature", "properties": { "building_id": 872 }, "geometry": { "type": "Polygon", "coordinates": [ [ [ 1528484.208719353890046, 5707964.98186513595283 ], [ 1528484.348565066000447, 5707953.398495019413531 ], [ 1528489.310688944766298, 5707953.33420847915113 ], [ 1528489.30793326231651, 5707952.604702215641737 ], [ 1528490.733859309460968, 5707952.584420562721789 ], [ 1528490.650170403299853, 5707948.849961659871042 ], [ 1528500.559033570578322, 5707948.792650636285543 ], [ 1528500.401039948686957, 5707955.197970683686435 ], [ 1528503.84563744883053, 5707955.538691875524819 ], [ 1528503.253741550492123, 5707965.9563322737813 ], [ 1528484.208719353890046, 5707964.98186513595283 ] ] ] } },
{ "type": "Feature", "properties": { "building_id": 833 }, "geometry": { "type": "Polygon", "coordinates": [ [ [ 1528505.265985136153176, 5707992.048743058927357 ], [ 1528493.94348902348429, 5707990.438753955997527 ], [ 1528496.436662246240303, 5707972.456244169734418 ], [ 1528510.362616386497393, 5707974.407903134822845 ], [ 1528507.869019642937928, 5707992.419020474888384 ], [ 1528505.265985136153176, 5707992.048743058927357 ] ] ] } },
{ "type": "Feature", "properties": { "building_id": 858 }, "geometry": { "type": "Polygon", "coordinates": [ [ [ 1528504.275531967636198, 5707905.656120902858675 ], [ 1528511.331489085918292, 5707907.513056509196758 ], [ 1528526.506034600315616, 5707911.644257916137576 ], [ 1528520.74462924641557, 5707926.242170251905918 ], [ 1528502.976844228571281, 5707922.927993035875261 ], [ 1528503.314741799840704, 5707909.631444862112403 ], [ 1528504.275531967636198, 5707905.656120902858675 ] ] ] } },
{ "type": "Feature", "properties": { "building_id": 859 }, "geometry": { "type": "Polygon", "coordinates": [ [ [ 1528510.91405223403126, 5707879.729827042669058 ], [ 1528519.575326475081965, 5707881.941192032769322 ], [ 1528527.729658363619819, 5707884.659417538903654 ], [ 1528524.106820134911686, 5707895.629622294567525 ], [ 1528515.281940325396135, 5707892.943660564720631 ], [ 1528504.919384597335011, 5707890.133170884102583 ], [ 1528506.093957727076486, 5707886.161247446201742 ], [ 1528507.82486084010452, 5707886.689319374971092 ], [ 1528508.812798816943541, 5707882.800254243426025 ], [ 1528510.062501109438017, 5707883.106144313700497 ], [ 1528510.91405223403126, 5707879.729827042669058 ] ] ] } },
{ "type": "Feature", "properties": { "building_id": 871 }, "geometry": { "type": "Polygon", "coordinates": [ [ [ 1528526.589019550243393, 5707959.747099883854389 ], [ 1528527.337703879922628, 5707957.470466261729598 ], [ 1528527.803195095388219, 5707955.97601589653641 ], [ 1528528.794334859121591, 5707956.406532525084913 ], [ 1528534.911078815581277, 5707959.063841765746474 ], [ 1528534.81835237913765, 5707959.520073062740266 ], [ 1528534.068317619850859, 5707961.88250561337918 ], [ 1528531.072736505419016, 5707971.94735199213028 ], [ 1528523.637315274216235, 5707969.74112141225487 ], [ 1528526.589019550243393, 5707959.747099883854389 ] ] ] } },
{ "type": "Feature", "properties": { "building_id": 861 }, "geometry": { "type": "Polygon", "coordinates": [ [ [ 1528547.110098117496818, 5707908.667091892100871 ], [ 1528546.717452187091112, 5707910.062569100409746 ], [ 1528537.27451008092612, 5707911.314481355249882 ], [ 1528528.18985013756901, 5707911.542242983356118 ], [ 1528530.357481917133555, 5707898.832559208385646 ], [ 1528531.040020290296525, 5707898.943508883938193 ], [ 1528531.431711837416515, 5707896.70413614064455 ], [ 1528536.98913626652211, 5707898.666004361584783 ], [ 1528540.319306259043515, 5707889.078547233715653 ], [ 1528551.403168855234981, 5707893.159108722582459 ], [ 1528547.110098117496818, 5707908.667091892100871 ] ] ] } },
{ "type": "Feature", "properties": { "building_id": 1601 }, "geometry": { "type": "Polygon", "coordinates": [ [ [ 1528528.303586811060086, 5708045.436558750458062 ], [ 1528532.816590590868145, 5708021.407070428133011 ], [ 1528530.371902794344351, 5708020.939188153482974 ], [ 1528530.169941805303097, 5708021.994428009726107 ], [ 1528529.473592220572755, 5708021.854651060886681 ], [ 1528531.116828452330083, 5708012.569279202260077 ], [ 1528532.082399118924513, 5708012.813449859619141 ], [ 1528534.43520418391563, 5708012.779258739203215 ], [ 1528548.49795367452316, 5708016.006029292009771 ], [ 1528547.811350086936727, 5708019.771206555888057 ], [ 1528550.255587881198153, 5708020.267683431506157 ], [ 1528553.962882574182004, 5707995.796373445540667 ], [ 1528570.524828968569636, 5707999.649178263731301 ], [ 1528569.734020406845957, 5708004.599868924356997 ], [ 1528566.745063948212191, 5708018.769923666492105 ], [ 1528565.707283633528277, 5708024.918184587731957 ], [ 1528564.77626161579974, 5708034.243478371761739 ], [ 1528562.678721743635833, 5708046.124879597686231 ], [ 1528528.303586811060086, 5708045.436558750458062 ] ] ] } },
{ "type": "Feature", "properties": { "building_id": 870 }, "geometry": { "type": "Polygon", "coordinates": [ [ [ 1528530.691523985937238, 5707971.71245282702148 ], [ 1528534.557695687748492, 5707958.872294173575938 ], [ 1528539.179901666473597, 5707960.47606145683676 ], [ 1528542.262506193248555, 5707949.411382874473929 ], [ 1528552.80997439683415, 5707952.253386939875782 ], [ 1528546.616163555998355, 5707976.198826409876347 ], [ 1528530.691523985937238, 5707971.71245282702148 ] ] ] } },
{ "type": "Feature", "properties": { "building_id": 831 }, "geometry": { "type": "Polygon", "coordinates": [ [ [ 1528537.594402216840535, 5707992.33279625326395 ], [ 1528536.016874811146408, 5707992.021705799736083 ], [ 1528538.72267760685645, 5707978.633889054879546 ], [ 1528557.295997321605682, 5707982.404192499816418 ], [ 1528555.758195178117603, 5707991.333629273809493 ], [ 1528553.014210472581908, 5707990.861007440835238 ], [ 1528552.260686099296436, 5707995.254456207156181 ], [ 1528548.352496563224122, 5707994.477300982922316 ], [ 1528547.918272212380543, 5707996.70172081142664 ], [ 1528543.656697683501989, 5707995.733015512116253 ], [ 1528544.074867733521387, 5707993.622767471708357 ], [ 1528541.858002548338845, 5707993.172806967049837 ], [ 1528541.440282694064081, 5707995.254455431364477 ], [ 1528537.19206075114198, 5707994.343172019347548 ], [ 1528537.594402216840535, 5707992.33279625326395 ] ] ] } },
{ "type": "Feature", "properties": { "building_id": 863 }, "geometry": { "type": "Polygon", "coordinates": [ [ [ 1528542.792777966242284, 5707949.233853230252862 ], [ 1528540.380670453887433, 5707948.50903701595962 ], [ 1528543.342939811758697, 5707937.842952386476099 ], [ 1528543.073269457789138, 5707937.767158814705908 ], [ 1528550.483137292787433, 5707911.738553991541266 ], [ 1528554.119818785693496, 5707912.554303978569806 ], [ 1528554.113509758608416, 5707912.954691354185343 ], [ 1528560.369937196839601, 5707913.983629514463246 ], [ 1528564.845937456935644, 5707914.912809565663338 ], [ 1528566.921077833976597, 5707903.546137312427163 ], [ 1528570.315466387895867, 5707904.358037126250565 ], [ 1528567.881698777200654, 5707911.342267287895083 ], [ 1528566.851192570058629, 5707914.315276043489575 ], [ 1528566.522543595638126, 5707915.268373055383563 ], [ 1528569.153387644095346, 5707915.681979857385159 ], [ 1528569.040611836593598, 5707917.41086985822767 ], [ 1528567.975642983336002, 5707926.190408921800554 ], [ 1528566.881132535636425, 5707925.987108916044235 ], [ 1528564.822768132667989, 5707934.479140390641987 ], [ 1528563.489467236911878, 5707939.478403174318373 ], [ 1528571.627526147058234, 5707941.423976541496813 ], [ 1528571.137710947077721, 5707944.462783600203693 ], [ 1528570.136842745821923, 5707950.983462571166456 ], [ 1528568.900214087916538, 5707957.085614347830415 ], [ 1528559.138933265116066, 5707955.014166754670441 ], [ 1528552.204441110603511, 5707953.588281588628888 ], [ 1528552.426508852979168, 5707952.161485336720943 ], [ 1528542.792777966242284, 5707949.233853230252862 ] ] ] } },
{ "type": "Feature", "properties": { "building_id": 869 }, "geometry": { "type": "Polygon", "coordinates": [ [ [ 1528573.446785809239373, 5707964.395140934735537 ], [ 1528560.720521826297045, 5707962.305275964550674 ], [ 1528559.743469779379666, 5707966.409101911820471 ], [ 1528559.449464234756306, 5707967.877669216133654 ], [ 1528558.192657546838745, 5707973.450291763059795 ], [ 1528557.427080600289628, 5707976.799405854195356 ], [ 1528547.337691210675985, 5707973.835936858318746 ], [ 1528549.74822555645369, 5707963.804712395183742 ], [ 1528552.204441110603511, 5707953.588281588628888 ], [ 1528559.138933265116066, 5707955.014166754670441 ], [ 1528568.900214087916538, 5707957.085614347830415 ], [ 1528570.182754424400628, 5707950.783946155570447 ], [ 1528575.259347539627925, 5707950.69282082747668 ], [ 1528573.446785809239373, 5707964.395140934735537 ] ] ] } },
{ "type": "Feature", "properties": { "building_id": 830 }, "geometry": { "type": "Polygon", "coordinates": [ [ [ 1528554.285959822591394, 5707996.101866386830807 ], [ 1528555.231751663610339, 5707991.268066030927002 ], [ 1528556.797215417260304, 5707983.297384858131409 ], [ 1528572.913421899545938, 5707986.485160734504461 ], [ 1528570.387935722246766, 5707999.289425623603165 ], [ 1528554.285959822591394, 5707996.101866386830807 ] ] ] } },
{ "type": "Feature", "properties": { "building_id": 1516 }, "geometry": { "type": "Polygon", "coordinates": [ [ [ 1528561.963365946197882, 5708070.715302380733192 ], [ 1528564.333741569658741, 5708058.709466119296849 ], [ 1528566.683047926984727, 5708049.850045404396951 ], [ 1528578.525096636265516, 5708051.968809236772358 ], [ 1528576.927256179274991, 5708062.899836712516844 ], [ 1528576.543512518750504, 5708065.539872983470559 ], [ 1528578.022637317888439, 5708065.763577999547124 ], [ 1528579.435408174525946, 5708068.389196280390024 ], [ 1528581.739837632281706, 5708068.711809499189258 ], [ 1528581.913063047686592, 5708067.670410668477416 ], [ 1528583.220480266958475, 5708067.934301904402673 ], [ 1528582.421336550964043, 5708073.414123950526118 ], [ 1528577.545954740140587, 5708072.492905934341252 ], [ 1528575.584490272216499, 5708072.118517256341875 ], [ 1528575.393406593706459, 5708073.388487295247614 ], [ 1528561.963365946197882, 5708070.715302380733192 ] ] ] } },
{ "type": "Feature", "properties": { "building_id": 1524 }, "geometry": { "type": "Polygon", "coordinates": [ [ [ 1528567.064482435584068, 5708046.451900730840862 ], [ 1528568.388544274028391, 5708034.80138689558953 ], [ 1528586.310877592535689, 5708038.275261919945478 ], [ 1528586.156636775704101, 5708039.016588712111115 ], [ 1528591.539690025849268, 5708040.289128902368248 ], [ 1528590.598616395145655, 5708051.15904273185879 ], [ 1528567.064482435584068, 5708046.451900730840862 ] ] ] } },
{ "type": "Feature", "properties": { "building_id": 1525 }, "geometry": { "type": "Polygon", "coordinates": [ [ [ 1528568.843952591763809, 5708034.85151972528547 ], [ 1528569.657686998834834, 5708027.541130494326353 ], [ 1528570.662336441455409, 5708019.876192691735923 ], [ 1528574.93226142344065, 5708020.315798196941614 ], [ 1528575.019069782225415, 5708019.330247726291418 ], [ 1528581.624845636542886, 5708019.907018134370446 ], [ 1528581.521757829701528, 5708021.02104021422565 ], [ 1528589.332309815799817, 5708022.947117779403925 ], [ 1528588.142496314365417, 5708028.792603772133589 ], [ 1528586.33938286988996, 5708038.2757139634341 ], [ 1528584.05056536057964, 5708037.867530673742294 ], [ 1528568.843952591763809, 5708034.85151972528547 ] ] ] } },
{ "type": "Feature", "properties": { "building_id": 645 }, "geometry": { "type": "Polygon", "coordinates": [ [ [ 1528752.062012666836381, 5708005.115390744060278 ], [ 1528753.790768479462713, 5708001.25228488072753 ], [ 1528754.817918996326625, 5707996.677207889966667 ], [ 1528757.304005999816582, 5707991.796266546472907 ], [ 1528762.465054942993447, 5707981.808529451489449 ], [ 1528763.920918860007077, 5707982.603962418623269 ], [ 1528766.526866991771385, 5707977.353040634654462 ], [ 1528773.896202299976721, 5707981.045559465885162 ], [ 1528769.943327957997099, 5707989.450473400764167 ], [ 1528765.693763459566981, 5707996.777950159274042 ], [ 1528758.822250119643286, 5708007.654023592360318 ], [ 1528752.062012666836381, 5708005.115390744060278 ] ] ] } },
{ "type": "Feature", "properties": { "building_id": 685 }, "geometry": { "type": "Polygon", "coordinates": [ [ [ 1528756.755005566170439, 5707889.877502836287022 ], [ 1528760.95927534555085, 5707877.271566674113274 ], [ 1528771.349135040305555, 5707881.06909862626344 ], [ 1528765.22620118688792, 5707893.301383370533586 ], [ 1528756.755005566170439, 5707889.877502836287022 ] ] ] } },
{ "type": "Feature", "properties": { "building_id": 646 }, "geometry": { "type": "Polygon", "coordinates": [ [ [ 1528775.929726186674088, 5707977.745112044736743 ], [ 1528774.337806591996923, 5707981.066856407560408 ], [ 1528762.947970785899088, 5707975.579970846883953 ], [ 1528768.806399390101433, 5707964.759404150769114 ], [ 1528780.279490842018276, 5707970.390626248903573 ], [ 1528782.09174804459326, 5707972.092801822349429 ], [ 1528778.122674013255164, 5707978.809673477895558 ], [ 1528775.929726186674088, 5707977.745112044736743 ] ] ] } },
{ "type": "Feature", "properties": { "building_id": 2147 }, "geometry": { "type": "Polygon", "coordinates": [ [ [ 1528768.814503124449402, 5707891.756267645396292 ], [ 1528772.608307897578925, 5707883.4919568374753 ], [ 1528783.001939554000273, 5707888.862876754254103 ], [ 1528771.890452720457688, 5707903.748070260509849 ], [ 1528764.170867018634453, 5707898.762754945084453 ], [ 1528768.814503124449402, 5707891.756267645396292 ] ] ] } },
{ "type": "Feature", "properties": { "building_id": 698 }, "geometry": { "type": "Polygon", "coordinates": [ [ [ 1528764.750551973469555, 5707957.057259859517217 ], [ 1528768.315370399272069, 5707947.945376752875745 ], [ 1528776.091706102946773, 5707952.04481684230268 ], [ 1528779.373092589899898, 5707953.698739735409617 ], [ 1528774.500200010603294, 5707962.589672401547432 ], [ 1528764.750551973469555, 5707957.057259859517217 ] ] ] } },
{ "type": "Feature", "properties": { "building_id": 628 }, "geometry": { "type": "Polygon", "coordinates": [ [ [ 1528781.542190391337499, 5707915.500750009901822 ], [ 1528772.655458197230473, 5707925.801303112879395 ], [ 1528765.356745779747143, 5707919.435238000936806 ], [ 1528772.529745313804597, 5707911.138601906597614 ], [ 1528775.736333923181519, 5707913.921280849725008 ], [ 1528777.435365892015398, 5707911.945750595070422 ], [ 1528781.542190391337499, 5707915.500750009901822 ] ] ] } },
{ "type": "Feature", "properties": { "building_id": 648 }, "geometry": { "type": "Polygon", "coordinates": [ [ [ 1528765.693763459566981, 5707996.777950159274042 ], [ 1528769.943327957997099, 5707989.450473400764167 ], [ 1528771.49603705550544, 5707990.433381788432598 ], [ 1528776.039868819294497, 5707982.524135091342032 ], [ 1528781.124302615178749, 5707986.466528920456767 ], [ 1528778.473273269832134, 5707990.958674229681492 ], [ 1528781.301741419825703, 5707992.405185357667506 ], [ 1528782.010545822791755, 5707992.659565383568406 ], [ 1528778.490491566248238, 5707998.925858961418271 ], [ 1528770.425238124327734, 5707995.064979262650013 ], [ 1528768.777427914785221, 5707998.314327553845942 ], [ 1528765.693763459566981, 5707996.777950159274042 ] ] ] } },
{ "type": "Feature", "properties": { "building_id": 630 }, "geometry": { "type": "Polygon", "coordinates": [ [ [ 1528781.542190391337499, 5707915.500750009901822 ], [ 1528777.435365892015398, 5707911.945750595070422 ], [ 1528772.583064106525853, 5707907.749607437290251 ], [ 1528770.703462889650837, 5707906.704318699426949 ], [ 1528772.316000974969938, 5707903.883537709712982 ], [ 1528773.884655890753493, 5707901.133577856235206 ], [ 1528776.568996057845652, 5707902.67791529931128 ], [ 1528785.798917307984084, 5707910.433337714523077 ], [ 1528781.542190391337499, 5707915.500750009901822 ] ] ] } },
{ "type": "Feature", "properties": { "building_id": 2148 }, "geometry": { "type": "Polygon", "coordinates": [ [ [ 1528783.001939554000273, 5707888.862876754254103 ], [ 1528772.608307897578925, 5707883.4919568374753 ], [ 1528774.437393009662628, 5707878.68648539390415 ], [ 1528776.220503501361236, 5707875.897019916214049 ], [ 1528786.198704014532268, 5707880.488986629061401 ], [ 1528785.314927122555673, 5707884.107972461730242 ], [ 1528792.571380886714906, 5707888.628229019232094 ], [ 1528788.250171771273017, 5707895.983106316067278 ], [ 1528781.50064737489447, 5707890.955959142185748 ], [ 1528783.001939554000273, 5707888.862876754254103 ] ] ] } },
{ "type": "Feature", "properties": { "building_id": 631 }, "geometry": { "type": "Polygon", "coordinates": [ [ [ 1528773.658416785066947, 5707901.015570082701743 ], [ 1528777.523272173013538, 5707895.484264753758907 ], [ 1528778.04408778832294, 5707895.907302426174283 ], [ 1528780.34793636482209, 5707892.639772325754166 ], [ 1528782.757879877695814, 5707894.408610538579524 ], [ 1528783.937745777657256, 5707892.811045282520354 ], [ 1528793.782767373370007, 5707900.433160494081676 ], [ 1528786.27419694676064, 5707910.12619543261826 ], [ 1528773.658416785066947, 5707901.015570082701743 ] ] ] } },
{ "type": "Feature", "properties": { "building_id": 699 }, "geometry": { "type": "Polygon", "coordinates": [ [ [ 1528780.724367262795568, 5707951.17417189758271 ], [ 1528780.974308652803302, 5707950.691821794956923 ], [ 1528785.124279268784449, 5707953.317810871638358 ], [ 1528786.79113206313923, 5707950.669510988518596 ], [ 1528792.87412870884873, 5707954.570484202355146 ], [ 1528791.25070935045369, 5707957.1765645602718 ], [ 1528795.047971964348108, 5707959.568114566616714 ], [ 1528794.841238526394591, 5707960.022543329745531 ], [ 1528789.477714833104983, 5707972.009518936276436 ], [ 1528789.182091297581792, 5707972.677088858559728 ], [ 1528773.95027991454117, 5707963.110181800089777 ], [ 1528774.288211885141209, 5707962.47188953217119 ], [ 1528779.331459874520078, 5707953.62656448315829 ], [ 1528780.724367262795568, 5707951.17417189758271 ] ] ] } },
{ "type": "Feature", "properties": { "building_id": 647 }, "geometry": { "type": "Polygon", "coordinates": [ [ [ 1528781.124302615178749, 5707986.466528920456767 ], [ 1528776.039868819294497, 5707982.524135091342032 ], [ 1528778.230845269281417, 5707979.183270470239222 ], [ 1528782.191740808309987, 5707972.080082102678716 ], [ 1528787.554393406491727, 5707975.554867247119546 ], [ 1528781.124302615178749, 5707986.466528920456767 ] ] ] } },
{ "type": "Feature", "properties": { "building_id": 637 }, "geometry": { "type": "Polygon", "coordinates": [ [ [ 1528781.301741419825703, 5707992.405185357667506 ], [ 1528789.671130475588143, 5707976.932889678515494 ], [ 1528795.040762101532891, 5707979.964382563717663 ], [ 1528783.149527490604669, 5708001.81738358642906 ], [ 1528778.490491566248238, 5707998.925858961418271 ], [ 1528782.010545822791755, 5707992.659565383568406 ], [ 1528781.301741419825703, 5707992.405185357667506 ] ] ] } },
{ "type": "Feature", "properties": { "building_id": 624 }, "geometry": { "type": "Polygon", "coordinates": [ [ [ 1528804.460805136943236, 5707943.011039611883461 ], [ 1528799.549541138345376, 5707952.530708043836057 ], [ 1528786.257232992444187, 5707945.640640532597899 ], [ 1528789.727898634504527, 5707938.887291234917939 ], [ 1528799.103297269204631, 5707943.741490241140127 ], [ 1528800.529651183867827, 5707940.974957154132426 ], [ 1528804.460805136943236, 5707943.011039611883461 ] ] ] } },
{ "type": "Feature", "properties": { "building_id": 602 }, "geometry": { "type": "Polygon", "coordinates": [ [ [ 1528805.550359242828563, 5707950.780613040551543 ], [ 1528808.431096682092175, 5707942.558988513424993 ], [ 1528815.913541794056073, 5707946.310461909510195 ], [ 1528819.666369026293978, 5707937.931007000617683 ], [ 1528833.051798533415422, 5707946.152688129805028 ], [ 1528825.130020286655053, 5707959.457971815019846 ], [ 1528805.550359242828563, 5707950.780613040551543 ] ] ] } },
{ "type": "Feature", "properties": { "building_id": 617 }, "geometry": { "type": "Polygon", "coordinates": [ [ [ 1528821.47770837158896, 5707983.200701213441789 ], [ 1528816.322753634303808, 5707980.115409103222191 ], [ 1528818.826512415893376, 5707975.921294024214149 ], [ 1528807.076577764935791, 5707968.855413531884551 ], [ 1528813.006519623333588, 5707958.922756248153746 ], [ 1528834.840107357129455, 5707972.04117657802999 ], [ 1528830.959736237535253, 5707978.559230737388134 ], [ 1528826.016769923968241, 5707975.591727521270514 ], [ 1528821.47770837158896, 5707983.200701213441789 ] ] ] } },
{ "type": "Feature", "properties": { "building_id": 634 }, "geometry": { "type": "Polygon", "coordinates": [ [ [ 1528837.392456061672419, 5707884.074315989390016 ], [ 1528829.408388806739822, 5707895.905306832864881 ], [ 1528808.532520199194551, 5707881.729416852816939 ], [ 1528813.188566081225872, 5707874.837540644221008 ], [ 1528820.142577914288267, 5707879.553224643692374 ], [ 1528823.470386754488572, 5707874.628441831097007 ], [ 1528837.392456061672419, 5707884.074315989390016 ] ] ] } },
{ "type": "Feature", "properties": { "building_id": 604 }, "geometry": { "type": "Polygon", "coordinates": [ [ [ 1528808.344457105500624, 5707942.629132587462664 ], [ 1528814.513131799176335, 5707931.112633064389229 ], [ 1528822.284976843046024, 5707935.498017222620547 ], [ 1528815.890293029602617, 5707946.882220891304314 ], [ 1528808.344457105500624, 5707942.629132587462664 ] ] ] } },
{ "type": "Feature", "properties": { "building_id": 601 }, "geometry": { "type": "Polygon", "coordinates": [ [ [ 1528815.007695349399, 5707931.392223086208105 ], [ 1528820.933246095199138, 5707920.830194281414151 ], [ 1528828.693081904901192, 5707925.072346295230091 ], [ 1528827.030153882689774, 5707928.378653399646282 ], [ 1528838.926849476061761, 5707935.175039034336805 ], [ 1528832.590546155581251, 5707946.474359368905425 ], [ 1528820.085031597875059, 5707939.410861091688275 ], [ 1528822.284976843046024, 5707935.498017222620547 ], [ 1528815.007695349399, 5707931.392223086208105 ] ] ] } },
{ "type": "Feature", "properties": { "building_id": 605 }, "geometry": { "type": "Polygon", "coordinates": [ [ [ 1528828.747497599106282, 5707907.108478778041899 ], [ 1528833.214699611300603, 5707910.411701343953609 ], [ 1528837.328516924288124, 5707913.523388244211674 ], [ 1528835.447759672068059, 5707917.083700811490417 ], [ 1528834.544372478267178, 5707916.511578056961298 ], [ 1528829.771856834879145, 5707926.276585029438138 ], [ 1528821.184084054315463, 5707920.290646326728165 ], [ 1528826.323346233926713, 5707910.774609465152025 ], [ 1528828.747497599106282, 5707907.108478778041899 ] ] ] } },
{ "type": "Feature", "properties": { "building_id": 100 }, "geometry": { "type": "Polygon", "coordinates": [ [ [ 1528838.926849476061761, 5707935.175039034336805 ], [ 1528827.990326790837571, 5707928.965979790315032 ], [ 1528829.808907345868647, 5707925.733652098104358 ], [ 1528834.734462132211775, 5707917.115318633615971 ], [ 1528835.497348670149222, 5707917.556489100679755 ], [ 1528845.613965404452756, 5707923.323458883911371 ], [ 1528838.926849476061761, 5707935.175039034336805 ] ] ] } },
{ "type": "Feature", "properties": { "building_id": 99 }, "geometry": { "type": "Polygon", "coordinates": [ [ [ 1528839.456818493083119, 5707891.501688214950264 ], [ 1528839.851613747421652, 5707891.779696342535317 ], [ 1528839.997510910965502, 5707891.567459478974342 ], [ 1528846.446038963273168, 5707902.139401650056243 ], [ 1528840.378198205493391, 5707909.967277116142213 ], [ 1528838.470876122359186, 5707912.497343531809747 ], [ 1528837.670126050477847, 5707913.557402104139328 ], [ 1528833.570111295441166, 5707910.474540083669126 ], [ 1528828.816510970238596, 5707907.252602452412248 ], [ 1528831.571839585667476, 5707903.377168595790863 ], [ 1528831.275686740642413, 5707903.172236842103302 ], [ 1528839.456818493083119, 5707891.501688214950264 ] ] ] } },
{ "type": "Feature", "properties": { "building_id": 97 }, "geometry": { "type": "Polygon", "coordinates": [ [ [ 1528846.432685950538144, 5707902.081977862864733 ], [ 1528839.629507432226092, 5707892.30539483204484 ], [ 1528842.675046793650836, 5707888.105586928315461 ], [ 1528851.808305263984948, 5707894.758059922605753 ], [ 1528859.010353192221373, 5707900.021167794242501 ], [ 1528859.918950352584943, 5707902.981988091021776 ], [ 1528846.597299233777449, 5707922.437926194630563 ], [ 1528841.012236915761605, 5707918.602098151110113 ], [ 1528842.588605028344318, 5707916.267034523189068 ], [ 1528837.915341055486351, 5707913.375343193300068 ], [ 1528846.432685950538144, 5707902.081977862864733 ] ] ] } },
{ "type": "Feature", "properties": { "building_id": 96 }, "geometry": { "type": "Polygon", "coordinates": [ [ [ 1528841.672798066167161, 5707949.121186889708042 ], [ 1528852.651509027229622, 5707932.703292178921402 ], [ 1528852.820740059949458, 5707932.82039602752775 ], [ 1528863.655536828562617, 5707916.486058319918811 ], [ 1528878.286380705656484, 5707927.101684683933854 ], [ 1528876.359417578671128, 5707929.974728796631098 ], [ 1528876.937924277503043, 5707930.355765834450722 ], [ 1528870.149549893336371, 5707940.489396018907428 ], [ 1528869.444119297200814, 5707940.020530383102596 ], [ 1528867.589986796258017, 5707942.794607154093683 ], [ 1528898.962527835508808, 5707963.973478306084871 ], [ 1528887.953782991971821, 5707980.491134374402463 ], [ 1528841.672798066167161, 5707949.121186889708042 ] ] ] } },
{ "type": "Feature", "properties": { "building_id": 606 }, "geometry": { "type": "Polygon", "coordinates": [ [ [ 1528910.446325174532831, 5707987.068941402249038 ], [ 1528897.695875412784517, 5707977.441367426887155 ], [ 1528906.022980137495324, 5707966.459525241516531 ], [ 1528907.41779880435206, 5707967.511425284668803 ], [ 1528912.978242290439084, 5707960.218947970308363 ], [ 1528912.09112103539519, 5707959.518358928151429 ], [ 1528915.177384966751561, 5707955.447867967188358 ], [ 1528919.163653216324747, 5707958.514604995027184 ], [ 1528918.508130606031045, 5707959.405335483141243 ], [ 1528925.663017631741241, 5707964.953745084814727 ], [ 1528926.739729110850021, 5707963.569064555689692 ], [ 1528936.698072892380878, 5707971.250086995773017 ], [ 1528928.839762376854196, 5707982.339502504095435 ], [ 1528919.046919070882723, 5707975.919763711281121 ], [ 1528910.446325174532831, 5707987.068941402249038 ] ] ] } },
{ "type": "Feature", "properties": { "building_id": 677 }, "geometry": { "type": "Polygon", "coordinates": [ [ [ 1528668.877860071836039, 5707891.903634195216 ], [ 1528669.459907619981095, 5707888.437208696268499 ], [ 1528671.119839400518686, 5707880.797066195867956 ], [ 1528673.144771035760641, 5707874.421383853070438 ], [ 1528676.728472273331136, 5707865.924951197579503 ], [ 1528684.949528803816065, 5707868.029054020531476 ], [ 1528684.611382577801123, 5707880.453056259080768 ], [ 1528684.670290941605344, 5707890.294508522376418 ], [ 1528673.045435053762048, 5707888.880217045545578 ], [ 1528672.293260457692668, 5707892.286734356544912 ], [ 1528672.277882382506505, 5707892.358006093651056 ], [ 1528668.877860071836039, 5707891.903634195216 ] ] ] } },
{ "type": "Feature", "properties": { "building_id": 1564 }, "geometry": { "type": "Polygon", "coordinates": [ [ [ 1528628.793549279216677, 5707872.67426226940006 ], [ 1528640.597802523057908, 5707874.46333240903914 ], [ 1528632.237238994799554, 5707898.417186654172838 ], [ 1528619.86939079198055, 5707896.204375525936484 ], [ 1528625.19171932223253, 5707875.07728758174926 ], [ 1528626.230212633498013, 5707873.40599006600678 ], [ 1528628.793549279216677, 5707872.67426226940006 ] ] ] } },
{ "type": "Feature", "properties": { "building_id": 1561 }, "geometry": { "type": "Polygon", "coordinates": [ [ [ 1528588.467070521321148, 5707889.641949623823166 ], [ 1528588.96256888913922, 5707887.146767322905362 ], [ 1528588.271635161945596, 5707886.663808971643448 ], [ 1528588.950101199559867, 5707883.413465861231089 ], [ 1528586.875108878826723, 5707883.008681053295732 ], [ 1528588.611041570315138, 5707874.16830643825233 ], [ 1528600.236375724896789, 5707876.455200429074466 ], [ 1528597.306386289419606, 5707891.412668956443667 ], [ 1528588.467070521321148, 5707889.641949623823166 ] ] ] } },
{ "type": "Feature", "properties": { "building_id": 1562 }, "geometry": { "type": "Polygon", "coordinates": [ [ [ 1528600.715560043230653, 5707896.715962073765695 ], [ 1528596.271223234944046, 5707895.587060669437051 ], [ 1528597.306386289419606, 5707891.412668956443667 ], [ 1528600.236375724896789, 5707876.455200429074466 ], [ 1528607.996103503741324, 5707877.979939018376172 ], [ 1528605.108207947574556, 5707892.98098933044821 ], [ 1528601.768352262908593, 5707892.327302489429712 ], [ 1528600.715560043230653, 5707896.715962073765695 ] ] ] } },
{ "type": "Feature", "properties": { "building_id": 1563 }, "geometry": { "type": "Polygon", "coordinates": [ [ [ 1528605.108207947574556, 5707892.98098933044821 ], [ 1528607.996103503741324, 5707877.979939018376172 ], [ 1528620.375473252031952, 5707880.36458171159029 ], [ 1528617.30057789478451, 5707896.378195040859282 ], [ 1528604.921186975901946, 5707893.993543513119221 ], [ 1528605.108207947574556, 5707892.98098933044821 ] ] ] } },
{ "type": "Feature", "properties": { "building_id": 1587 }, "geometry": { "type": "Polygon", "coordinates": [ [ [ 1528641.172730868449435, 5707915.808390920981765 ], [ 1528643.444129602517933, 5707907.36264568939805 ], [ 1528634.541858358541504, 5707905.061755931004882 ], [ 1528636.402003583032638, 5707900.099459566175938 ], [ 1528636.132333530113101, 5707900.0236691320315 ], [ 1528640.076086961664259, 5707889.487593228928745 ], [ 1528650.557501369621605, 5707892.900539175607264 ], [ 1528654.160951750585809, 5707894.016084806062281 ], [ 1528664.301219580462202, 5707897.366396568715572 ], [ 1528661.384273717412725, 5707906.974761370569468 ], [ 1528661.668421788141131, 5707907.036477454006672 ], [ 1528661.210453348234296, 5707908.960139431059361 ], [ 1528663.781138531630859, 5707909.573008129373193 ], [ 1528663.400286458665505, 5707911.126011865213513 ], [ 1528664.238253533607349, 5707911.325233646668494 ], [ 1528662.147201845655218, 5707920.088515254668891 ], [ 1528658.539687177399173, 5707919.230361619032919 ], [ 1528658.44764292659238, 5707919.643693597055972 ], [ 1528644.784587011439726, 5707917.295957800000906 ], [ 1528644.926369720604271, 5707916.440017489716411 ], [ 1528641.172730868449435, 5707915.808390920981765 ] ] ] } },
{ "type": "Feature", "properties": { "building_id": 865 }, "geometry": { "type": "Polygon", "coordinates": [ [ [ 1528593.865632226923481, 5707910.738815674558282 ], [ 1528593.669988631503657, 5707911.393656858243048 ], [ 1528595.055464640725404, 5707912.130782605148852 ], [ 1528595.619377606082708, 5707914.342405653558671 ], [ 1528595.104610121110454, 5707916.250862004235387 ], [ 1528595.629247514298186, 5707916.430818740278482 ], [ 1528592.506319113774225, 5707925.535305024124682 ], [ 1528592.080997947137803, 5707925.385529110208154 ], [ 1528583.533622498856857, 5707922.274932551197708 ], [ 1528583.377746608806774, 5707922.21524806227535 ], [ 1528584.026420877780765, 5707919.951336288824677 ], [ 1528579.648997021140531, 5707918.194146994501352 ], [ 1528579.81253239326179, 5707917.767646527849138 ], [ 1528583.4557671751827, 5707908.213724023662508 ], [ 1528583.693492907797918, 5707907.60245999507606 ], [ 1528591.099247181555256, 5707909.879670381546021 ], [ 1528593.865632226923481, 5707910.738815674558282 ] ] ] } },
{ "type": "Feature", "properties": { "building_id": 673 }, "geometry": { "type": "Polygon", "coordinates": [ [ [ 1528654.245104818372056, 5707921.264852566644549 ], [ 1528656.85314656724222, 5707922.221591521985829 ], [ 1528657.376749981427565, 5707920.656545640900731 ], [ 1528658.010477599455044, 5707918.435301369987428 ], [ 1528661.894034926779568, 5707919.869955658912659 ], [ 1528668.464622238418087, 5707922.677386946044862 ], [ 1528669.603937369538471, 5707920.035060257650912 ], [ 1528670.099171084351838, 5707920.271759204566479 ], [ 1528674.867353369481862, 5707922.564313314855099 ], [ 1528670.752595749916509, 5707933.097733082249761 ], [ 1528664.892822477268055, 5707930.415991342626512 ], [ 1528652.774217656580731, 5707925.046173371374607 ], [ 1528654.245104818372056, 5707921.264852566644549 ] ] ] } },
{ "type": "Feature", "properties": { "building_id": 866 }, "geometry": { "type": "Polygon", "coordinates": [ [ [ 1528588.300256748916581, 5707935.523722282610834 ], [ 1528576.791288042673841, 5707932.180209772661328 ], [ 1528577.726306285941973, 5707928.93391980510205 ], [ 1528579.775930855190381, 5707921.900671885348856 ], [ 1528583.295220521977171, 5707922.929096262902021 ], [ 1528591.256157409632578, 5707925.258024094626307 ], [ 1528588.300256748916581, 5707935.523722282610834 ] ] ] } },
{ "type": "Feature", "properties": { "building_id": 1979 }, "geometry": { "type": "Polygon", "coordinates": [ [ [ 1528659.121901510749012, 5707942.010206609964371 ], [ 1528664.325561761856079, 5707932.037560035474598 ], [ 1528677.51956188166514, 5707938.82611917424947 ], [ 1528672.832154050236568, 5707948.60671821795404 ], [ 1528659.121901510749012, 5707942.010206609964371 ] ] ] } },
{ "type": "Feature", "properties": { "building_id": 1580 }, "geometry": { "type": "Polygon", "coordinates": [ [ [ 1528638.414788681082428, 5707953.339066939428449 ], [ 1528637.023447689134628, 5707952.973734454251826 ], [ 1528641.945098772412166, 5707934.657873470336199 ], [ 1528643.554343643831089, 5707935.670300731435418 ], [ 1528648.015343842795119, 5707938.458614509552717 ], [ 1528648.934549723751843, 5707938.930886182002723 ], [ 1528646.829342141514644, 5707943.159860217012465 ], [ 1528647.819585718447343, 5707943.647561462596059 ], [ 1528646.98062297119759, 5707945.322037327103317 ], [ 1528648.875820925226435, 5707946.281784834340215 ], [ 1528648.449213313404471, 5707947.118910073302686 ], [ 1528652.890046880580485, 5707949.377687562257051 ], [ 1528649.611962895607576, 5707958.379645427688956 ], [ 1528642.247944002039731, 5707955.259244818240404 ], [ 1528642.442909520119429, 5707954.647298205643892 ], [ 1528638.414788681082428, 5707953.339066939428449 ] ] ] } },
{ "type": "Feature", "properties": { "building_id": 671 }, "geometry": { "type": "Polygon", "coordinates": [ [ [ 1528671.16677542659454, 5707950.253796707838774 ], [ 1528661.355834808433428, 5707964.916410921141505 ], [ 1528657.031713507836685, 5707962.487845255993307 ], [ 1528649.598385897930712, 5707958.336520632728934 ], [ 1528652.933254715753719, 5707949.349766070954502 ], [ 1528656.808043258264661, 5707951.34211266413331 ], [ 1528659.433993360260502, 5707946.63507813308388 ], [ 1528660.373171692481264, 5707944.933582897298038 ], [ 1528671.16677542659454, 5707950.253796707838774 ] ] ] } },
{ "type": "Feature", "properties": { "building_id": 654 }, "geometry": { "type": "Polygon", "coordinates": [ [ [ 1528689.740224793553352, 5707958.543622671626508 ], [ 1528688.635859773261473, 5707962.588230748660862 ], [ 1528688.378934679087251, 5707963.513867528177798 ], [ 1528672.918878415832296, 5707958.491595354862511 ], [ 1528676.91361657413654, 5707949.243529053404927 ], [ 1528690.29002076596953, 5707953.503308358602226 ], [ 1528689.740224793553352, 5707958.543622671626508 ] ] ] } },
{ "type": "Feature", "properties": { "building_id": 658 }, "geometry": { "type": "Polygon", "coordinates": [ [ [ 1528676.083128179889172, 5707975.734200538136065 ], [ 1528664.31597266625613, 5707969.769206136465073 ], [ 1528668.999867481878027, 5707961.118485644459724 ], [ 1528680.40342798572965, 5707966.634306581690907 ], [ 1528678.014495165785775, 5707976.208208662457764 ], [ 1528677.730569917242974, 5707976.132192935794592 ], [ 1528676.083128179889172, 5707975.734200538136065 ] ] ] } },
{ "type": "Feature", "properties": { "building_id": 1579 }, "geometry": { "type": "Polygon", "coordinates": [ [ [ 1528633.234776854515076, 5707978.10162107553333 ], [ 1528638.742416782304645, 5707963.313587700016797 ], [ 1528639.625172399450094, 5707963.384794113226235 ], [ 1528639.87759874202311, 5707962.745151481591165 ], [ 1528646.749314603162929, 5707965.442959991283715 ], [ 1528647.234509603818879, 5707964.506639380939305 ], [ 1528653.325966788455844, 5707964.245614560320973 ], [ 1528655.546951040392742, 5707965.339255415834486 ], [ 1528656.988955942681059, 5707962.487167540937662 ], [ 1528661.355159346479923, 5707964.959309832192957 ], [ 1528652.649038808885962, 5707981.885056634433568 ], [ 1528640.908567011356354, 5707978.752488811500371 ], [ 1528639.934570987010375, 5707980.85392690077424 ], [ 1528633.234776854515076, 5707978.10162107553333 ] ] ] } },
{ "type": "Feature", "properties": { "building_id": 657 }, "geometry": { "type": "Polygon", "coordinates": [ [ [ 1528691.082355950959027, 5707991.920004524290562 ], [ 1528693.523965483065695, 5707976.282348087988794 ], [ 1528705.038294050609693, 5707977.480326792225242 ], [ 1528702.377288365736604, 5707993.472093358635902 ], [ 1528691.082355950959027, 5707991.920004524290562 ] ] ] } },
{ "type": "Feature", "properties": { "building_id": 655 }, "geometry": { "type": "Polygon", "coordinates": [ [ [ 1528705.62063105776906, 5707974.900670322589576 ], [ 1528692.866855808068067, 5707974.555548757314682 ], [ 1528693.537969609489664, 5707964.525327760726213 ], [ 1528699.534978726645932, 5707965.736004887148738 ], [ 1528699.736621683696285, 5707963.793964056298137 ], [ 1528700.012003174051642, 5707961.69575684517622 ], [ 1528706.572062425548211, 5707962.457648091949522 ], [ 1528707.114100714912638, 5707965.155238800682127 ], [ 1528705.62063105776906, 5707974.900670322589576 ] ] ] } },
{ "type": "Feature", "properties": { "building_id": 670 }, "geometry": { "type": "Polygon", "coordinates": [ [ [ 1528705.642499923007563, 5708010.644838228821754 ], [ 1528703.007794629316777, 5708010.474361971020699 ], [ 1528702.074522382114083, 5708018.140437644906342 ], [ 1528695.183236290933564, 5708017.58783913217485 ], [ 1528697.00110903987661, 5708001.725704552605748 ], [ 1528697.512494493275881, 5707997.3141003055498 ], [ 1528704.316223921021447, 5707997.994037779048085 ], [ 1528703.735748685896397, 5708004.078030192293227 ], [ 1528706.412309553939849, 5708004.306382375769317 ], [ 1528705.642499923007563, 5708010.644838228821754 ] ] ] } },
{ "type": "Feature", "properties": { "building_id": 681 }, "geometry": { "type": "Polygon", "coordinates": [ [ [ 1528700.406612493563443, 5707908.551472742110491 ], [ 1528702.989562138449401, 5707898.422889741137624 ], [ 1528710.539808717556298, 5707871.595518497750163 ], [ 1528713.106530898949131, 5707862.496536018326879 ], [ 1528716.129231204045936, 5707863.374002833850682 ], [ 1528728.007153059123084, 5707866.823276032693684 ], [ 1528725.586344214389101, 5707875.710032810457051 ], [ 1528722.561226443387568, 5707886.761291996575892 ], [ 1528741.306444525485858, 5707891.377778705209494 ], [ 1528738.661129789659753, 5707901.84865150321275 ], [ 1528737.809886929579079, 5707905.210700565949082 ], [ 1528737.505035639274865, 5707906.464545264840126 ], [ 1528735.08017425914295, 5707915.608735774643719 ], [ 1528734.368901919806376, 5707915.511649483814836 ], [ 1528703.811216738540679, 5707909.620940085500479 ], [ 1528700.406612493563443, 5707908.551472742110491 ] ] ] } },
{ "type": "Feature", "properties": { "building_id": 641 }, "geometry": { "type": "Polygon", "coordinates": [ [ [ 1528701.847016979008913, 5707993.649633387103677 ], [ 1528704.800952611723915, 5707977.161895199678838 ], [ 1528705.426714191911742, 5707977.257629617117345 ], [ 1528705.458820633823052, 5707977.02928673569113 ], [ 1528708.246692911256105, 5707977.431040094234049 ], [ 1528708.215261778095737, 5707977.616484021767974 ], [ 1528712.156240409007296, 5707978.122325801290572 ], [ 1528709.896649796981364, 5707992.160910466685891 ], [ 1528710.323551710229367, 5707992.210584157146513 ], [ 1528709.904970600036904, 5707994.349439647980034 ], [ 1528709.549556540558115, 5707994.286595348268747 ], [ 1528709.439659976167604, 5707994.928500484675169 ], [ 1528701.847016979008913, 5707993.649633387103677 ] ] ] } },
{ "type": "Feature", "properties": { "building_id": 640 }, "geometry": { "type": "Polygon", "coordinates": [ [ [ 1528710.254089470487088, 5707992.095057589933276 ], [ 1528711.943200285779312, 5707978.977144028060138 ], [ 1528721.617380384588614, 5707980.246068682521582 ], [ 1528721.488956198096275, 5707981.159440827555954 ], [ 1528720.735813909443095, 5707986.439705963246524 ], [ 1528719.693490382982418, 5707993.789363802410662 ], [ 1528710.254089470487088, 5707992.095057589933276 ] ] ] } },
{ "type": "Feature", "properties": { "building_id": 993 }, "geometry": { "type": "Polygon", "coordinates": [ [ [ 1528712.773641159990802, 5708025.847798150964081 ], [ 1528757.891242451034486, 5708030.581757175736129 ], [ 1528755.886617632815614, 5708049.258754292502999 ], [ 1528750.337979258503765, 5708048.541519575752318 ], [ 1528750.670735816704109, 5708045.514483177103102 ], [ 1528727.043732123682275, 5708043.080525207333267 ], [ 1528726.854619550285861, 5708046.038318914361298 ], [ 1528721.161658698460087, 5708045.433206503279507 ], [ 1528721.494424962904304, 5708042.406172388233244 ], [ 1528711.102818805957213, 5708041.426241719163954 ], [ 1528712.773641159990802, 5708025.847798150964081 ] ] ] } },
{ "type": "Feature", "properties": { "building_id": 639 }, "geometry": { "type": "Polygon", "coordinates": [ [ [ 1528744.300490811932832, 5707997.354505662806332 ], [ 1528741.750328025780618, 5707996.341488194651902 ], [ 1528738.232269675703719, 5708002.479070655070245 ], [ 1528732.71134193893522, 5708000.002966308034956 ], [ 1528734.997529802611098, 5707990.613338892348111 ], [ 1528720.735813909443095, 5707986.439705963246524 ], [ 1528721.488956198096275, 5707981.159440827555954 ], [ 1528729.406999643426389, 5707983.501883768476546 ], [ 1528734.088065217016265, 5707984.992060755379498 ], [ 1528736.302461424376816, 5707980.164040504023433 ], [ 1528747.801351859001443, 5707983.24974662810564 ], [ 1528746.617268450558186, 5707986.020121849142015 ], [ 1528745.974331839010119, 5707988.827676157467067 ], [ 1528747.349630361888558, 5707989.307164899073541 ], [ 1528744.300490811932832, 5707997.354505662806332 ] ] ] } },
{ "type": "Feature", "properties": { "building_id": 695 }, "geometry": { "type": "Polygon", "coordinates": [ [ [ 1528725.548270604806021, 5707935.196069858036935 ], [ 1528725.313634377205744, 5707929.270846953615546 ], [ 1528734.029771916568279, 5707931.625916064716876 ], [ 1528735.914396717213094, 5707925.104929440654814 ], [ 1528753.955410013440996, 5707931.898635760881007 ], [ 1528753.901177341118455, 5707932.627237602137029 ], [ 1528751.746222478104755, 5707941.832946958020329 ], [ 1528742.4369421612937, 5707940.026320319622755 ], [ 1528739.644278476014733, 5707939.023770496249199 ], [ 1528739.540685581974685, 5707939.265283297747374 ], [ 1528725.548270604806021, 5707935.196069858036935 ] ] ] } },
{ "type": "Feature", "properties": { "building_id": 643 }, "geometry": { "type": "Polygon", "coordinates": [ [ [ 1528747.801351859001443, 5707983.24974662810564 ], [ 1528736.302461424376816, 5707980.164040504023433 ], [ 1528734.088065217016265, 5707984.992060755379498 ], [ 1528729.406999643426389, 5707983.501883768476546 ], [ 1528731.794529227307066, 5707976.731369500048459 ], [ 1528729.675775903975591, 5707975.482030392624438 ], [ 1528730.873365677893162, 5707971.853681584820151 ], [ 1528733.285720673156902, 5707972.564148745499551 ], [ 1528738.543633938999847, 5707973.634363176301122 ], [ 1528740.030096124857664, 5707969.767435283400118 ], [ 1528752.523727517109364, 5707973.05483110062778 ], [ 1528747.801351859001443, 5707983.24974662810564 ] ] ] } },
{ "type": "Feature", "properties": { "building_id": 650 }, "geometry": { "type": "Polygon", "coordinates": [ [ [ 1528740.030096124857664, 5707969.767435283400118 ], [ 1528738.543633938999847, 5707973.634363176301122 ], [ 1528733.285720673156902, 5707972.564148745499551 ], [ 1528737.03848511306569, 5707962.382499655708671 ], [ 1528731.470623774686828, 5707961.078524335287511 ], [ 1528733.737449131673202, 5707952.918704997748137 ], [ 1528745.233603583648801, 5707956.176000094972551 ], [ 1528740.030096124857664, 5707969.767435283400118 ] ] ] } },
{ "type": "Feature", "properties": { "building_id": 638 }, "geometry": { "type": "Polygon", "coordinates": [ [ [ 1528738.232269675703719, 5708002.479070655070245 ], [ 1528741.750328025780618, 5707996.341488194651902 ], [ 1528744.300490811932832, 5707997.354505662806332 ], [ 1528753.790768479462713, 5708001.25228488072753 ], [ 1528752.062012666836381, 5708005.115390744060278 ], [ 1528749.519885304849595, 5708010.83934355340898 ], [ 1528746.261588437948376, 5708009.529043558984995 ], [ 1528746.990942199947312, 5708006.665638561360538 ], [ 1528738.232269675703719, 5708002.479070655070245 ] ] ] } },
{ "type": "Feature", "properties": { "building_id": 649 }, "geometry": { "type": "Polygon", "coordinates": [ [ [ 1528752.523727517109364, 5707973.05483110062778 ], [ 1528740.030096124857664, 5707969.767435283400118 ], [ 1528745.233603583648801, 5707956.176000094972551 ], [ 1528752.176533019635826, 5707957.973751976154745 ], [ 1528762.967577518895268, 5707961.648953383788466 ], [ 1528758.843221370363608, 5707970.079734764993191 ], [ 1528755.031711705960333, 5707967.687940863892436 ], [ 1528752.523727517109364, 5707973.05483110062778 ] ] ] } },
{ "type": "Feature", "properties": { "building_id": 644 }, "geometry": { "type": "Polygon", "coordinates": [ [ [ 1528753.790768479462713, 5708001.25228488072753 ], [ 1528744.300490811932832, 5707997.354505662806332 ], [ 1528747.349630361888558, 5707989.307164899073541 ], [ 1528745.974331839010119, 5707988.827676157467067 ], [ 1528746.617268450558186, 5707986.020121849142015 ], [ 1528757.304005999816582, 5707991.796266546472907 ], [ 1528754.817918996326625, 5707996.677207889966667 ], [ 1528753.790768479462713, 5708001.25228488072753 ] ] ] } },
{ "type": "Feature", "properties": { "building_id": 556 }, "geometry": { "type": "Polygon", "coordinates": [ [ [ 1528235.304305436555296, 5707856.229436764493585 ], [ 1528227.684172662207857, 5707860.313386269845068 ], [ 1528222.72203973075375, 5707849.550131091848016 ], [ 1528229.33727667783387, 5707845.907911455258727 ], [ 1528235.304305436555296, 5707856.229436764493585 ] ] ] } },
{ "type": "Feature", "properties": { "building_id": 535 }, "geometry": { "type": "Polygon", "coordinates": [ [ [ 1528277.775758281350136, 5707862.353977848775685 ], [ 1528271.036801256705076, 5707866.609304924495518 ], [ 1528263.359586091479287, 5707853.543033796362579 ], [ 1528269.905806065304205, 5707849.756655198521912 ], [ 1528272.891714121215045, 5707854.767261683009565 ], [ 1528277.775758281350136, 5707862.353977848775685 ] ] ] } },
{ "type": "Feature", "properties": { "building_id": 1210 }, "geometry": { "type": "Polygon", "coordinates": [ [ [ 1528297.861620398005471, 5707875.946406506001949 ], [ 1528291.844843718688935, 5707868.770781313069165 ], [ 1528283.297794299898669, 5707877.388428615406156 ], [ 1528275.306694775819778, 5707868.85123082716018 ], [ 1528285.747785015963018, 5707862.166003641672432 ], [ 1528296.640808667056262, 5707853.943223245441914 ], [ 1528303.614743636222556, 5707860.991012007929385 ], [ 1528308.540122647769749, 5707865.960914943367243 ], [ 1528309.129467242397368, 5707866.556704150512815 ], [ 1528307.247544408775866, 5707868.371895538643003 ], [ 1528297.861620398005471, 5707875.946406506001949 ] ] ] } },
{ "type": "Feature", "properties": { "building_id": 555 }, "geometry": { "type": "Polygon", "coordinates": [ [ [ 1528230.190297021064907, 5707867.719297631643713 ], [ 1528226.65868185996078, 5707860.254173596389592 ], [ 1528227.320387108018622, 5707859.878511518239975 ], [ 1528235.341165738645941, 5707855.700810513459146 ], [ 1528235.657426951220259, 5707855.534201833419502 ], [ 1528240.132863978622481, 5707862.814079605042934 ], [ 1528239.572732008993626, 5707863.076933103613555 ], [ 1528230.808116454165429, 5707867.414452544413507 ], [ 1528230.190297021064907, 5707867.719297631643713 ] ] ] } },
{ "type": "Feature", "properties": { "building_id": 2066 }, "geometry": { "type": "Polygon", "coordinates": [ [ [ 1528259.905214122263715, 5707857.435765567235649 ], [ 1528262.148614627076313, 5707861.61930456571281 ], [ 1528262.249509946443141, 5707861.549393024295568 ], [ 1528266.512117797974497, 5707869.669759792275727 ], [ 1528257.791873408481479, 5707874.80898570548743 ], [ 1528253.853913996834308, 5707866.89401322696358 ], [ 1528253.580635558115318, 5707867.047002936713398 ], [ 1528252.252602654742077, 5707864.479950612410903 ], [ 1528250.896291624289006, 5707861.898146281018853 ], [ 1528259.905214122263715, 5707857.435765567235649 ] ] ] } },
{ "type": "Feature", "properties": { "building_id": 549 }, "geometry": { "type": "Polygon", "coordinates": [ [ [ 1528251.792355921817943, 5707861.125722425989807 ], [ 1528258.76461923494935, 5707873.694505403749645 ], [ 1528250.494544777087867, 5707878.311668244190514 ], [ 1528243.351035683182999, 5707865.75445319339633 ], [ 1528251.792355921817943, 5707861.125722425989807 ] ] ] } },
{ "type": "Feature", "properties": { "building_id": 554 }, "geometry": { "type": "Polygon", "coordinates": [ [ [ 1528230.993622831767425, 5707867.403098654001951 ], [ 1528239.467771706636995, 5707863.404234590940177 ], [ 1528248.333882981911302, 5707879.721932797692716 ], [ 1528238.264636268373579, 5707885.426127794198692 ], [ 1528230.993622831767425, 5707867.403098654001951 ] ] ] } },
{ "type": "Feature", "properties": { "building_id": 567 }, "geometry": { "type": "Polygon", "coordinates": [ [ [ 1528230.530969814164564, 5707875.033576157875359 ], [ 1528222.617617025971413, 5707878.726685365661979 ], [ 1528217.763401030795649, 5707868.351303627714515 ], [ 1528225.734207594068721, 5707864.630510318093002 ], [ 1528230.530969814164564, 5707875.033576157875359 ] ] ] } },
{ "type": "Feature", "properties": { "building_id": 1202 }, "geometry": { "type": "Polygon", "coordinates": [ [ [ 1528260.528465342242271, 5707879.357949128374457 ], [ 1528273.46907318290323, 5707869.665905709378421 ], [ 1528288.487541150068864, 5707886.381718029268086 ], [ 1528298.803289707750082, 5707898.474422325380147 ], [ 1528286.901317348936573, 5707909.198560542427003 ], [ 1528279.689101989381015, 5707900.988382621668279 ], [ 1528260.528465342242271, 5707879.357949128374457 ] ] ] } },
{ "type": "Feature", "properties": { "building_id": 568 }, "geometry": { "type": "Polygon", "coordinates": [ [ [ 1528222.617617025971413, 5707878.726685365661979 ], [ 1528230.530969814164564, 5707875.033576157875359 ], [ 1528236.223434987477958, 5707887.396109825000167 ], [ 1528220.224999254336581, 5707894.822521900758147 ], [ 1528214.54567480343394, 5707882.531692125834525 ], [ 1528222.617617025971413, 5707878.726685365661979 ] ] ] } },
{ "type": "Feature", "properties": { "building_id": 599 }, "geometry": { "type": "Polygon", "coordinates": [ [ [ 1528247.474977066973224, 5707898.001925959251821 ], [ 1528241.149241990409791, 5707892.337465231306851 ], [ 1528250.088465548818931, 5707885.971661423332989 ], [ 1528254.719721171539277, 5707890.60796155501157 ], [ 1528247.474977066973224, 5707898.001925959251821 ] ] ] } },
{ "type": "Feature", "properties": { "building_id": 597 }, "geometry": { "type": "Polygon", "coordinates": [ [ [ 1528216.914837074000388, 5707904.023999719880521 ], [ 1528230.572035226970911, 5707895.902422913350165 ], [ 1528230.835829771356657, 5707896.350012715905905 ], [ 1528240.517117518698797, 5707890.839895126409829 ], [ 1528240.859652115730569, 5707891.717828788794577 ], [ 1528248.34572825441137, 5707897.929948843084276 ], [ 1528247.527948393020779, 5707899.161319169215858 ], [ 1528251.523469407344237, 5707902.528848509304225 ], [ 1528255.711780390003696, 5707907.229631301015615 ], [ 1528247.927437243284658, 5707913.585207632742822 ], [ 1528246.791959193535149, 5707912.365695551037788 ], [ 1528243.652032262645662, 5707908.983155192807317 ], [ 1528240.193313911091536, 5707912.246496750973165 ], [ 1528236.455416080774739, 5707915.133518625982106 ], [ 1528232.414601451018825, 5707918.244574258103967 ], [ 1528231.501341410912573, 5707919.202668418176472 ], [ 1528216.914837074000388, 5707904.023999719880521 ] ] ] } },
{ "type": "Feature", "properties": { "building_id": 1203 }, "geometry": { "type": "Polygon", "coordinates": [ [ [ 1528284.033962122164667, 5707912.027920133434236 ], [ 1528286.929596437606961, 5707909.213313062675297 ], [ 1528298.788585847709328, 5707898.502794878557324 ], [ 1528308.871550980722532, 5707909.991073715500534 ], [ 1528297.850774382939562, 5707921.787673860788345 ], [ 1528284.033962122164667, 5707912.027920133434236 ] ] ] } },
{ "type": "Feature", "properties": { "building_id": 600 }, "geometry": { "type": "Polygon", "coordinates": [ [ [ 1528270.513186191674322, 5707919.636848852038383 ], [ 1528259.161850194213912, 5707909.930546672083437 ], [ 1528263.303943532286212, 5707904.918777573853731 ], [ 1528262.136121232295409, 5707903.94190738722682 ], [ 1528266.583380825351924, 5707898.563109897077084 ], [ 1528267.765455329092219, 5707899.540205438621342 ], [ 1528268.506777595030144, 5707898.636589325964451 ], [ 1528279.600407938472927, 5707907.509191148914397 ], [ 1528270.513186191674322, 5707919.636848852038383 ] ] ] } },
{ "type": "Feature", "properties": { "building_id": 1204 }, "geometry": { "type": "Polygon", "coordinates": [ [ [ 1528288.696784512139857, 5707932.727146396413445 ], [ 1528271.379846716066822, 5707918.921163279563189 ], [ 1528279.106569617288187, 5707908.08777055516839 ], [ 1528284.033962122164667, 5707912.027920133434236 ], [ 1528297.850774382939562, 5707921.787673860788345 ], [ 1528288.696784512139857, 5707932.727146396413445 ] ] ] } },
{ "type": "Feature", "properties": { "building_id": 1209 }, "geometry": { "type": "Polygon", "coordinates": [ [ [ 1528259.21001441241242, 5707924.034198479726911 ], [ 1528250.991949142422527, 5707937.091075862757862 ], [ 1528238.57060108659789, 5707929.241432347334921 ], [ 1528236.684886434115469, 5707925.878821486607194 ], [ 1528239.517207079799846, 5707923.463706909678876 ], [ 1528237.284918285906315, 5707920.381651533767581 ], [ 1528243.124422251945361, 5707915.311051238328218 ], [ 1528240.265253485646099, 5707912.204731000587344 ], [ 1528243.436213660985231, 5707909.108452481217682 ], [ 1528248.041908253682777, 5707913.558421019464731 ], [ 1528254.237712133442983, 5707908.493481022305787 ], [ 1528258.341190140228719, 5707913.150007865391672 ], [ 1528252.915693972958252, 5707918.184288392774761 ], [ 1528259.21001441241242, 5707924.034198479726911 ] ] ] } },
{ "type": "Feature", "properties": { "building_id": 1207 }, "geometry": { "type": "Polygon", "coordinates": [ [ [ 1528266.88968124683015, 5707934.239982302300632 ], [ 1528261.416788474889472, 5707943.178291470743716 ], [ 1528251.028131504543126, 5707936.605343514122069 ], [ 1528259.325388697907329, 5707923.950213485397398 ], [ 1528259.952468554256484, 5707923.059082918800414 ], [ 1528261.915268716868013, 5707924.24883524980396 ], [ 1528263.181873980211094, 5707922.581196661107242 ], [ 1528262.306576951639727, 5707922.03806821256876 ], [ 1528265.808669596910477, 5707916.930299961008132 ], [ 1528269.140634262468666, 5707918.985696176066995 ], [ 1528264.157473631668836, 5707925.800606830976903 ], [ 1528265.229144392069429, 5707926.54710054397583 ], [ 1528266.524480043910444, 5707924.865614556707442 ], [ 1528273.188220181502402, 5707929.891807864420116 ], [ 1528271.904879742767662, 5707931.716517936438322 ], [ 1528269.060627215541899, 5707935.790621777065098 ], [ 1528266.88968124683015, 5707934.239982302300632 ] ] ] } },
{ "type": "Feature", "properties": { "building_id": 1205 }, "geometry": { "type": "Polygon", "coordinates": [ [ [ 1528280.786319951992482, 5707942.556434953585267 ], [ 1528269.060627215541899, 5707935.790621777065098 ], [ 1528273.188220181502402, 5707929.891807864420116 ], [ 1528266.524480043910444, 5707924.865614556707442 ], [ 1528271.357889287406579, 5707918.506023448891938 ], [ 1528288.493638173909858, 5707932.952768576331437 ], [ 1528280.786319951992482, 5707942.556434953585267 ] ] ] } },
{ "type": "Feature", "properties": { "building_id": 1206 }, "geometry": { "type": "Polygon", "coordinates": [ [ [ 1528276.278992424951866, 5707951.738957576453686 ], [ 1528268.929111939156428, 5707947.731677920557559 ], [ 1528261.727633361471817, 5707943.354870277456939 ], [ 1528267.149386417353526, 5707934.043865838088095 ], [ 1528268.705641991924495, 5707934.798061757348478 ], [ 1528281.132217172533274, 5707942.318778187967837 ], [ 1528276.278992424951866, 5707951.738957576453686 ] ] ] } },
{ "type": "Feature", "properties": { "building_id": 1230 }, "geometry": { "type": "Polygon", "coordinates": [ [ [ 1528259.482155974721536, 5707968.192429249174893 ], [ 1528257.649425573879853, 5707966.890312383882701 ], [ 1528251.589718171395361, 5707962.431513261049986 ], [ 1528250.015673286048695, 5707964.60918593313545 ], [ 1528246.539138959953561, 5707962.68020287156105 ], [ 1528248.346192181576043, 5707960.191564828157425 ], [ 1528243.700226220535114, 5707956.484699269756675 ], [ 1528239.040064981207252, 5707962.704024280421436 ], [ 1528235.694465697510168, 5707966.927496776916087 ], [ 1528228.67887551849708, 5707959.807393806986511 ], [ 1528242.366855019470677, 5707941.616801307536662 ], [ 1528267.908465889282525, 5707958.199692117981613 ], [ 1528259.482155974721536, 5707968.192429249174893 ] ] ] } },
{ "type": "Feature", "properties": { "building_id": 1220 }, "geometry": { "type": "Polygon", "coordinates": [ [ [ 1528285.61602515890263, 5707974.35767774283886 ], [ 1528279.682794536696747, 5707970.916432270780206 ], [ 1528274.894284771522507, 5707967.20731320604682 ], [ 1528283.047266249312088, 5707956.466452757827938 ], [ 1528295.199341416126117, 5707966.92926580645144 ], [ 1528296.258378444239497, 5707968.476538241840899 ], [ 1528285.61602515890263, 5707974.35767774283886 ] ] ] } },
{ "type": "Feature", "properties": { "building_id": 1228 }, "geometry": { "type": "Polygon", "coordinates": [ [ [ 1528244.234209211543202, 5707975.030144602060318 ], [ 1528253.665868353797123, 5707963.665983990766108 ], [ 1528257.649425573879853, 5707966.890312383882701 ], [ 1528259.482155974721536, 5707968.192429249174893 ], [ 1528267.908465889282525, 5707958.199692117981613 ], [ 1528269.217155086575076, 5707956.575624847784638 ], [ 1528275.289962159236893, 5707960.205031708814204 ], [ 1528266.693587688496336, 5707971.940067363902926 ], [ 1528255.07277154433541, 5707985.615185889415443 ], [ 1528248.036576020997018, 5707978.895246295258403 ], [ 1528244.234209211543202, 5707975.030144602060318 ] ] ] } },
{ "type": "Feature", "properties": { "building_id": 1232 }, "geometry": { "type": "Polygon", "coordinates": [ [ [ 1528231.751612683059648, 5707971.05565560143441 ], [ 1528232.553617436205968, 5707971.726353763602674 ], [ 1528229.37472655531019, 5707975.323136606253684 ], [ 1528223.455044836737216, 5707970.122773139737546 ], [ 1528229.181875591864809, 5707963.162339593283832 ], [ 1528230.798329211072996, 5707964.618358666077256 ], [ 1528232.133724299725145, 5707963.109145883470774 ], [ 1528236.028145021758974, 5707966.560918008908629 ], [ 1528231.751612683059648, 5707971.05565560143441 ] ] ] } },
{ "type": "Feature", "properties": { "building_id": 1224 }, "geometry": { "type": "Polygon", "coordinates": [ [ [ 1528263.934009173884988, 5707993.22232805006206 ], [ 1528260.470221112249419, 5707986.873844395391643 ], [ 1528274.894284771522507, 5707967.20731320604682 ], [ 1528279.682794536696747, 5707970.916432270780206 ], [ 1528272.858581621432677, 5707978.760566568933427 ], [ 1528275.245613968232647, 5707981.07271776907146 ], [ 1528263.934009173884988, 5707993.22232805006206 ] ] ] } },
{ "type": "Feature", "properties": { "building_id": 1221 }, "geometry": { "type": "Polygon", "coordinates": [ [ [ 1528285.61602515890263, 5707974.35767774283886 ], [ 1528296.258378444239497, 5707968.476538241840899 ], [ 1528299.581465772585943, 5707974.708333457820117 ], [ 1528288.743079288862646, 5707983.976232085376978 ], [ 1528283.401840878650546, 5707979.156979815103114 ], [ 1528282.847317021107301, 5707978.161244480870664 ], [ 1528285.61602515890263, 5707974.35767774283886 ] ] ] } },
{ "type": "Feature", "properties": { "building_id": 1233 }, "geometry": { "type": "Polygon", "coordinates": [ [ [ 1528205.772327582351863, 5707974.962171926163137 ], [ 1528211.160954673308879, 5707967.753213906660676 ], [ 1528215.946501587051898, 5707971.64826220087707 ], [ 1528220.737699105404317, 5707975.185818878933787 ], [ 1528224.092794264899567, 5707970.361764061264694 ], [ 1528229.145557002164423, 5707975.391009322367609 ], [ 1528232.095451143570244, 5707978.169823003001511 ], [ 1528220.490384768228978, 5707990.84392888750881 ], [ 1528211.209968311013654, 5707982.700860719196498 ], [ 1528213.383987170644104, 5707980.446910780854523 ], [ 1528205.772327582351863, 5707974.962171926163137 ] ] ] } },
{ "type": "Feature", "properties": { "building_id": 1222 }, "geometry": { "type": "Polygon", "coordinates": [ [ [ 1528284.017182976007462, 5707979.009423402138054 ], [ 1528284.340024521341547, 5707979.329225060530007 ], [ 1528279.530747669283301, 5707984.158803196623921 ], [ 1528279.221707134973258, 5707983.867827 ], [ 1528278.888706192141399, 5707984.191509162075818 ], [ 1528275.266188076231629, 5707980.672554276883602 ], [ 1528273.988624141551554, 5707979.422171957790852 ], [ 1528279.072282122215256, 5707973.467005581595004 ], [ 1528284.252221887232736, 5707978.56975859683007 ], [ 1528284.017182976007462, 5707979.009423402138054 ] ] ] } },
{ "type": "Feature", "properties": { "building_id": 1117 }, "geometry": { "type": "Polygon", "coordinates": [ [ [ 1528143.495886044576764, 5707924.811668151989579 ], [ 1528144.285438566002995, 5707912.738080756738782 ], [ 1528156.480988895054907, 5707913.218137957155704 ], [ 1528156.715125569608063, 5707924.564246828667819 ], [ 1528144.489263036521152, 5707925.099230257794261 ], [ 1528143.495886044576764, 5707924.811668151989579 ] ] ] } },
{ "type": "Feature", "properties": { "building_id": 594 }, "geometry": { "type": "Polygon", "coordinates": [ [ [ 1528149.795239010127261, 5707887.938326583243906 ], [ 1528155.003564563114196, 5707881.313030046410859 ], [ 1528157.22583870915696, 5707883.222081070765853 ], [ 1528159.599467110354453, 5707885.476813296787441 ], [ 1528154.341137638082728, 5707891.657924389466643 ], [ 1528149.795239010127261, 5707887.938326583243906 ] ] ] } },
{ "type": "Feature", "properties": { "building_id": 1125 }, "geometry": { "type": "Polygon", "coordinates": [ [ [ 1528150.056798230856657, 5707964.306976567953825 ], [ 1528152.853594069601968, 5707959.631408622488379 ], [ 1528153.392251240089536, 5707959.825918496586382 ], [ 1528153.703303679125383, 5707959.087100056000054 ], [ 1528157.153327579377219, 5707959.985866592265666 ], [ 1528158.105759085156024, 5707960.158351414836943 ], [ 1528165.412561377743259, 5707961.476040808483958 ], [ 1528164.039612574037164, 5707963.556774143129587 ], [ 1528164.578270232304931, 5707963.751283434219658 ], [ 1528159.599993951851502, 5707971.152678962796926 ], [ 1528150.056798230856657, 5707964.306976567953825 ] ] ] } },
{ "type": "Feature", "properties": { "building_id": 595 }, "geometry": { "type": "Polygon", "coordinates": [ [ [ 1528154.355390022043139, 5707891.658151094801724 ], [ 1528159.613719485001639, 5707885.477039993740618 ], [ 1528157.240091079846025, 5707883.222307774238288 ], [ 1528162.495511864079162, 5707879.029280994087458 ], [ 1528170.333387242164463, 5707889.1374920764938 ], [ 1528162.358801989350468, 5707898.507908879779279 ], [ 1528154.355390022043139, 5707891.658151094801724 ] ] ] } },
{ "type": "Feature", "properties": { "building_id": 1120 }, "geometry": { "type": "Polygon", "coordinates": [ [ [ 1528162.470704041421413, 5707951.874715931713581 ], [ 1528173.740594258299097, 5707953.198219418525696 ], [ 1528171.615578780882061, 5707962.2755570076406 ], [ 1528165.486309248022735, 5707961.319878591224551 ], [ 1528162.301206641132012, 5707960.797212108969688 ], [ 1528162.237418167525902, 5707961.225293504074216 ], [ 1528160.730268927523866, 5707960.972469823434949 ], [ 1528160.793831518851221, 5707960.558688058517873 ], [ 1528158.149194433819503, 5707960.1161327091977 ], [ 1528159.398495039669797, 5707951.425360536202788 ], [ 1528162.470704041421413, 5707951.874715931713581 ] ] ] } },
{ "type": "Feature", "properties": { "building_id": 1121 }, "geometry": { "type": "Polygon", "coordinates": [ [ [ 1528163.223683846648782, 5707944.820921713486314 ], [ 1528174.467771547148004, 5707945.972374725155532 ], [ 1528173.981756814289838, 5707953.273570911027491 ], [ 1528162.142671046080068, 5707951.8838015133515 ], [ 1528163.223683846648782, 5707944.820921713486314 ] ] ] } },
{ "type": "Feature", "properties": { "building_id": 1123 }, "geometry": { "type": "Polygon", "coordinates": [ [ [ 1528174.664255490992218, 5707940.754841902293265 ], [ 1528163.83690270036459, 5707940.29657020047307 ], [ 1528162.411656513344496, 5707940.273900770582259 ], [ 1528162.545643823454157, 5707931.794257834553719 ], [ 1528175.077632020926103, 5707932.637220688164234 ], [ 1528174.664255490992218, 5707940.754841902293265 ] ] ] } },
{ "type": "Feature", "properties": { "building_id": 1124 }, "geometry": { "type": "Polygon", "coordinates": [ [ [ 1528162.644959066295996, 5707931.824443817138672 ], [ 1528163.414704418275505, 5707914.68722209893167 ], [ 1528176.781706937355921, 5707916.816440761089325 ], [ 1528175.148442416684702, 5707932.666953186504543 ], [ 1528162.644959066295996, 5707931.824443817138672 ] ] ] } },
{ "type": "Feature", "properties": { "building_id": 587 }, "geometry": { "type": "Polygon", "coordinates": [ [ [ 1528172.066041861427948, 5707855.266799093224108 ], [ 1528186.710393885150552, 5707844.214612079784274 ], [ 1528194.836045391391963, 5707855.056793622672558 ], [ 1528187.290134797105566, 5707860.758131789974868 ], [ 1528183.506142694503069, 5707855.734801193699241 ], [ 1528179.307657810393721, 5707858.900516916997731 ], [ 1528176.892158716917038, 5707855.686827424913645 ], [ 1528174.006674611475319, 5707857.857906778343022 ], [ 1528172.066041861427948, 5707855.266799093224108 ] ] ] } },
{ "type": "Feature", "properties": { "building_id": 1239 }, "geometry": { "type": "Polygon", "coordinates": [ [ [ 1528185.402980081737041, 5707963.968060867860913 ], [ 1528175.876980378758162, 5707957.837824804708362 ], [ 1528179.38129138131626, 5707937.254070658236742 ], [ 1528188.266979452455416, 5707940.599291331134737 ], [ 1528185.698081733193249, 5707947.996088470332325 ], [ 1528192.468111142050475, 5707952.609253018163145 ], [ 1528185.402980081737041, 5707963.968060867860913 ] ] ] } },
{ "type": "Feature", "properties": { "building_id": 1238 }, "geometry": { "type": "Polygon", "coordinates": [ [ [ 1528208.867689654929563, 5707923.405512578785419 ], [ 1528197.658739262260497, 5707943.494850287213922 ], [ 1528180.598359213443473, 5707935.113649316132069 ], [ 1528184.29162556072697, 5707917.908488606102765 ], [ 1528208.867689654929563, 5707923.405512578785419 ] ] ] } },
{ "type": "Feature", "properties": { "building_id": 571 }, "geometry": { "type": "Polygon", "coordinates": [ [ [ 1528212.239788188366219, 5707857.936681734398007 ], [ 1528204.533452072646469, 5707862.06215070001781 ], [ 1528201.263641260797158, 5707856.074396494776011 ], [ 1528196.070449228631333, 5707850.013151029124856 ], [ 1528202.687912051333115, 5707844.425776141695678 ], [ 1528206.844051773892716, 5707849.354888482950628 ], [ 1528208.80391490785405, 5707851.631626063026488 ], [ 1528212.239788188366219, 5707857.936681734398007 ] ] ] } },
{ "type": "Feature", "properties": { "building_id": 1237 }, "geometry": { "type": "Polygon", "coordinates": [ [ [ 1528196.593460686970502, 5707945.051259505562484 ], [ 1528196.988216727506369, 5707944.428197192959487 ], [ 1528197.658739262260497, 5707943.494850287213922 ], [ 1528208.867689654929563, 5707923.405512578785419 ], [ 1528216.221362403128296, 5707927.169737851247191 ], [ 1528207.515393638052046, 5707945.839968525804579 ], [ 1528204.605943985749036, 5707949.526835578493774 ], [ 1528196.593460686970502, 5707945.051259505562484 ] ] ] } },
{ "type": "Feature", "properties": { "building_id": 570 }, "geometry": { "type": "Polygon", "coordinates": [ [ [ 1528210.898602307774127, 5707871.546160860918462 ], [ 1528209.642317132325843, 5707869.852728028781712 ], [ 1528203.406613732688129, 5707862.101445126347244 ], [ 1528212.032982194330543, 5707856.588908196426928 ], [ 1528218.301103925332427, 5707866.800820101052523 ], [ 1528219.010131145827472, 5707867.94203417468816 ], [ 1528210.898602307774127, 5707871.546160860918462 ] ] ] } },
{ "type": "Feature", "properties": { "building_id": 1959 }, "geometry": { "type": "Polygon", "coordinates": [ [ [ 1528225.880123012233526, 5707932.11485874466598 ], [ 1528220.205600313143805, 5707940.277563805691898 ], [ 1528217.251228210516274, 5707938.685849231667817 ], [ 1528211.186252485727891, 5707948.101026161573827 ], [ 1528209.385990183334798, 5707951.061766376718879 ], [ 1528205.279628454009071, 5707948.393293328583241 ], [ 1528204.856120011536404, 5707948.129101915284991 ], [ 1528206.700721755158156, 5707945.068946390412748 ], [ 1528207.025818071560934, 5707945.24575375020504 ], [ 1528216.541014426387846, 5707926.788635255768895 ], [ 1528225.880123012233526, 5707932.11485874466598 ] ] ] } },
{ "type": "Feature", "properties": { "building_id": 1234 }, "geometry": { "type": "Polygon", "coordinates": [ [ [ 1528205.469824384432286, 5707964.330074129626155 ], [ 1528209.604722576681525, 5707958.874786247499287 ], [ 1528211.776680486509576, 5707955.84843750204891 ], [ 1528213.69401332247071, 5707957.209120177663863 ], [ 1528214.885530045954511, 5707955.783442708663642 ], [ 1528222.190399888670072, 5707960.834188462235034 ], [ 1528222.43833869160153, 5707960.480550457723439 ], [ 1528223.749140547355637, 5707961.431098782457411 ], [ 1528216.017312429612502, 5707971.677994507364929 ], [ 1528205.469824384432286, 5707964.330074129626155 ] ] ] } },
{ "type": "Feature", "properties": { "building_id": 566 }, "geometry": { "type": "Polygon", "coordinates": [ [ [ 1528225.777642159489915, 5707864.5882917214185 ], [ 1528217.806835651164874, 5707868.309085051529109 ], [ 1528212.283222783589736, 5707857.894463234581053 ], [ 1528208.847349487710744, 5707851.58940760884434 ], [ 1528212.214014189550653, 5707849.640514586120844 ], [ 1528213.792702819919214, 5707852.583432761952281 ], [ 1528219.120743272593245, 5707850.107904178090394 ], [ 1528225.777642159489915, 5707864.5882917214185 ] ] ] } },
{ "type": "Feature", "properties": { "building_id": 569 }, "geometry": { "type": "Polygon", "coordinates": [ [ [ 1528222.617617025971413, 5707878.726685365661979 ], [ 1528214.54567480343394, 5707882.531692125834525 ], [ 1528209.675858651055023, 5707872.241871913895011 ], [ 1528217.763401030795649, 5707868.351303627714515 ], [ 1528222.617617025971413, 5707878.726685365661979 ] ] ] } },
{ "type": "Feature", "properties": { "building_id": 882 }, "geometry": { "type": "Polygon", "coordinates": [ [ [ 1528423.068891189293936, 5707905.03947155829519 ], [ 1528422.664504465181381, 5707902.658735250122845 ], [ 1528422.07268134271726, 5707893.180687211453915 ], [ 1528428.255472206277773, 5707892.549388173036277 ], [ 1528428.428168687736616, 5707894.254197871312499 ], [ 1528436.982767115347087, 5707894.189761034213006 ], [ 1528438.063021879177541, 5707903.432409992441535 ], [ 1528433.599805312231183, 5707904.405683733522892 ], [ 1528423.068891189293936, 5707905.03947155829519 ] ] ] } },
{ "type": "Feature", "properties": { "building_id": 881 }, "geometry": { "type": "Polygon", "coordinates": [ [ [ 1528436.986646134871989, 5707894.847764948382974 ], [ 1528428.442421089624986, 5707894.25442413892597 ], [ 1528426.29712643660605, 5707885.652816607616842 ], [ 1528436.171640610322356, 5707883.249327533878386 ], [ 1528436.986646134871989, 5707894.847764948382974 ] ] ] } },
{ "type": "Feature", "properties": { "building_id": 1547 }, "geometry": { "type": "Polygon", "coordinates": [ [ [ 1528438.616701377788559, 5708026.52028729300946 ], [ 1528428.954287985805422, 5708025.408571694046259 ], [ 1528428.364932884927839, 5708015.773098125122488 ], [ 1528427.89346960443072, 5708015.837129616178572 ], [ 1528427.605759870959446, 5708012.385470501147211 ], [ 1528428.077674027998, 5708012.292839645408094 ], [ 1528427.774177308194339, 5708009.842160604894161 ], [ 1528442.674986535450444, 5708011.451828287914395 ], [ 1528440.882682141847908, 5708018.431986218318343 ], [ 1528438.616701377788559, 5708026.52028729300946 ] ] ] } },
{ "type": "Feature", "properties": { "building_id": 839 }, "geometry": { "type": "Polygon", "coordinates": [ [ [ 1528432.528373722918332, 5707976.862823764793575 ], [ 1528432.376829161308706, 5707972.912728730589151 ], [ 1528432.4158007085789, 5707965.017974203452468 ], [ 1528443.183757355902344, 5707966.533414949662983 ], [ 1528443.245193597394973, 5707973.485752202570438 ], [ 1528444.730493988608941, 5707988.685058750212193 ], [ 1528444.605608010664582, 5707992.988353651948273 ], [ 1528432.351383645320311, 5707993.508983080275357 ], [ 1528431.214566202834249, 5707984.236736695282161 ], [ 1528433.672543992521241, 5707983.860964327119291 ], [ 1528433.464574412675574, 5707982.58467483241111 ], [ 1528432.528373722918332, 5707976.862823764793575 ] ] ] } },
{ "type": "Feature", "properties": { "building_id": 889 }, "geometry": { "type": "Polygon", "coordinates": [ [ [ 1528437.275756324641407, 5707903.634459001012146 ], [ 1528450.014525182778016, 5707900.403929304331541 ], [ 1528462.09541965695098, 5707897.305971786379814 ], [ 1528462.222208873135969, 5707899.21029650606215 ], [ 1528460.077357548289001, 5707899.619649429805577 ], [ 1528461.39984594960697, 5707911.583738531917334 ], [ 1528459.743407334433869, 5707911.757690971717238 ], [ 1528460.375357638346031, 5707917.789337640628219 ], [ 1528458.58090294804424, 5707917.675036745145917 ], [ 1528458.974429527530447, 5707919.841055985540152 ], [ 1528443.397097753360868, 5707922.26847991719842 ], [ 1528442.684692745096982, 5707913.203289111144841 ], [ 1528435.533444743370637, 5707914.677412978373468 ], [ 1528433.557048057438806, 5707904.405004954896867 ], [ 1528434.844275949522853, 5707904.139377642422915 ], [ 1528437.275756324641407, 5707903.634459001012146 ] ] ] } },
{ "type": "Feature", "properties": { "building_id": 891 }, "geometry": { "type": "Polygon", "coordinates": [ [ [ 1528441.574670095928013, 5707857.031778757460415 ], [ 1528442.041251617250964, 5707854.564760660752654 ], [ 1528443.46692657773383, 5707845.519274839200079 ], [ 1528444.80348823685199, 5707845.740733512677252 ], [ 1528444.629713782342151, 5707849.528275331482291 ], [ 1528466.990738321561366, 5707854.460171361453831 ], [ 1528464.04335153917782, 5707869.603223260492086 ], [ 1528453.238612608984113, 5707867.71536077465862 ], [ 1528452.926282117608935, 5707869.441072606481612 ], [ 1528444.263684368226677, 5707867.315443111583591 ], [ 1528445.690712271258235, 5707858.184147406369448 ], [ 1528441.574670095928013, 5707857.031778757460415 ] ] ] } },
{ "type": "Feature", "properties": { "building_id": 851 }, "geometry": { "type": "Polygon", "coordinates": [ [ [ 1528452.241785221500322, 5707949.012753889895976 ], [ 1528452.021760715870187, 5707942.172343626618385 ], [ 1528450.871143208118156, 5707941.910925719887018 ], [ 1528450.729924665065482, 5707940.921765479259193 ], [ 1528450.355837960727513, 5707938.427076611667871 ], [ 1528447.686566612683237, 5707938.642162878066301 ], [ 1528447.570245514158159, 5707937.882248762995005 ], [ 1528447.318118190625682, 5707935.789985015057027 ], [ 1528442.447427801089361, 5707936.384916383773088 ], [ 1528442.031893368111923, 5707932.902652709744871 ], [ 1528446.889231400098652, 5707932.250297228805721 ], [ 1528446.788515873253345, 5707931.404812444932759 ], [ 1528458.480673401150852, 5707930.360331973060966 ], [ 1528459.679909373866394, 5707930.250638316385448 ], [ 1528468.633611302822828, 5707930.192505462095141 ], [ 1528468.656273819040507, 5707947.742848291061819 ], [ 1528459.800968927564099, 5707947.888362151570618 ], [ 1528459.727404153672978, 5707947.129126059822738 ], [ 1528459.642114703776315, 5707947.113469142466784 ], [ 1528454.108861434040591, 5707949.042390091344714 ], [ 1528452.241785221500322, 5707949.012753889895976 ] ] ] } },
{ "type": "Feature", "properties": { "building_id": 1974 }, "geometry": { "type": "Polygon", "coordinates": [ [ [ 1528448.711281202966347, 5707897.165044656954706 ], [ 1528447.637515670154244, 5707891.126397771760821 ], [ 1528444.333711477462202, 5707891.803411525674164 ], [ 1528443.135419433005154, 5707883.717450693249702 ], [ 1528446.183354270178825, 5707882.993467167951167 ], [ 1528457.428521906025708, 5707879.553285212256014 ], [ 1528464.007803696906194, 5707894.461402482353151 ], [ 1528449.461923541966826, 5707897.477324994280934 ], [ 1528449.342445931397378, 5707896.917607638984919 ], [ 1528448.711281202966347, 5707897.165044656954706 ] ] ] } },
{ "type": "Feature", "properties": { "building_id": 2143 }, "geometry": { "type": "Polygon", "coordinates": [ [ [ 1528448.702817625133321, 5707996.243017621338367 ], [ 1528446.205671380506828, 5707982.829844473861158 ], [ 1528446.212436319561675, 5707982.400854839943349 ], [ 1528455.86028068466112, 5707982.625514628365636 ], [ 1528455.81612302036956, 5707981.809529423713684 ], [ 1528456.489600219996646, 5707981.591367655433714 ], [ 1528456.861486836103722, 5707967.951997158117592 ], [ 1528479.964648016728461, 5707969.23408164549619 ], [ 1528479.888470450881869, 5707978.587178676389158 ], [ 1528479.816630534594879, 5707980.431155112572014 ], [ 1528471.06714851083234, 5707980.192172923125327 ], [ 1528471.051481635775417, 5707987.515181065537035 ], [ 1528470.900309147080407, 5707990.773921492509544 ], [ 1528468.40319706290029, 5707995.440058579668403 ], [ 1528465.053844383917749, 5707995.386898960918188 ], [ 1528449.23061351920478, 5707996.222789133898914 ], [ 1528448.702817625133321, 5707996.243017621338367 ] ] ] } },
{ "type": "Feature", "properties": { "building_id": 899 }, "geometry": { "type": "Polygon", "coordinates": [ [ [ 1528471.183756209909916, 5707873.33522436581552 ], [ 1528472.850469853030518, 5707862.562872084788978 ], [ 1528495.014110712101683, 5707864.645265420898795 ], [ 1528493.595748758409172, 5707874.134289607405663 ], [ 1528488.08391268318519, 5707873.803671912290156 ], [ 1528488.04639090388082, 5707874.375198951922357 ], [ 1528471.183756209909916, 5707873.33522436581552 ] ] ] } },
{ "type": "Feature", "properties": { "building_id": 856 }, "geometry": { "type": "Polygon", "coordinates": [ [ [ 1528489.591156655922532, 5707912.031148249283433 ], [ 1528489.888760787434876, 5707922.090971280820668 ], [ 1528473.483065242879093, 5707921.902131782844663 ], [ 1528472.836344469571486, 5707902.339499831199646 ], [ 1528481.785184704232961, 5707900.779450720176101 ], [ 1528492.7755492774304, 5707899.938338002189994 ], [ 1528492.777186095248908, 5707908.877807679586112 ], [ 1528492.334459135076031, 5707908.927994708530605 ], [ 1528492.34154901932925, 5707910.286903442814946 ], [ 1528490.458424808923155, 5707910.371445674449205 ], [ 1528490.404447043780237, 5707911.986841747537255 ], [ 1528489.591156655922532, 5707912.031148249283433 ] ] ] } },
{ "type": "Feature", "properties": { "building_id": 854 }, "geometry": { "type": "Polygon", "coordinates": [ [ [ 1528472.951634998200461, 5707946.566643808968365 ], [ 1528472.695630732923746, 5707935.677869837731123 ], [ 1528485.118950490606949, 5707934.373198009096086 ], [ 1528485.062141590286046, 5707946.115196391008794 ], [ 1528472.951634998200461, 5707946.566643808968365 ] ] ] } },
{ "type": "Feature", "properties": { "building_id": 853 }, "geometry": { "type": "Polygon", "coordinates": [ [ [ 1528484.242485370952636, 5707953.797300843521953 ], [ 1528473.683912641368806, 5707954.373500362038612 ], [ 1528473.664935718756169, 5707946.535054922103882 ], [ 1528484.363093416439369, 5707946.147012370638549 ], [ 1528484.318457203451544, 5707948.978333328850567 ], [ 1528484.242485370952636, 5707953.797300843521953 ] ] ] } },
{ "type": "Feature", "properties": { "building_id": 852 }, "geometry": { "type": "Polygon", "coordinates": [ [ [ 1528484.233743406832218, 5707955.256087429821491 ], [ 1528484.215482448227704, 5707964.552876292727888 ], [ 1528473.528575440403074, 5707964.225937763229012 ], [ 1528473.683912641368806, 5707954.373500362038612 ], [ 1528484.242485370952636, 5707953.797300843521953 ], [ 1528484.233743406832218, 5707955.256087429821491 ] ] ] } },
{ "type": "Feature", "properties": { "building_id": 1217 }, "geometry": { "type": "Polygon", "coordinates": [ [ [ 1528308.58355683577247, 5707865.918695928528905 ], [ 1528296.569547010818496, 5707853.942090863361955 ], [ 1528307.025662249187008, 5707844.496606211178005 ], [ 1528312.01097772619687, 5707849.281511193141341 ], [ 1528315.413539227331057, 5707845.96006022952497 ], [ 1528317.378846298903227, 5707847.893587026745081 ], [ 1528321.967699114698917, 5707843.475346828810871 ], [ 1528326.596714044222608, 5707848.254582319408655 ], [ 1528308.58355683577247, 5707865.918695928528905 ] ] ] } },
{ "type": "Feature", "properties": { "building_id": 1253 }, "geometry": { "type": "Polygon", "coordinates": [ [ [ 1528344.305339846527204, 5707882.405521868728101 ], [ 1528335.649992772843689, 5707874.401338196359575 ], [ 1528340.229229957796633, 5707866.979281690903008 ], [ 1528346.324208460049704, 5707860.167731094174087 ], [ 1528356.781708080554381, 5707852.43856664467603 ], [ 1528361.702940593240783, 5707865.80425532720983 ], [ 1528354.535395091865212, 5707871.926540338434279 ], [ 1528349.915782092139125, 5707876.48735330812633 ], [ 1528349.621220910921693, 5707876.182309961877763 ], [ 1528344.305339846527204, 5707882.405521868728101 ] ] ] } },
{ "type": "Feature", "properties": { "building_id": 1214 }, "geometry": { "type": "Polygon", "coordinates": [ [ [ 1528314.865870061563328, 5707858.981416901573539 ], [ 1528318.881025407463312, 5707854.7829061858356 ], [ 1528322.762727214023471, 5707857.233184315264225 ], [ 1528325.762837287038565, 5707854.119877946563065 ], [ 1528326.395616327412426, 5707854.673446184955537 ], [ 1528325.076311146141961, 5707856.068486302159727 ], [ 1528326.958365302998573, 5707857.857660124078393 ], [ 1528329.683843285543844, 5707854.983140652067959 ], [ 1528339.50943860434927, 5707862.905781859531999 ], [ 1528330.295877255732194, 5707874.917009050957859 ], [ 1528314.865870061563328, 5707858.981416901573539 ] ] ] } },
{ "type": "Feature", "properties": { "building_id": 885 }, "geometry": { "type": "Polygon", "coordinates": [ [ [ 1528392.959030729951337, 5707866.257737687788904 ], [ 1528406.527189021231607, 5707864.671001232229173 ], [ 1528408.078005444258451, 5707874.807885114103556 ], [ 1528406.494455836946145, 5707875.783955848775804 ], [ 1528396.057065802393481, 5707877.720773745328188 ], [ 1528386.327552908333018, 5707879.969185750000179 ], [ 1528383.249156166333705, 5707867.262089781463146 ], [ 1528392.959030729951337, 5707866.257737687788904 ] ] ] } },
{ "type": "Feature", "properties": { "building_id": 879 }, "geometry": { "type": "Polygon", "coordinates": [ [ [ 1528435.769958263263106, 5707885.216775637120008 ], [ 1528425.940591209335253, 5707885.66145933791995 ], [ 1528425.405054139904678, 5707875.326139108277857 ], [ 1528418.913415485294536, 5707874.751074082218111 ], [ 1528418.959839825984091, 5707866.384523198008537 ], [ 1528423.011838352773339, 5707867.078189083375037 ], [ 1528426.382430556928739, 5707867.589398629963398 ], [ 1528435.358756311470643, 5707868.804630533792078 ], [ 1528435.702528309542686, 5707875.933011347427964 ], [ 1528435.769958263263106, 5707885.216775637120008 ] ] ] } },
{ "type": "Feature", "properties": { "building_id": 1284 }, "geometry": { "type": "Polygon", "coordinates": [ [ [ 1528381.819754587952048, 5707885.575919794850051 ], [ 1528375.595601456006989, 5707887.021804853342474 ], [ 1528370.94372152374126, 5707888.206595379859209 ], [ 1528365.39287367509678, 5707869.567352895624936 ], [ 1528376.608274213504046, 5707868.014808079227805 ], [ 1528379.763456943910569, 5707883.08313412964344 ], [ 1528381.290717756841332, 5707882.964357954449952 ], [ 1528381.819754587952048, 5707885.575919794850051 ] ] ] } },
{ "type": "Feature", "properties": { "building_id": 1212 }, "geometry": { "type": "Polygon", "coordinates": [ [ [ 1528290.716782090021297, 5707886.045263503678143 ], [ 1528299.078100618440658, 5707877.453255635686219 ], [ 1528297.491510335123166, 5707875.911919179372489 ], [ 1528307.168801703490317, 5707867.941552791744471 ], [ 1528313.784415327711031, 5707875.112378591671586 ], [ 1528326.446918580681086, 5707883.037216713652015 ], [ 1528319.739675973774865, 5707894.315910722129047 ], [ 1528309.50491237314418, 5707907.798457249067724 ], [ 1528290.716782090021297, 5707886.045263503678143 ] ] ] } },
{ "type": "Feature", "properties": { "building_id": 1254 }, "geometry": { "type": "Polygon", "coordinates": [ [ [ 1528356.515075193718076, 5707892.826171986758709 ], [ 1528349.48771708435379, 5707881.028929748572409 ], [ 1528354.47289312328212, 5707875.88749564345926 ], [ 1528360.851823898497969, 5707870.053046392276883 ], [ 1528366.664428846444935, 5707883.847705569118261 ], [ 1528356.515075193718076, 5707892.826171986758709 ] ] ] } },
{ "type": "Feature", "properties": { "building_id": 1252 }, "geometry": { "type": "Polygon", "coordinates": [ [ [ 1528338.480582066113129, 5707886.546703890897334 ], [ 1528331.444660109002143, 5707880.713698818348348 ], [ 1528336.102683452190831, 5707874.623075629584491 ], [ 1528343.967570220353082, 5707882.128397909924388 ], [ 1528338.480582066113129, 5707886.546703890897334 ] ] ] } },
{ "type": "Feature", "properties": { "building_id": 1285 }, "geometry": { "type": "Polygon", "coordinates": [ [ [ 1528384.308944087242708, 5707880.509251977317035 ], [ 1528384.781754055758938, 5707880.359426715411246 ], [ 1528386.314428473357111, 5707879.897461971268058 ], [ 1528394.768712778110057, 5707878.057892142795026 ], [ 1528394.945196237182245, 5707878.618514287285507 ], [ 1528395.772634498542175, 5707881.292024787515402 ], [ 1528397.121587976813316, 5707885.246791280806065 ], [ 1528397.707740367623046, 5707885.141674279235303 ], [ 1528403.198024868965149, 5707884.127516722306609 ], [ 1528407.8415531613864, 5707883.471791097894311 ], [ 1528408.442621419671923, 5707887.843774342909455 ], [ 1528408.506214556284249, 5707888.331088935956359 ], [ 1528399.112885706592351, 5707890.956735774874687 ], [ 1528399.031431572046131, 5707890.697986768558621 ], [ 1528398.64436122099869, 5707890.834871340543032 ], [ 1528397.814214415382594, 5707888.332952282391489 ], [ 1528392.226907865144312, 5707890.075023726560175 ], [ 1528391.587949903914705, 5707888.105354436673224 ], [ 1528387.092170941876248, 5707889.335541662760079 ], [ 1528386.650266137672588, 5707887.526335367932916 ], [ 1528386.163654607487842, 5707887.647335507906973 ], [ 1528384.308944087242708, 5707880.509251977317035 ] ] ] } },
{ "type": "Feature", "properties": { "building_id": 1255 }, "geometry": { "type": "Polygon", "coordinates": [ [ [ 1528346.828584236791357, 5707902.283990836702287 ], [ 1528343.216098385863006, 5707906.260083013214171 ], [ 1528335.44663531682454, 5707898.126919493079185 ], [ 1528349.48771708435379, 5707881.028929748572409 ], [ 1528356.515075193718076, 5707892.826171986758709 ], [ 1528350.797151343664154, 5707898.327858218923211 ], [ 1528353.658611021470279, 5707901.291143498383462 ], [ 1528349.876679114066064, 5707905.164424647577107 ], [ 1528346.828584236791357, 5707902.283990836702287 ] ] ] } },
{ "type": "Feature", "properties": { "building_id": 2052 }, "geometry": { "type": "Polygon", "coordinates": [ [ [ 1528333.132641413947567, 5707894.800446229055524 ], [ 1528326.049479970475659, 5707890.153837271034718 ], [ 1528331.504638191312551, 5707881.429805321618915 ], [ 1528339.004119563382119, 5707887.699267319403589 ], [ 1528337.957863430958241, 5707888.955621191300452 ], [ 1528341.159983593039215, 5707891.109042992815375 ], [ 1528340.069390530465171, 5707892.4648149125278 ], [ 1528336.85369476932101, 5707890.268267466686666 ], [ 1528333.132641413947567, 5707894.800446229055524 ] ] ] } },
{ "type": "Feature", "properties": { "building_id": 1283 }, "geometry": { "type": "Polygon", "coordinates": [ [ [ 1528384.729688061866909, 5707899.925223434343934 ], [ 1528377.612812374019995, 5707901.027963725849986 ], [ 1528376.671054353006184, 5707896.564742734655738 ], [ 1528375.876411783043295, 5707893.619988012127578 ], [ 1528374.308374404674396, 5707887.287423106841743 ], [ 1528381.819754587952048, 5707885.575919794850051 ], [ 1528382.48477336158976, 5707888.604431330226362 ], [ 1528384.729688061866909, 5707899.925223434343934 ] ] ] } },
{ "type": "Feature", "properties": { "building_id": 1251 }, "geometry": { "type": "Polygon", "coordinates": [ [ [ 1528317.33229051460512, 5707904.132499136961997 ], [ 1528325.286170113366097, 5707889.741223915480077 ], [ 1528333.779901823261753, 5707895.339943396858871 ], [ 1528332.296367991250008, 5707897.204384122043848 ], [ 1528334.308544194325805, 5707899.782302350737154 ], [ 1528333.826931140385568, 5707900.489806439727545 ], [ 1528330.351322496542707, 5707904.825644851662219 ], [ 1528329.841429705964401, 5707905.518396737985313 ], [ 1528327.498999934177846, 5707903.993659127503633 ], [ 1528324.350966831902042, 5707908.349004222080112 ], [ 1528323.660497438861057, 5707907.837425337173045 ], [ 1528323.398311656201258, 5707908.19083773996681 ], [ 1528317.875946850283071, 5707904.91350481659174 ], [ 1528318.08134879800491, 5707904.544887400232255 ], [ 1528317.33229051460512, 5707904.132499136961997 ] ] ] } },
{ "type": "Feature", "properties": { "building_id": 887 }, "geometry": { "type": "Polygon", "coordinates": [ [ [ 1528389.167335112346336, 5707898.765628318302333 ], [ 1528400.484030994819477, 5707895.312345043756068 ], [ 1528403.246542167849839, 5707900.934419233351946 ], [ 1528409.690576874883845, 5707899.10582010820508 ], [ 1528411.140293722972274, 5707904.807171515189111 ], [ 1528392.12826559972018, 5707909.883254948072135 ], [ 1528389.167335112346336, 5707898.765628318302333 ] ] ] } },
{ "type": "Feature", "properties": { "building_id": 1257 }, "geometry": { "type": "Polygon", "coordinates": [ [ [ 1528333.870365381008014, 5707900.447587141767144 ], [ 1528342.419686067849398, 5707909.751695063896477 ], [ 1528346.510014408035204, 5707912.53426369279623 ], [ 1528346.96432314417325, 5707913.557002152316272 ], [ 1528348.815522825578228, 5707912.785433186218143 ], [ 1528351.610384169500321, 5707919.065992285497487 ], [ 1528349.677279164083302, 5707919.607411187142134 ], [ 1528344.808207584777847, 5707921.00328937638551 ], [ 1528340.2040992656257, 5707923.676353678107262 ], [ 1528337.855202806415036, 5707918.947610613889992 ], [ 1528332.812687874073163, 5707922.300256578251719 ], [ 1528324.408823748584837, 5707912.812496818602085 ], [ 1528333.870365381008014, 5707900.447587141767144 ] ] ] } },
{ "type": "Feature", "properties": { "building_id": 1264 }, "geometry": { "type": "Polygon", "coordinates": [ [ [ 1528385.67267438583076, 5707911.540022570639849 ], [ 1528371.396255118073896, 5707911.027230985462666 ], [ 1528371.690772245870903, 5707905.010296816937625 ], [ 1528376.792009271681309, 5707905.162829438224435 ], [ 1528377.014024883508682, 5707901.933852829039097 ], [ 1528383.63891482539475, 5707902.196397922933102 ], [ 1528383.492449966259301, 5707905.154815477319062 ], [ 1528385.371964285615832, 5707905.299088372848928 ], [ 1528385.67267438583076, 5707911.540022570639849 ] ] ] } },
{ "type": "Feature", "properties": { "building_id": 1258 }, "geometry": { "type": "Polygon", "coordinates": [ [ [ 1528328.22115554404445, 5707940.435225344263017 ], [ 1528326.431075369939208, 5707936.430506432428956 ], [ 1528316.693561902735382, 5707920.213363524526358 ], [ 1528324.113585205515847, 5707912.550350005738437 ], [ 1528332.755001079523936, 5707922.34224955085665 ], [ 1528337.883030676981434, 5707918.990962085314095 ], [ 1528340.160664940020069, 5707923.718573112972081 ], [ 1528344.779025734169409, 5707921.045735227875412 ], [ 1528349.562582711223513, 5707919.648498678579926 ], [ 1528353.397354294080287, 5707918.751101884990931 ], [ 1528353.999563243007287, 5707923.952706180512905 ], [ 1528349.540389624191448, 5707924.668547654524446 ], [ 1528351.058815421070904, 5707929.627252608537674 ], [ 1528347.521986597916111, 5707930.615201182663441 ], [ 1528346.859043926233426, 5707928.359075864776969 ], [ 1528343.245762730715796, 5707929.674780604429543 ], [ 1528342.211580514442176, 5707927.455667329952121 ], [ 1528336.641721488209441, 5707930.799941492266953 ], [ 1528336.419323964975774, 5707930.438829666934907 ], [ 1528334.663373310817406, 5707931.497973784804344 ], [ 1528335.399571364512667, 5707932.725437333807349 ], [ 1528331.830207303166389, 5707934.871418902650476 ], [ 1528332.653499755077064, 5707936.000144657678902 ], [ 1528333.704189760610461, 5707938.076491761021316 ], [ 1528328.22115554404445, 5707940.435225344263017 ] ] ] } },
{ "type": "Feature", "properties": { "building_id": 1261 }, "geometry": { "type": "Polygon", "coordinates": [ [ [ 1528370.680217408342287, 5707915.750192851759493 ], [ 1528372.360961594618857, 5707923.071484976448119 ], [ 1528372.69836015230976, 5707925.179405334405601 ], [ 1528369.026230635121465, 5707925.707512496970594 ], [ 1528371.924656237708405, 5707946.20706511195749 ], [ 1528354.103303019655868, 5707943.578284855000675 ], [ 1528353.93401603656821, 5707925.396282378584146 ], [ 1528358.734308419981971, 5707923.841971504501998 ], [ 1528357.497580840950832, 5707920.003389914520085 ], [ 1528370.680217408342287, 5707915.750192851759493 ] ] ] } },
{ "type": "Feature", "properties": { "building_id": 1259 }, "geometry": { "type": "Polygon", "coordinates": [ [ [ 1528311.163325108122081, 5707918.337603840045631 ], [ 1528326.755250733811408, 5707942.085406994447112 ], [ 1528327.804723233217373, 5707947.851956269703805 ], [ 1528322.21420674584806, 5707949.794188840314746 ], [ 1528303.565082132350653, 5707966.189704717136919 ], [ 1528290.171255704015493, 5707956.722697554156184 ], [ 1528292.339297549100593, 5707945.815214369446039 ], [ 1528290.923982575302944, 5707945.163383610546589 ], [ 1528311.163325108122081, 5707918.337603840045631 ] ] ] } },
{ "type": "Feature", "properties": { "building_id": 844 }, "geometry": { "type": "Polygon", "coordinates": [ [ [ 1528383.588760607177392, 5707949.653433690778911 ], [ 1528385.22371597471647, 5707929.154355519451201 ], [ 1528405.990037668962032, 5707930.356606241315603 ], [ 1528405.908949712524191, 5707928.267058873549104 ], [ 1528411.458159594330937, 5707928.94159840978682 ], [ 1528414.584173785988241, 5707933.210661729797721 ], [ 1528414.616330516524613, 5707933.883420635014772 ], [ 1528415.548810863401741, 5707942.551639903336763 ], [ 1528410.680553368292749, 5707942.088158341124654 ], [ 1528410.353385655907914, 5707955.599469157867134 ], [ 1528398.259699223330244, 5707953.176141394302249 ], [ 1528383.588760607177392, 5707949.653433690778911 ] ] ] } },
{ "type": "Feature", "properties": { "building_id": 530 }, "geometry": { "type": "Polygon", "coordinates": [ [ [ 1528306.837285994552076, 5707840.174103522673249 ], [ 1528301.936913112876937, 5707831.81480073928833 ], [ 1528310.267375279450789, 5707822.464285769499838 ], [ 1528317.253484598128125, 5707828.739871198311448 ], [ 1528306.837285994552076, 5707840.174103522673249 ] ] ] } },
{ "type": "Feature", "properties": { "building_id": 590 }, "geometry": { "type": "Polygon", "coordinates": [ [ [ 1528160.080982442945242, 5707855.905750851146877 ], [ 1528156.691119008464739, 5707852.104437714442611 ], [ 1528153.113718759035692, 5707848.443172031082213 ], [ 1528145.929292569402605, 5707841.19168458878994 ], [ 1528154.923906883457676, 5707832.223747950047255 ], [ 1528166.090912931598723, 5707821.102007588371634 ], [ 1528176.923776073148474, 5707832.030144790187478 ], [ 1528169.435598048381507, 5707839.491641157306731 ], [ 1528170.726476102368906, 5707840.799442897550762 ], [ 1528167.061899775406346, 5707844.459941696375608 ], [ 1528166.163760100258514, 5707843.558869826607406 ], [ 1528163.585501876659691, 5707846.135313833132386 ], [ 1528172.066041861427948, 5707855.266799093224108 ], [ 1528164.853795082075521, 5707860.60154605936259 ], [ 1528160.080982442945242, 5707855.905750851146877 ] ] ] } },
{ "type": "Feature", "properties": { "building_id": 546 }, "geometry": { "type": "Polygon", "coordinates": [ [ [ 1528236.835245957830921, 5707834.212826417759061 ], [ 1528229.097275077132508, 5707838.538044952787459 ], [ 1528222.221684435848147, 5707826.17106646951288 ], [ 1528228.780346741899848, 5707822.4993512686342 ], [ 1528230.069900849601254, 5707824.79402672406286 ], [ 1528233.509844150627032, 5707830.841666242107749 ], [ 1528234.876232351176441, 5707830.076723724603653 ], [ 1528236.835245957830921, 5707834.212826417759061 ] ] ] } },
{ "type": "Feature", "properties": { "building_id": 896 }, "geometry": { "type": "Polygon", "coordinates": [ [ [ 1528407.252729759784415, 5707841.26846388168633 ], [ 1528406.260028364835307, 5707826.477704601362348 ], [ 1528430.496774857863784, 5707829.980557197704911 ], [ 1528428.129573911195621, 5707849.00888498313725 ], [ 1528427.09149466175586, 5707855.17131235729903 ], [ 1528425.256100205471739, 5707854.941931324079633 ], [ 1528425.70108404988423, 5707850.228996710851789 ], [ 1528423.153074080590159, 5707849.988301876932383 ], [ 1528423.341423625824973, 5707847.988869063556194 ], [ 1528415.541071779094636, 5707847.235692566260695 ], [ 1528416.087136391550303, 5707841.537459561601281 ], [ 1528407.252729759784415, 5707841.26846388168633 ] ] ] } },
{ "type": "Feature", "properties": { "building_id": 573 }, "geometry": { "type": "Polygon", "coordinates": [ [ [ 1528186.77929487451911, 5707839.853289353661239 ], [ 1528180.432098701130599, 5707831.942910118959844 ], [ 1528188.497807210311294, 5707824.018596552312374 ], [ 1528195.279618778498843, 5707833.294658930040896 ], [ 1528186.77929487451911, 5707839.853289353661239 ] ] ] } },
{ "type": "Feature", "properties": { "building_id": 1216 }, "geometry": { "type": "Polygon", "coordinates": [ [ [ 1528336.273321749642491, 5707835.807357386685908 ], [ 1528332.744322112062946, 5707833.591542094945908 ], [ 1528336.547859128564596, 5707827.444466806016862 ], [ 1528339.977768248412758, 5707829.615795996040106 ], [ 1528356.025812125299126, 5707839.811298633925617 ], [ 1528353.320954415481538, 5707843.186754305846989 ], [ 1528353.996717018075287, 5707843.726699652150273 ], [ 1528351.68524447013624, 5707846.564890108071268 ], [ 1528351.037760797888041, 5707846.039696625433862 ], [ 1528348.754565722076222, 5707848.892639244906604 ], [ 1528338.67525029159151, 5707843.497623049654067 ], [ 1528337.342634441098198, 5707845.736329771578312 ], [ 1528332.717521351296455, 5707842.516191355884075 ], [ 1528333.922318393597379, 5707840.246849545277655 ], [ 1528336.273321749642491, 5707835.807357386685908 ] ] ] } },
{ "type": "Feature", "properties": { "building_id": 562 }, "geometry": { "type": "Polygon", "coordinates": [ [ [ 1528199.677608266705647, 5707839.1573097826913 ], [ 1528194.965390650555491, 5707833.332571115344763 ], [ 1528203.211420103907585, 5707826.626864235848188 ], [ 1528208.061419334262609, 5707832.754147912375629 ], [ 1528202.288672420894727, 5707837.21071110945195 ], [ 1528199.677608266705647, 5707839.1573097826913 ] ] ] } },
{ "type": "Feature", "properties": { "building_id": 895 }, "geometry": { "type": "Polygon", "coordinates": [ [ [ 1528431.947799519868568, 5707852.773984674364328 ], [ 1528427.251519842306152, 5707852.256034850142896 ], [ 1528430.448380069341511, 5707830.337363717146218 ], [ 1528445.934682042803615, 5707833.672648563981056 ], [ 1528443.46692657773383, 5707845.519274839200079 ], [ 1528442.041251617250964, 5707854.564760660752654 ], [ 1528431.947799519868568, 5707852.773984674364328 ] ] ] } },
{ "type": "Feature", "properties": { "building_id": 557 }, "geometry": { "type": "Polygon", "coordinates": [ [ [ 1528229.33727667783387, 5707845.907911455258727 ], [ 1528222.72203973075375, 5707849.550131091848016 ], [ 1528211.183981208596379, 5707830.915801968425512 ], [ 1528217.732511386973783, 5707828.788654684089124 ], [ 1528229.33727667783387, 5707845.907911455258727 ] ] ] } },
{ "type": "Feature", "properties": { "building_id": 529 }, "geometry": { "type": "Polygon", "coordinates": [ [ [ 1528294.432810700265691, 5707840.291662526316941 ], [ 1528302.131705134408548, 5707832.118258853442967 ], [ 1528306.557431212393567, 5707839.840687634423375 ], [ 1528299.318639768986031, 5707846.862868660129607 ], [ 1528294.432810700265691, 5707840.291662526316941 ] ] ] } },
{ "type": "Feature", "properties": { "building_id": 536 }, "geometry": { "type": "Polygon", "coordinates": [ [ [ 1528254.57540059951134, 5707838.356637494638562 ], [ 1528266.129955238429829, 5707831.574730606749654 ], [ 1528273.292011899175122, 5707843.860417295247316 ], [ 1528268.227333112386987, 5707846.812161967158318 ], [ 1528269.905806065304205, 5707849.756655198521912 ], [ 1528263.359586091479287, 5707853.543033796362579 ], [ 1528254.57540059951134, 5707838.356637494638562 ] ] ] } },
{ "type": "Feature", "properties": { "building_id": 1288 }, "geometry": { "type": "Polygon", "coordinates": [ [ [ 1528379.639040732290596, 5707842.174453056417406 ], [ 1528379.65735379839316, 5707841.917289686389267 ], [ 1528379.788252389524132, 5707839.945553210563958 ], [ 1528380.556284974794835, 5707834.637033049017191 ], [ 1528397.784698385978118, 5707836.884435302577913 ], [ 1528397.225907688727602, 5707841.581251391209662 ], [ 1528398.648883683141321, 5707841.746877039782703 ], [ 1528398.43630992830731, 5707843.474166032858193 ], [ 1528397.027585983974859, 5707843.308766626752913 ], [ 1528385.669801058014855, 5707842.141499218530953 ], [ 1528379.639040732290596, 5707842.174453056417406 ] ] ] } },
{ "type": "Feature", "properties": { "building_id": 588 }, "geometry": { "type": "Polygon", "coordinates": [ [ [ 1528186.710393885150552, 5707844.214612079784274 ], [ 1528178.680566892726347, 5707848.96424092259258 ], [ 1528169.435598048381507, 5707839.491641157306731 ], [ 1528176.923776073148474, 5707832.030144790187478 ], [ 1528186.710393885150552, 5707844.214612079784274 ] ] ] } },
{ "type": "Feature", "properties": { "building_id": 551 }, "geometry": { "type": "Polygon", "coordinates": [ [ [ 1528251.967642720555887, 5707844.608510885387659 ], [ 1528244.833686860976741, 5707848.600076653063297 ], [ 1528242.158411886543036, 5707843.780341361649334 ], [ 1528238.568005553679541, 5707837.32982049882412 ], [ 1528245.701955080032349, 5707833.338264643214643 ], [ 1528251.967642720555887, 5707844.608510885387659 ] ] ] } },
{ "type": "Feature", "properties": { "building_id": 563 }, "geometry": { "type": "Polygon", "coordinates": [ [ [ 1528205.443285024026409, 5707841.465956266969442 ], [ 1528202.288672420894727, 5707837.21071110945195 ], [ 1528208.061419334262609, 5707832.754147912375629 ], [ 1528211.398376824799925, 5707837.198227257467806 ], [ 1528205.443285024026409, 5707841.465956266969442 ] ] ] } },
{ "type": "Feature", "properties": { "building_id": 547 }, "geometry": { "type": "Polygon", "coordinates": [ [ [ 1528242.158411886543036, 5707843.780341361649334 ], [ 1528234.420435173436999, 5707848.105569026432931 ], [ 1528229.097275077132508, 5707838.538044952787459 ], [ 1528236.835245957830921, 5707834.212826417759061 ], [ 1528238.568005553679541, 5707837.32982049882412 ], [ 1528242.158411886543036, 5707843.780341361649334 ] ] ] } },
{ "type": "Feature", "properties": { "building_id": 572 }, "geometry": { "type": "Polygon", "coordinates": [ [ [ 1528194.875082595273852, 5707850.780808853916824 ], [ 1528186.59198178560473, 5707839.979037623852491 ], [ 1528194.760888926219195, 5707833.643985103815794 ], [ 1528199.201861034147441, 5707839.493016915395856 ], [ 1528202.159046441083774, 5707837.294467939995229 ], [ 1528205.470434387680143, 5707841.552206022664905 ], [ 1528202.845365115208551, 5707844.385370756499469 ], [ 1528194.875082595273852, 5707850.780808853916824 ] ] ] } },
{ "type": "Feature", "properties": { "building_id": 897 }, "geometry": { "type": "Polygon", "coordinates": [ [ [ 1528420.377245832234621, 5707854.249442817643285 ], [ 1528408.858565345173702, 5707852.436012852005661 ], [ 1528407.757425200892612, 5707840.904599188826978 ], [ 1528419.273158716736361, 5707842.903920637443662 ], [ 1528420.377245832234621, 5707854.249442817643285 ] ] ] } },
{ "type": "Feature", "properties": { "building_id": 1215 }, "geometry": { "type": "Polygon", "coordinates": [ [ [ 1528339.066535815130919, 5707841.286872083321214 ], [ 1528348.823796530719846, 5707849.022466147318482 ], [ 1528338.691828986397013, 5707862.320671790279448 ], [ 1528329.640409249346703, 5707855.025359721854329 ], [ 1528326.958365302998573, 5707857.857660124078393 ], [ 1528325.076311146141961, 5707856.068486302159727 ], [ 1528326.352182277245447, 5707854.715665235184133 ], [ 1528325.312630428466946, 5707853.740846624597907 ], [ 1528331.576156402239576, 5707847.089327082037926 ], [ 1528331.758728503249586, 5707847.263863753527403 ], [ 1528335.868862631265074, 5707842.466133198700845 ], [ 1528337.120393785415217, 5707843.558740952052176 ], [ 1528339.066535815130919, 5707841.286872083321214 ] ] ] } },
{ "type": "Feature", "properties": { "building_id": 1290 }, "geometry": { "type": "Polygon", "coordinates": [ [ [ 1528389.316807110793889, 5707862.180743611417711 ], [ 1528375.047087085200474, 5707863.05546223372221 ], [ 1528365.496433736057952, 5707863.00389795564115 ], [ 1528365.688956298865378, 5707841.766959834843874 ], [ 1528379.938790575601161, 5707842.150607394985855 ], [ 1528385.634303206810728, 5707842.584328858181834 ], [ 1528385.261277404613793, 5707848.156581426970661 ], [ 1528386.232320989947766, 5707849.859758658334613 ], [ 1528389.316807110793889, 5707862.180743611417711 ] ] ] } },
{ "type": "Feature", "properties": { "building_id": 533 }, "geometry": { "type": "Polygon", "coordinates": [ [ [ 1528286.033809358021244, 5707857.593576417304575 ], [ 1528279.273812885629013, 5707847.831602242775261 ], [ 1528288.657269884599373, 5707841.315517970360816 ], [ 1528291.716253274818882, 5707846.212850566022098 ], [ 1528294.645840377314016, 5707851.179643702693284 ], [ 1528286.033809358021244, 5707857.593576417304575 ] ] ] } },
{ "type": "Feature", "properties": { "building_id": 892 }, "geometry": { "type": "Polygon", "coordinates": [ [ [ 1528468.307201311690733, 5707846.914765189401805 ], [ 1528466.840951796621084, 5707854.014400105923414 ], [ 1528443.993094256613404, 5707849.217806231230497 ], [ 1528444.805743171134964, 5707845.597739138640463 ], [ 1528449.011127795558423, 5707846.508371688425541 ], [ 1528453.927100425586104, 5707847.559008565731347 ], [ 1528454.637724142055959, 5707844.080351962707937 ], [ 1528468.307201311690733, 5707846.914765189401805 ] ] ] } },
{ "type": "Feature", "properties": { "building_id": 534 }, "geometry": { "type": "Polygon", "coordinates": [ [ [ 1528275.718007499119267, 5707841.896551755256951 ], [ 1528276.962306760018691, 5707843.44674938544631 ], [ 1528275.258860442554578, 5707844.792766301892698 ], [ 1528279.06418042909354, 5707850.274087495170534 ], [ 1528280.832567708566785, 5707849.329585716128349 ], [ 1528286.449610329931602, 5707857.442850787192583 ], [ 1528278.570277377963066, 5707862.595453492365777 ], [ 1528268.610565290320665, 5707846.918374054133892 ], [ 1528273.648742249235511, 5707842.936390965245664 ], [ 1528273.801905430387706, 5707843.167673397809267 ], [ 1528275.718007499119267, 5707841.896551755256951 ] ] ] } },
{ "type": "Feature", "properties": { "building_id": 548 }, "geometry": { "type": "Polygon", "coordinates": [ [ [ 1528234.420435173436999, 5707848.105569026432931 ], [ 1528242.158411886543036, 5707843.780341361649334 ], [ 1528244.833686860976741, 5707848.600076653063297 ], [ 1528245.374172152485698, 5707849.581273871473968 ], [ 1528237.636191897792742, 5707853.906507056206465 ], [ 1528234.420435173436999, 5707848.105569026432931 ] ] ] } },
{ "type": "Feature", "properties": { "building_id": 550 }, "geometry": { "type": "Polygon", "coordinates": [ [ [ 1528245.374172152485698, 5707849.581273871473968 ], [ 1528244.833686860976741, 5707848.600076653063297 ], [ 1528251.967642720555887, 5707844.608510885387659 ], [ 1528258.926318822428584, 5707857.134145645424724 ], [ 1528251.792355921817943, 5707861.125722425989807 ], [ 1528245.374172152485698, 5707849.581273871473968 ] ] ] } },
{ "type": "Feature", "properties": { "building_id": 511 }, "geometry": { "type": "Polygon", "coordinates": [ [ [ 1528366.162077929358929, 5707811.781110656447709 ], [ 1528367.00087689072825, 5707794.759619859047234 ], [ 1528367.854723010910675, 5707785.819547394290566 ], [ 1528371.692220662487671, 5707786.552732457406819 ], [ 1528373.99502977123484, 5707767.09444194752723 ], [ 1528385.233286371221766, 5707768.603085905313492 ], [ 1528379.585658475523815, 5707801.281388552859426 ], [ 1528376.703567479969934, 5707812.277498800307512 ], [ 1528366.162077929358929, 5707811.781110656447709 ] ] ] } },
{ "type": "Feature", "properties": { "building_id": 544 }, "geometry": { "type": "Polygon", "coordinates": [ [ [ 1528205.991915705846623, 5707787.781338680535555 ], [ 1528234.108739153714851, 5707768.547562589868903 ], [ 1528241.077616715570912, 5707776.811000370420516 ], [ 1528234.671476670308039, 5707780.756886073388159 ], [ 1528236.950803214684129, 5707784.468970634974539 ], [ 1528233.193261128151789, 5707786.797823887318373 ], [ 1528230.9141614085529, 5707783.07143809273839 ], [ 1528225.81783749233, 5707786.222876561805606 ], [ 1528229.824239347362891, 5707792.508344301022589 ], [ 1528223.711032398277894, 5707795.958283153362572 ], [ 1528225.563218301860616, 5707798.733894632197917 ], [ 1528222.64268631185405, 5707800.418118669651449 ], [ 1528226.543881837045774, 5707806.144109891727567 ], [ 1528221.147568247048184, 5707809.333693311549723 ], [ 1528205.991915705846623, 5707787.781338680535555 ] ] ] } },
{ "type": "Feature", "properties": { "building_id": 40 }, "geometry": { "type": "Polygon", "coordinates": [ [ [ 1528412.474639634136111, 5707815.691812533885241 ], [ 1528415.37288349843584, 5707802.765044728294015 ], [ 1528422.106069456553087, 5707775.367416361346841 ], [ 1528441.842007157858461, 5707780.414990230463445 ], [ 1528438.214509857585654, 5707794.388575282879174 ], [ 1528451.247336764354259, 5707797.813616123050451 ], [ 1528461.556995228398591, 5707799.450458563864231 ], [ 1528458.665396196069196, 5707825.521775603294373 ], [ 1528428.756105297710747, 5707819.225685641169548 ], [ 1528412.474639634136111, 5707815.691812533885241 ] ] ] } },
{ "type": "Feature", "properties": { "building_id": 513 }, "geometry": { "type": "Polygon", "coordinates": [ [ [ 1528341.523252132814378, 5707793.110580427572131 ], [ 1528339.318003005115315, 5707787.411589142866433 ], [ 1528341.36848261533305, 5707786.657501123845577 ], [ 1528338.524106278317049, 5707779.904248269274831 ], [ 1528347.337921990547329, 5707776.053745263256133 ], [ 1528347.901277652010322, 5707777.39286435674876 ], [ 1528351.868094056844711, 5707776.254430467262864 ], [ 1528353.520633752690628, 5707780.843307934701443 ], [ 1528368.965371443890035, 5707777.770342633128166 ], [ 1528366.943867928348482, 5707794.758714417926967 ], [ 1528366.105068858712912, 5707811.780205205082893 ], [ 1528357.289458693703637, 5707811.225400096736848 ], [ 1528352.945188113255426, 5707810.083674318157136 ], [ 1528344.175937196006998, 5707792.137210581451654 ], [ 1528341.523252132814378, 5707793.110580427572131 ] ] ] } },
{ "type": "Feature", "properties": { "building_id": 26 }, "geometry": { "type": "Polygon", "coordinates": [ [ [ 1528468.670508870156482, 5707792.225953271612525 ], [ 1528470.216153330169618, 5707780.994083593599498 ], [ 1528474.290309714153409, 5707782.088552894070745 ], [ 1528478.985478374408558, 5707783.579054655507207 ], [ 1528479.864607849624008, 5707783.879064658656716 ], [ 1528475.999691201373935, 5707794.830982602201402 ], [ 1528468.670508870156482, 5707792.225953271612525 ] ] ] } },
{ "type": "Feature", "properties": { "building_id": 43 }, "geometry": { "type": "Polygon", "coordinates": [ [ [ 1528450.16687158215791, 5707797.624830530956388 ], [ 1528452.790062676183879, 5707782.247911510057747 ], [ 1528464.674711695639417, 5707784.353137418627739 ], [ 1528463.089814001461491, 5707793.553370424546301 ], [ 1528457.003607640508562, 5707792.584291118197143 ], [ 1528456.100364300655201, 5707798.334038157016039 ], [ 1528450.16687158215791, 5707797.624830530956388 ] ] ] } },
{ "type": "Feature", "properties": { "building_id": 28 }, "geometry": { "type": "Polygon", "coordinates": [ [ [ 1528485.299345681909472, 5707798.139514881186187 ], [ 1528475.999691201373935, 5707794.830982602201402 ], [ 1528479.864607849624008, 5707783.879064658656716 ], [ 1528487.605298178270459, 5707786.605035942047834 ], [ 1528489.193207825068384, 5707787.159442367963493 ], [ 1528485.299345681909472, 5707798.139514881186187 ] ] ] } },
{ "type": "Feature", "properties": { "building_id": 515 }, "geometry": { "type": "Polygon", "coordinates": [ [ [ 1528325.005087573081255, 5707785.610887293703854 ], [ 1528341.257142010610551, 5707802.746535551734269 ], [ 1528332.97802758985199, 5707810.65327556617558 ], [ 1528316.725749409059063, 5707793.531896551139653 ], [ 1528325.005087573081255, 5707785.610887293703854 ] ] ] } },
{ "type": "Feature", "properties": { "building_id": 27 }, "geometry": { "type": "Polygon", "coordinates": [ [ [ 1528485.299345681909472, 5707798.139514881186187 ], [ 1528475.781901902286336, 5707824.920954159460962 ], [ 1528465.334100968902931, 5707821.19369603600353 ], [ 1528468.670508870156482, 5707792.225953271612525 ], [ 1528475.999691201373935, 5707794.830982602201402 ], [ 1528485.299345681909472, 5707798.139514881186187 ] ] ] } },
{ "type": "Feature", "properties": { "building_id": 545 }, "geometry": { "type": "Polygon", "coordinates": [ [ [ 1528209.805548928678036, 5707793.634663349017501 ], [ 1528208.263168363366276, 5707794.711465185508132 ], [ 1528212.775866394629702, 5707801.434085169807076 ], [ 1528206.392328269314021, 5707805.752197463996708 ], [ 1528198.132068523671478, 5707793.506257577799261 ], [ 1528205.986043046461418, 5707788.153121368028224 ], [ 1528209.805548928678036, 5707793.634663349017501 ] ] ] } },
{ "type": "Feature", "properties": { "building_id": 42 }, "geometry": { "type": "Polygon", "coordinates": [ [ [ 1528456.555308963172138, 5707798.412773949094117 ], [ 1528457.47077502659522, 5707792.791947211138904 ], [ 1528463.413557300809771, 5707793.81596158631146 ], [ 1528462.382724039489403, 5707799.520776153542101 ], [ 1528456.555308963172138, 5707798.412773949094117 ] ] ] } },
{ "type": "Feature", "properties": { "building_id": 541 }, "geometry": { "type": "Polygon", "coordinates": [ [ [ 1528246.195269265212119, 5707799.390854367054999 ], [ 1528235.024423477938399, 5707806.250325893051922 ], [ 1528231.828807110665366, 5707808.201937428675592 ], [ 1528229.549702656455338, 5707804.475542370229959 ], [ 1528225.436303188558668, 5707798.646059233695269 ], [ 1528223.823469377588481, 5707796.060191308148205 ], [ 1528229.743016808992252, 5707792.235297316685319 ], [ 1528230.212461805669591, 5707793.201057004742324 ], [ 1528232.977745633106679, 5707797.736140961758792 ], [ 1528241.873922909842804, 5707792.285115512087941 ], [ 1528246.195269265212119, 5707799.390854367054999 ] ] ] } },
{ "type": "Feature", "properties": { "building_id": 519 }, "geometry": { "type": "Polygon", "coordinates": [ [ [ 1528312.818324795924127, 5707804.454474203288555 ], [ 1528303.928625963162631, 5707813.109544492326677 ], [ 1528292.036672758171335, 5707802.43651102297008 ], [ 1528299.15909491898492, 5707793.753380834124982 ], [ 1528306.938269491307437, 5707798.554050135426223 ], [ 1528306.187253855634481, 5707800.072531993500888 ], [ 1528312.818324795924127, 5707804.454474203288555 ] ] ] } },
{ "type": "Feature", "properties": { "building_id": 559 }, "geometry": { "type": "Polygon", "coordinates": [ [ [ 1528194.756612410303205, 5707796.012807914987206 ], [ 1528206.1805522183422, 5707813.744184791110456 ], [ 1528200.553050053073093, 5707818.031411254778504 ], [ 1528188.256135585252196, 5707801.416068968363106 ], [ 1528194.756612410303205, 5707796.012807914987206 ] ] ] } },
{ "type": "Feature", "properties": { "building_id": 516 }, "geometry": { "type": "Polygon", "coordinates": [ [ [ 1528318.2839437474031, 5707810.419828499667346 ], [ 1528316.457330333301798, 5707808.731663804501295 ], [ 1528312.238755142083392, 5707805.045989633537829 ], [ 1528312.818324795924127, 5707804.454474203288555 ], [ 1528317.888088994659483, 5707799.371660002507269 ], [ 1528324.075122762238607, 5707804.790654045529664 ], [ 1528318.2839437474031, 5707810.419828499667346 ] ] ] } },
{ "type": "Feature", "properties": { "building_id": 540 }, "geometry": { "type": "Polygon", "coordinates": [ [ [ 1528252.267924036132172, 5707809.342117172665894 ], [ 1528241.111096712993458, 5707816.2161297025159 ], [ 1528235.024423477938399, 5707806.250325893051922 ], [ 1528246.195269265212119, 5707799.390854367054999 ], [ 1528252.267924036132172, 5707809.342117172665894 ] ] ] } },
{ "type": "Feature", "properties": { "building_id": 560 }, "geometry": { "type": "Polygon", "coordinates": [ [ [ 1528188.228389808209613, 5707824.82958217151463 ], [ 1528178.16325810784474, 5707810.423754069954157 ], [ 1528177.561481073498726, 5707809.713338491506875 ], [ 1528185.785322137875482, 5707802.606829867698252 ], [ 1528197.098579604178667, 5707818.319751681759953 ], [ 1528196.622607507044449, 5707818.66975730098784 ], [ 1528188.228389808209613, 5707824.82958217151463 ] ] ] } },
{ "type": "Feature", "properties": { "building_id": 543 }, "geometry": { "type": "Polygon", "coordinates": [ [ [ 1528259.429916585562751, 5707820.726696110330522 ], [ 1528256.521186470752582, 5707816.246540635824203 ], [ 1528252.267924036132172, 5707809.342117172665894 ], [ 1528255.147277332609519, 5707807.557106512598693 ], [ 1528260.366652866126969, 5707803.835481592454016 ], [ 1528268.022033811081201, 5707814.670073045417666 ], [ 1528259.429916585562751, 5707820.726696110330522 ] ] ] } },
{ "type": "Feature", "properties": { "building_id": 518 }, "geometry": { "type": "Polygon", "coordinates": [ [ [ 1528308.807578466832638, 5707817.40644349809736 ], [ 1528313.270373151171952, 5707811.942103384062648 ], [ 1528315.596811272902414, 5707809.962349147535861 ], [ 1528317.691058082040399, 5707811.855007907375693 ], [ 1528324.490729179466143, 5707805.555313399061561 ], [ 1528324.693420321913436, 5707805.358292262069881 ], [ 1528331.410573984961957, 5707812.416244703345001 ], [ 1528331.719159070169553, 5707812.735812252387404 ], [ 1528319.572896135505289, 5707826.302305025048554 ], [ 1528319.20639910758473, 5707826.039028419181705 ], [ 1528311.819905381416902, 5707820.743990205228329 ], [ 1528308.517341675003991, 5707817.730800271965563 ], [ 1528308.807578466832638, 5707817.40644349809736 ] ] ] } },
{ "type": "Feature", "properties": { "building_id": 38 }, "geometry": { "type": "Polygon", "coordinates": [ [ [ 1528483.510803473414853, 5707826.588333229534328 ], [ 1528489.505423632450402, 5707811.665338950231671 ], [ 1528490.327096281107515, 5707811.993043011054397 ], [ 1528491.321446724003181, 5707809.505803700536489 ], [ 1528498.522431193385273, 5707813.009871904738247 ], [ 1528497.470899383304641, 5707816.411595694720745 ], [ 1528491.15790276392363, 5707829.827736758626997 ], [ 1528483.510803473414853, 5707826.588333229534328 ] ] ] } },
{ "type": "Feature", "properties": { "building_id": 1291 }, "geometry": { "type": "Polygon", "coordinates": [ [ [ 1528331.451808268669993, 5707843.225537271238863 ], [ 1528319.956522335996851, 5707830.899659764021635 ], [ 1528340.851714140037075, 5707807.660310911945999 ], [ 1528342.56356491218321, 5707807.587383542209864 ], [ 1528354.2000988998916, 5707816.382609180174768 ], [ 1528365.091250030323863, 5707825.437746187672019 ], [ 1528356.025812125299126, 5707839.811298633925617 ], [ 1528336.547859128564596, 5707827.444466806016862 ], [ 1528332.744322112062946, 5707833.591542094945908 ], [ 1528336.273321749642491, 5707835.807357386685908 ], [ 1528333.922318393597379, 5707840.246849545277655 ], [ 1528331.451808268669993, 5707843.225537271238863 ] ] ] } },
{ "type": "Feature", "properties": { "building_id": 539 }, "geometry": { "type": "Polygon", "coordinates": [ [ [ 1528256.521186470752582, 5707816.246540635824203 ], [ 1528245.391729160444811, 5707823.19251374900341 ], [ 1528241.111096712993458, 5707816.2161297025159 ], [ 1528252.267924036132172, 5707809.342117172665894 ], [ 1528256.521186470752582, 5707816.246540635824203 ] ] ] } },
{ "type": "Feature", "properties": { "building_id": 574 }, "geometry": { "type": "Polygon", "coordinates": [ [ [ 1528188.225453086430207, 5707825.015474262647331 ], [ 1528180.599943691166118, 5707831.244732698425651 ], [ 1528169.4960020435974, 5707817.623330255039036 ], [ 1528177.135985454311594, 5707811.380017971619964 ], [ 1528188.225453086430207, 5707825.015474262647331 ] ] ] } },
{ "type": "Feature", "properties": { "building_id": 531 }, "geometry": { "type": "Polygon", "coordinates": [ [ [ 1528294.404306081356481, 5707840.291209570132196 ], [ 1528283.899225876899436, 5707826.650846595875919 ], [ 1528292.731558792293072, 5707819.825652444735169 ], [ 1528292.661651817383245, 5707819.738723706454039 ], [ 1528300.281431819545105, 5707813.86686038505286 ], [ 1528310.2381935948506, 5707822.506731045432389 ], [ 1528294.404306081356481, 5707840.291209570132196 ] ] ] } },
{ "type": "Feature", "properties": { "building_id": 542 }, "geometry": { "type": "Polygon", "coordinates": [ [ [ 1528267.886797128012404, 5707830.458413941785693 ], [ 1528260.381630374118686, 5707820.040977303870022 ], [ 1528268.065467934589833, 5707814.627854469232261 ], [ 1528281.370233029127121, 5707833.333062110468745 ], [ 1528273.85741479229182, 5707838.74892567191273 ], [ 1528267.886797128012404, 5707830.458413941785693 ] ] ] } },
{ "type": "Feature", "properties": { "building_id": 538 }, "geometry": { "type": "Polygon", "coordinates": [ [ [ 1528245.017556909937412, 5707823.415413533337414 ], [ 1528256.881331663578749, 5707816.009114616550505 ], [ 1528266.489875027444214, 5707831.351603205315769 ], [ 1528254.201453729532659, 5707838.565238619223237 ], [ 1528245.017556909937412, 5707823.415413533337414 ] ] ] } },
{ "type": "Feature", "properties": { "building_id": 561 }, "geometry": { "type": "Polygon", "coordinates": [ [ [ 1528203.211420103907585, 5707826.626864235848188 ], [ 1528194.965390650555491, 5707833.332571115344763 ], [ 1528188.225453086430207, 5707825.015474262647331 ], [ 1528196.471931516658515, 5707818.281181007623672 ], [ 1528203.211420103907585, 5707826.626864235848188 ] ] ] } },
{ "type": "Feature", "properties": { "building_id": 552 }, "geometry": { "type": "Polygon", "coordinates": [ [ [ 1528238.568005553679541, 5707837.32982049882412 ], [ 1528236.835245957830921, 5707834.212826417759061 ], [ 1528234.876232351176441, 5707830.076723724603653 ], [ 1528233.509844150627032, 5707830.841666242107749 ], [ 1528230.069900849601254, 5707824.79402672406286 ], [ 1528238.269803472794592, 5707820.104279873892665 ], [ 1528245.701955080032349, 5707833.338264643214643 ], [ 1528238.568005553679541, 5707837.32982049882412 ] ] ] } },
{ "type": "Feature", "properties": { "building_id": 1289 }, "geometry": { "type": "Polygon", "coordinates": [ [ [ 1528397.70008680364117, 5707836.825879735872149 ], [ 1528380.913494972279295, 5707834.585493900813162 ], [ 1528382.525741286110133, 5707822.75391913484782 ], [ 1528400.01951243635267, 5707825.348799828439951 ], [ 1528397.70008680364117, 5707836.825879735872149 ] ] ] } },
{ "type": "Feature", "properties": { "building_id": 558 }, "geometry": { "type": "Polygon", "coordinates": [ [ [ 1528217.732511386973783, 5707828.788654684089124 ], [ 1528211.183981208596379, 5707830.915801968425512 ], [ 1528207.127387569053099, 5707826.002587540075183 ], [ 1528212.759408963378519, 5707821.429365408606827 ], [ 1528217.732511386973783, 5707828.788654684089124 ] ] ] } },
{ "type": "Feature", "properties": { "building_id": 1551 }, "geometry": { "type": "Polygon", "coordinates": [ [ [ 1528493.804454159457237, 5707856.373216002248228 ], [ 1528478.430182971758768, 5707854.970693057402968 ], [ 1528480.919762425823137, 5707841.736998912878335 ], [ 1528483.216089182998985, 5707831.718429901637137 ], [ 1528503.472240849863738, 5707839.949421239085495 ], [ 1528501.842500125057995, 5707843.856889604590833 ], [ 1528499.294212461682037, 5707842.729425533674657 ], [ 1528496.319771616719663, 5707850.548887581564486 ], [ 1528493.804454159457237, 5707856.373216002248228 ] ] ] } },
{ "type": "Feature", "properties": { "building_id": 37 }, "geometry": { "type": "Polygon", "coordinates": [ [ [ 1528491.570492319297045, 5707828.976104501634836 ], [ 1528497.500080170342699, 5707816.369149820879102 ], [ 1528497.62063524662517, 5707815.956276640295982 ], [ 1528504.687721903668717, 5707819.815792072564363 ], [ 1528506.070938036544248, 5707817.077265610918403 ], [ 1528506.188562606694177, 5707816.85028440784663 ], [ 1528508.932769606821239, 5707818.2096994118765 ], [ 1528508.829171982593834, 5707818.451206221245229 ], [ 1528506.744265877641737, 5707822.294232315383852 ], [ 1528509.630997555097565, 5707823.655909335240722 ], [ 1528503.753818581579253, 5707834.747595784254372 ], [ 1528503.546848053811118, 5707835.216310736723244 ], [ 1528491.334340437082574, 5707829.487264776602387 ], [ 1528491.570492319297045, 5707828.976104501634836 ] ] ] } },
{ "type": "Feature", "properties": { "building_id": 33 }, "geometry": { "type": "Polygon", "coordinates": [ [ [ 1528505.217804428422824, 5707797.039591242559254 ], [ 1528502.670726994518191, 5707804.880099693313241 ], [ 1528492.515923406928778, 5707801.558013305068016 ], [ 1528495.063008691417053, 5707793.717510767281055 ], [ 1528505.217804428422824, 5707797.039591242559254 ] ] ] } },
{ "type": "Feature", "properties": { "building_id": 1553 }, "geometry": { "type": "Polygon", "coordinates": [ [ [ 1528504.725030061556026, 5707866.286872058175504 ], [ 1528502.172002227278426, 5707865.459694804623723 ], [ 1528504.721577500458807, 5707857.461840072646737 ], [ 1528507.268668792210519, 5707849.621285541914403 ], [ 1528509.669175292830914, 5707842.035865503363311 ], [ 1528519.702682733302936, 5707847.630202666856349 ], [ 1528513.776366213569418, 5707861.839208331890404 ], [ 1528511.108841390581802, 5707868.276165231131017 ], [ 1528504.725030061556026, 5707866.286872058175504 ] ] ] } },
{ "type": "Feature", "properties": { "building_id": 36 }, "geometry": { "type": "Polygon", "coordinates": [ [ [ 1528502.868597499793395, 5707834.833670780993998 ], [ 1528508.792088038055226, 5707822.612784103490412 ], [ 1528509.423643898451701, 5707821.435657440684736 ], [ 1528516.181697111809626, 5707825.004203112795949 ], [ 1528509.346344900084659, 5707838.097416136413813 ], [ 1528502.868597499793395, 5707834.833670780993998 ] ] ] } },
{ "type": "Feature", "properties": { "building_id": 39 }, "geometry": { "type": "Polygon", "coordinates": [ [ [ 1528516.181697111809626, 5707825.004203112795949 ], [ 1528509.423643898451701, 5707821.435657440684736 ], [ 1528508.792088038055226, 5707822.612784103490412 ], [ 1528506.500572084216401, 5707821.475095859728754 ], [ 1528508.434165024431422, 5707818.187485281378031 ], [ 1528516.676206218777224, 5707801.769729795865715 ], [ 1528519.07041417947039, 5707802.723103855736554 ], [ 1528517.407041642582044, 5707811.478728355839849 ], [ 1528520.620447051012889, 5707812.917097873985767 ], [ 1528517.268821289297193, 5707822.961821638047695 ], [ 1528516.181697111809626, 5707825.004203112795949 ] ] ] } },
{ "type": "Feature", "properties": { "building_id": 34 }, "geometry": { "type": "Polygon", "coordinates": [ [ [ 1528517.450851017143577, 5707798.749795730225742 ], [ 1528515.109596480848268, 5707798.054714743979275 ], [ 1528515.230375869199634, 5707797.627542781643569 ], [ 1528514.251027290942147, 5707797.354551628232002 ], [ 1528514.688908974407241, 5707795.802478675730526 ], [ 1528512.590394418220967, 5707795.082642663270235 ], [ 1528513.880997428670526, 5707790.983874632045627 ], [ 1528515.24380357679911, 5707791.348767090588808 ], [ 1528516.204628500621766, 5707788.274578812532127 ], [ 1528518.418061178876087, 5707788.939024957828224 ], [ 1528520.985771872801706, 5707789.737817634828389 ], [ 1528524.993270342703909, 5707776.971678914502263 ], [ 1528535.235149591695517, 5707780.194980145432055 ], [ 1528534.830283644609153, 5707781.461516867391765 ], [ 1528544.701162978075445, 5707784.707529245875776 ], [ 1528544.0418422059156, 5707786.742388549260795 ], [ 1528553.815443606115878, 5707789.82951742503792 ], [ 1528546.189766404451802, 5707814.180902662687004 ], [ 1528536.430168260587379, 5707811.108282195404172 ], [ 1528535.694849911378697, 5707813.442303526215255 ], [ 1528533.396346898982301, 5707812.747904414311051 ], [ 1528531.529683577129617, 5707819.025901375338435 ], [ 1528530.055333160562441, 5707818.501908021979034 ], [ 1528528.067613869672641, 5707820.701638394035399 ], [ 1528528.686827080324292, 5707821.212066046893597 ], [ 1528528.512419210979715, 5707821.423843848519027 ], [ 1528536.846286581363529, 5707827.220032802782953 ], [ 1528532.691590830450878, 5707833.948045605793595 ], [ 1528523.96317446581088, 5707846.853917945176363 ], [ 1528513.779597929678857, 5707839.927025253884494 ], [ 1528522.901623349403962, 5707826.469600943848491 ], [ 1528518.049939258722588, 5707822.24476255197078 ], [ 1528522.058736993698403, 5707815.728995161131024 ], [ 1528523.013306204229593, 5707813.956268450245261 ], [ 1528527.849984498228878, 5707798.328357289545238 ], [ 1528518.530201483750716, 5707795.391426409594715 ], [ 1528517.450851017143577, 5707798.749795730225742 ] ] ] } },
{ "type": "Feature", "properties": { "building_id": 1554 }, "geometry": { "type": "Polygon", "coordinates": [ [ [ 1528517.54292633687146, 5707863.457999913953245 ], [ 1528514.165011308621615, 5707861.602222885936499 ], [ 1528519.687078156275675, 5707847.715773210860789 ], [ 1528533.715135514736176, 5707857.650079079903662 ], [ 1528532.171193656977266, 5707866.064381099306047 ], [ 1528530.136808690149337, 5707874.842789819464087 ], [ 1528530.038899692008272, 5707875.627905061468482 ], [ 1528528.713141766143963, 5707878.338758429512382 ], [ 1528521.663739511743188, 5707876.067157699726522 ], [ 1528522.177167903399095, 5707874.244511215016246 ], [ 1528519.129810588667169, 5707873.123434253036976 ], [ 1528521.18926630076021, 5707867.277552451938391 ], [ 1528516.779491183348, 5707864.86188902426511 ], [ 1528517.54292633687146, 5707863.457999913953245 ] ] ] } },
{ "type": "Feature", "properties": { "building_id": 52 }, "geometry": { "type": "Polygon", "coordinates": [ [ [ 1528523.948922134470195, 5707846.853691834025085 ], [ 1528529.028399140574038, 5707839.339376164600253 ], [ 1528532.416289856191725, 5707834.229738216847181 ], [ 1528532.78093569050543, 5707833.706312001682818 ], [ 1528535.705987991997972, 5707829.018423253670335 ], [ 1528547.156617105472833, 5707835.150109904818237 ], [ 1528546.239173979032785, 5707837.281007356010377 ], [ 1528547.666715579107404, 5707838.061710705980659 ], [ 1528547.446846910053864, 5707838.444404228590429 ], [ 1528549.299029169371352, 5707839.417782259173691 ], [ 1528547.78552370518446, 5707842.282982637174428 ], [ 1528540.248965173028409, 5707856.452152208425105 ], [ 1528530.855492713861167, 5707851.854895167052746 ], [ 1528523.948922134470195, 5707846.853691834025085 ] ] ] } },
{ "type": "Feature", "properties": { "building_id": 66 }, "geometry": { "type": "Polygon", "coordinates": [ [ [ 1528540.157592199975625, 5707856.822581634856761 ], [ 1528549.179320696042851, 5707838.872369190678 ], [ 1528567.209190908353776, 5707842.734094514511526 ], [ 1528564.191558341262862, 5707856.917742321267724 ], [ 1528562.498754897620529, 5707864.829081228002906 ], [ 1528551.10441309818998, 5707862.359865303151309 ], [ 1528540.157592199975625, 5707856.822581634856761 ] ], [ [ 1528553.655682621523738, 5707846.109181371517479 ], [ 1528550.392692518653348, 5707855.054026956669986 ], [ 1528554.134582394501194, 5707856.429258939810097 ], [ 1528557.383542285300791, 5707847.469885063357651 ], [ 1528553.655682621523738, 5707846.109181371517479 ] ] ] } },
{ "type": "Feature", "properties": { "building_id": 67 }, "geometry": { "type": "Polygon", "coordinates": [ [ [ 1528560.05552353290841, 5707868.795183766633272 ], [ 1528557.533995401114225, 5707879.539698340930045 ], [ 1528543.047039177734405, 5707876.106018742546439 ], [ 1528545.582835947396234, 5707865.361738691106439 ], [ 1528560.05552353290841, 5707868.795183766633272 ] ] ] } },
{ "type": "Feature", "properties": { "building_id": 53 }, "geometry": { "type": "Polygon", "coordinates": [ [ [ 1528567.810992256971076, 5707839.825825111009181 ], [ 1528567.209190908353776, 5707842.734094514511526 ], [ 1528549.179320696042851, 5707838.872369190678 ], [ 1528551.58158878935501, 5707827.553894214332104 ], [ 1528564.624873448861763, 5707830.321009809151292 ], [ 1528563.853003453463316, 5707834.070455435663462 ], [ 1528568.714002108434215, 5707834.991428561508656 ], [ 1528567.810992256971076, 5707839.825825111009181 ] ] ] } },
{ "type": "Feature", "properties": { "building_id": 73 }, "geometry": { "type": "Polygon", "coordinates": [ [ [ 1528550.992616600124165, 5707815.172475908882916 ], [ 1528551.966891229618341, 5707806.720576323568821 ], [ 1528558.606646140571684, 5707806.940315382555127 ], [ 1528559.12332103587687, 5707799.482370739802718 ], [ 1528569.62690236303024, 5707801.479737756773829 ], [ 1528569.533052979037166, 5707802.007458372972906 ], [ 1528568.953872451558709, 5707815.242811786010861 ], [ 1528558.357216366101056, 5707815.532439419068396 ], [ 1528550.992616600124165, 5707815.172475908882916 ] ] ] } },
{ "type": "Feature", "properties": { "building_id": 72 }, "geometry": { "type": "Polygon", "coordinates": [ [ [ 1528569.72959698876366, 5707801.29542815964669 ], [ 1528558.895735531346872, 5707799.450155139900744 ], [ 1528555.469278118573129, 5707798.866598812863231 ], [ 1528557.167817261302844, 5707788.78136498387903 ], [ 1528571.428345917025581, 5707791.195889296010137 ], [ 1528569.72959698876366, 5707801.29542815964669 ] ] ] } },
{ "type": "Feature", "properties": { "building_id": 71 }, "geometry": { "type": "Polygon", "coordinates": [ [ [ 1528557.167817261302844, 5707788.78136498387903 ], [ 1528558.959976851474494, 5707778.182722244411707 ], [ 1528566.438397736521438, 5707779.459869215264916 ], [ 1528567.145759347127751, 5707775.280335802584887 ], [ 1528573.927622483577579, 5707776.432005411013961 ], [ 1528571.428345917025581, 5707791.195889296010137 ], [ 1528557.167817261302844, 5707788.78136498387903 ] ] ] } },
{ "type": "Feature", "properties": { "building_id": 65 }, "geometry": { "type": "Polygon", "coordinates": [ [ [ 1528562.498754897620529, 5707864.829081228002906 ], [ 1528564.191558341262862, 5707856.917742321267724 ], [ 1528577.788704049773514, 5707859.822359417565167 ], [ 1528576.095686696004122, 5707867.748003109358251 ], [ 1528562.498754897620529, 5707864.829081228002906 ] ] ] } },
{ "type": "Feature", "properties": { "building_id": 64 }, "geometry": { "type": "Polygon", "coordinates": [ [ [ 1528577.788704049773514, 5707859.822359417565167 ], [ 1528564.191558341262862, 5707856.917742321267724 ], [ 1528567.209190908353776, 5707842.734094514511526 ], [ 1528567.810992256971076, 5707839.825825111009181 ], [ 1528575.017319936072454, 5707841.184476228430867 ], [ 1528579.209365450777113, 5707842.037623224779963 ], [ 1528578.331876835785806, 5707846.1572784492746 ], [ 1528581.472631398588419, 5707846.779207272455096 ], [ 1528580.320864120032638, 5707852.925544987432659 ], [ 1528578.42035959311761, 5707856.828739035874605 ], [ 1528577.788704049773514, 5707859.822359417565167 ] ] ] } },
{ "type": "Feature", "properties": { "building_id": 54 }, "geometry": { "type": "Polygon", "coordinates": [ [ [ 1528564.861079535447061, 5707830.710936914198101 ], [ 1528567.202369168866426, 5707817.83247669134289 ], [ 1528573.601646252442151, 5707817.933967059478164 ], [ 1528589.764417006168514, 5707818.147373738698661 ], [ 1528590.209154229611158, 5707837.878247569315135 ], [ 1528583.397896898677573, 5707837.684417627751827 ], [ 1528583.265571122756228, 5707837.939773249439895 ], [ 1528576.152928261319175, 5707836.968796118162572 ], [ 1528575.572484748670831, 5707841.236189699731767 ], [ 1528568.265489495592192, 5707839.933154473081231 ], [ 1528568.158847047016025, 5707838.558374501764774 ], [ 1528567.136059461161494, 5707838.327608006075025 ], [ 1528567.392425489379093, 5707835.628406426869333 ], [ 1528566.881369814276695, 5707835.491574048995972 ], [ 1528567.291465232148767, 5707831.178573043085635 ], [ 1528564.861079535447061, 5707830.710936914198101 ] ] ] } },
{ "type": "Feature", "properties": { "building_id": 68 }, "geometry": { "type": "Polygon", "coordinates": [ [ [ 1528573.636380498763174, 5707881.783214185386896 ], [ 1528565.859023820376024, 5707880.472711480222642 ], [ 1528567.993759205797687, 5707870.751878918148577 ], [ 1528575.915042642969638, 5707872.879935283213854 ], [ 1528573.636380498763174, 5707881.783214185386896 ] ] ] } },
{ "type": "Feature", "properties": { "building_id": 77 }, "geometry": { "type": "Polygon", "coordinates": [ [ [ 1528580.864848108030856, 5707803.91782724391669 ], [ 1528583.345999682787806, 5707782.159503828734159 ], [ 1528588.570772657869384, 5707783.515317137353122 ], [ 1528585.002120453398675, 5707804.627069862559438 ], [ 1528580.864848108030856, 5707803.91782724391669 ] ] ] } },
{ "type": "Feature", "properties": { "building_id": 61 }, "geometry": { "type": "Polygon", "coordinates": [ [ [ 1528591.706253189127892, 5707856.867791395634413 ], [ 1528589.994405366014689, 5707870.514357149600983 ], [ 1528583.619254779303446, 5707869.783926158212125 ], [ 1528585.903969731414691, 5707856.875901996158063 ], [ 1528591.706253189127892, 5707856.867791395634413 ] ] ] } },
{ "type": "Feature", "properties": { "building_id": 76 }, "geometry": { "type": "Polygon", "coordinates": [ [ [ 1528585.002120453398675, 5707804.627069862559438 ], [ 1528588.570772657869384, 5707783.515317137353122 ], [ 1528595.072617247467861, 5707785.248951001092792 ], [ 1528592.044153193244711, 5707805.554007915779948 ], [ 1528585.002120453398675, 5707804.627069862559438 ] ] ] } },
{ "type": "Feature", "properties": { "building_id": 62 }, "geometry": { "type": "Polygon", "coordinates": [ [ [ 1528599.341124329483137, 5707839.16729327198118 ], [ 1528599.04692965070717, 5707854.223706670105457 ], [ 1528586.762308274162933, 5707853.971694910898805 ], [ 1528587.0562983029522, 5707838.929582086391747 ], [ 1528599.341124329483137, 5707839.16729327198118 ] ] ] } },
{ "type": "Feature", "properties": { "building_id": 55 }, "geometry": { "type": "Polygon", "coordinates": [ [ [ 1528602.296039023203775, 5707831.676465976983309 ], [ 1528600.870807928731665, 5707831.653867254033685 ], [ 1528601.092622685013339, 5707836.57761584315449 ], [ 1528591.081126967910677, 5707835.918260422535241 ], [ 1528590.775367525173351, 5707817.319529442116618 ], [ 1528602.36253982083872, 5707818.404351289384067 ], [ 1528602.296039023203775, 5707831.676465976983309 ] ] ] } },
{ "type": "Feature", "properties": { "building_id": 79 }, "geometry": { "type": "Polygon", "coordinates": [ [ [ 1528592.553527832264081, 5707807.607407686300576 ], [ 1528592.91968468320556, 5707806.082797683775425 ], [ 1528591.925629905657843, 5707805.83818753156811 ], [ 1528593.476754182484001, 5707794.248793094418943 ], [ 1528595.678419850999489, 5707794.755701573565602 ], [ 1528598.711932889418676, 5707782.274439548142254 ], [ 1528598.996076557785273, 5707782.336156710051 ], [ 1528601.718284242087975, 5707769.706945711746812 ], [ 1528608.349355192855, 5707772.286487329751253 ], [ 1528608.531417999882251, 5707771.588531900197268 ], [ 1528617.642217214684933, 5707775.12276949826628 ], [ 1528614.035166498739272, 5707789.625950327143073 ], [ 1528612.71443742304109, 5707789.304648973979056 ], [ 1528607.311637683073059, 5707811.016674048267305 ], [ 1528592.553527832264081, 5707807.607407686300576 ] ] ] } },
{ "type": "Feature", "properties": { "building_id": 58 }, "geometry": { "type": "Polygon", "coordinates": [ [ [ 1528606.272419083863497, 5707854.366880812682211 ], [ 1528599.04692965070717, 5707854.223706670105457 ], [ 1528599.341124329483137, 5707839.16729327198118 ], [ 1528606.566601636586711, 5707839.31046674773097 ], [ 1528606.345458069816232, 5707850.634948711842299 ], [ 1528606.272419083863497, 5707854.366880812682211 ] ] ] } },
{ "type": "Feature", "properties": { "building_id": 60 }, "geometry": { "type": "Polygon", "coordinates": [ [ [ 1528599.229714160319418, 5707860.720183067955077 ], [ 1528599.376310355728492, 5707854.128808280453086 ], [ 1528612.026989060686901, 5707854.672667113132775 ], [ 1528611.928087381180376, 5707857.331463169306517 ], [ 1528605.943450946360826, 5707857.150756158865988 ], [ 1528605.359804444946349, 5707860.717261423356831 ], [ 1528599.229714160319418, 5707860.720183067955077 ] ] ] } },
{ "type": "Feature", "properties": { "building_id": 56 }, "geometry": { "type": "Polygon", "coordinates": [ [ [ 1528618.885440772166476, 5707831.052708129398525 ], [ 1528609.711745481472462, 5707831.507987200282514 ], [ 1528609.827654815744609, 5707835.915148270316422 ], [ 1528606.605504775419831, 5707835.935574656352401 ], [ 1528601.060677428962663, 5707835.890565228648484 ], [ 1528600.870807928731665, 5707831.653867254033685 ], [ 1528602.296039023203775, 5707831.676465976983309 ], [ 1528602.353530188556761, 5707818.976327386684716 ], [ 1528617.817555235233158, 5707820.108297163620591 ], [ 1528618.885440772166476, 5707831.052708129398525 ] ] ] } },
{ "type": "Feature", "properties": { "building_id": 57 }, "geometry": { "type": "Polygon", "coordinates": [ [ [ 1528606.140970091335475, 5707850.946372960694134 ], [ 1528606.45751344691962, 5707835.375411127693951 ], [ 1528606.10210646269843, 5707835.312563912943006 ], [ 1528608.951968079432845, 5707829.965520441532135 ], [ 1528609.498562928289175, 5707836.896837562322617 ], [ 1528622.930103948572651, 5707836.737910497933626 ], [ 1528622.920931769534945, 5707850.897748678922653 ], [ 1528606.140970091335475, 5707850.946372960694134 ] ] ] } },
{ "type": "Feature", "properties": { "building_id": 74 }, "geometry": { "type": "Polygon", "coordinates": [ [ [ 1528607.331520773703232, 5707810.659415268339217 ], [ 1528608.960057410411537, 5707803.204790772870183 ], [ 1528613.619936079252511, 5707804.222668066620827 ], [ 1528623.594400368165225, 5707806.32600702252239 ], [ 1528622.007956478977576, 5707813.824213000945747 ], [ 1528607.331520773703232, 5707810.659415268339217 ] ] ] } },
{ "type": "Feature", "properties": { "building_id": 59 }, "geometry": { "type": "Polygon", "coordinates": [ [ [ 1528611.966095984680578, 5707870.304928031750023 ], [ 1528612.228765115840361, 5707860.869080814532936 ], [ 1528619.268303969874978, 5707861.052205376327038 ], [ 1528619.454039042117074, 5707854.690299031324685 ], [ 1528623.401263972977176, 5707854.795787398703396 ], [ 1528622.966676068725064, 5707870.622366889379919 ], [ 1528611.966095984680578, 5707870.304928031750023 ] ] ] } },
{ "type": "Feature", "properties": { "building_id": 81 }, "geometry": { "type": "Polygon", "coordinates": [ [ [ 1528627.794000334339216, 5707821.181852049194276 ], [ 1528625.367184672504663, 5707816.866789534687996 ], [ 1528628.666734494501725, 5707817.362490401603281 ], [ 1528628.18264071084559, 5707820.944862622767687 ], [ 1528634.743040593108162, 5707821.678194414824247 ], [ 1528635.058196416823193, 5707818.865504051558673 ], [ 1528639.5124084984418, 5707819.365202123299241 ], [ 1528639.331313628936186, 5707820.907052850350738 ], [ 1528640.740039112744853, 5707821.072413523681462 ], [ 1528641.087525660172105, 5707818.017085093073547 ], [ 1528646.750930845504627, 5707818.678976947441697 ], [ 1528652.91294204746373, 5707819.363071334548295 ], [ 1528649.8526893008966, 5707842.599837718531489 ], [ 1528644.674073142232373, 5707841.931327658705413 ], [ 1528629.551547010429204, 5707839.932332126423717 ], [ 1528631.165944002568722, 5707827.943406715989113 ], [ 1528627.131188293220475, 5707821.62903962098062 ], [ 1528627.794000334339216, 5707821.181852049194276 ] ] ] } },
{ "type": "Feature", "properties": { "building_id": 1585 }, "geometry": { "type": "Polygon", "coordinates": [ [ [ 1528645.391106070717797, 5707874.253252708353102 ], [ 1528647.381695171585307, 5707868.248915821313858 ], [ 1528659.147828116314486, 5707871.553480223752558 ], [ 1528658.061923353234306, 5707874.425486912950873 ], [ 1528660.390150646911934, 5707875.949907405301929 ], [ 1528658.631816974375397, 5707880.785081533715129 ], [ 1528645.391106070717797, 5707874.253252708353102 ] ] ] } },
{ "type": "Feature", "properties": { "building_id": 1586 }, "geometry": { "type": "Polygon", "coordinates": [ [ [ 1528651.040057385573164, 5707859.539137186482549 ], [ 1528662.579943726072088, 5707862.72568335197866 ], [ 1528662.879850657889619, 5707861.786435851827264 ], [ 1528665.989635718986392, 5707862.565178559161723 ], [ 1528672.645852845162153, 5707864.458551075309515 ], [ 1528669.611824966967106, 5707875.166363777592778 ], [ 1528662.955600598128513, 5707873.272986633703113 ], [ 1528662.367111341329291, 5707875.337603432126343 ], [ 1528659.777612815145403, 5707874.109406784176826 ], [ 1528660.408409413415939, 5707872.074067110195756 ], [ 1528659.79983504046686, 5707871.7926632957533 ], [ 1528659.160279270960018, 5707871.668102035298944 ], [ 1528658.813111399766058, 5707872.892662553116679 ], [ 1528658.005679183639586, 5707872.565197550691664 ], [ 1528657.6975981767755, 5707873.118133816868067 ], [ 1528654.009700003312901, 5707871.028645755723119 ], [ 1528648.062881784280762, 5707868.445653037168086 ], [ 1528651.040057385573164, 5707859.539137186482549 ] ] ] } },
{ "type": "Feature", "properties": { "building_id": 85 }, "geometry": { "type": "Polygon", "coordinates": [ [ [ 1528652.559320223284885, 5707855.401035101152956 ], [ 1528655.609798855381086, 5707834.595589410513639 ], [ 1528669.177468560403213, 5707836.65571534819901 ], [ 1528666.822086848318577, 5707846.816431932151318 ], [ 1528664.942273961845785, 5707857.556818095967174 ], [ 1528652.559320223284885, 5707855.401035101152956 ] ] ] } },
{ "type": "Feature", "properties": { "building_id": 87 }, "geometry": { "type": "Polygon", "coordinates": [ [ [ 1528657.049147244542837, 5707823.762433339841664 ], [ 1528671.146387555403635, 5707825.687917607836425 ], [ 1528671.029736548895016, 5707826.758792813867331 ], [ 1528670.820592568954453, 5707828.27159493137151 ], [ 1528669.177468560403213, 5707836.65571534819901 ], [ 1528655.609798855381086, 5707834.595589410513639 ], [ 1528657.049147244542837, 5707823.762433339841664 ] ] ] } },
{ "type": "Feature", "properties": { "building_id": 83 }, "geometry": { "type": "Polygon", "coordinates": [ [ [ 1528670.251625875709578, 5707828.191062756814063 ], [ 1528670.591673326911405, 5707825.607611354440451 ], [ 1528656.906624233117327, 5707823.760174357332289 ], [ 1528657.913514970801771, 5707814.135928804986179 ], [ 1528666.049837792990729, 5707815.280395077541471 ], [ 1528666.1301047897432, 5707814.709548503160477 ], [ 1528669.814017817610875, 5707815.239931660704315 ], [ 1528669.733751049498096, 5707815.810778306797147 ], [ 1528672.066623889608309, 5707816.133809925988317 ], [ 1528671.955601377179846, 5707816.847198932431638 ], [ 1528673.904338085325435, 5707817.121233297511935 ], [ 1528675.157100426498801, 5707807.272042167373002 ], [ 1528685.61345980502665, 5707809.554584848694503 ], [ 1528683.519935098011047, 5707826.627764673903584 ], [ 1528683.235339182661846, 5707826.594648716971278 ], [ 1528682.694552651140839, 5707831.062914695590734 ], [ 1528681.470879687229171, 5707830.91479604318738 ], [ 1528681.624658572953194, 5707830.202083375304937 ], [ 1528670.251625875709578, 5707828.191062756814063 ] ] ] } },
{ "type": "Feature", "properties": { "building_id": 680 }, "geometry": { "type": "Polygon", "coordinates": [ [ [ 1528669.798975853715092, 5707875.955998378805816 ], [ 1528661.871225947747007, 5707872.426222460344434 ], [ 1528659.745077048894018, 5707871.648764817975461 ], [ 1528663.025144183542579, 5707862.518193840049207 ], [ 1528674.098762991372496, 5707865.43988121021539 ], [ 1528669.798975853715092, 5707875.955998378805816 ] ] ] } },
{ "type": "Feature", "properties": { "building_id": 2122 }, "geometry": { "type": "Polygon", "coordinates": [ [ [ 1528675.924225321039557, 5707859.962139312177896 ], [ 1528664.373530615353957, 5707857.461985791102052 ], [ 1528666.180056206183508, 5707846.849165499210358 ], [ 1528677.946774179348722, 5707849.209706978872418 ], [ 1528675.924225321039557, 5707859.962139312177896 ] ] ] } },
{ "type": "Feature", "properties": { "building_id": 84 }, "geometry": { "type": "Polygon", "coordinates": [ [ [ 1528678.228444212349132, 5707849.428716112859547 ], [ 1528666.151776670012623, 5707846.834414278157055 ], [ 1528667.934540134621784, 5707833.20329668931663 ], [ 1528668.731581816216931, 5707827.852306516841054 ], [ 1528681.458133126143366, 5707829.913384574465454 ], [ 1528681.370213029906154, 5707830.970412727445364 ], [ 1528678.228444212349132, 5707849.428716112859547 ] ] ] } },
{ "type": "Feature", "properties": { "building_id": 694 }, "geometry": { "type": "Polygon", "coordinates": [ [ [ 1528738.205218280665576, 5707825.734925401397049 ], [ 1528780.996657545212656, 5707840.52973245549947 ], [ 1528776.891314316773787, 5707855.911981294862926 ], [ 1528749.649867732310668, 5707847.65677448362112 ], [ 1528744.231228400487453, 5707865.86452447809279 ], [ 1528730.894984144484624, 5707861.777140269987285 ], [ 1528732.702933148480952, 5707855.598262920044363 ], [ 1528730.290159465977922, 5707854.916404226794839 ], [ 1528738.205218280665576, 5707825.734925401397049 ] ] ] } },
{ "type": "Feature", "properties": { "building_id": 2149 }, "geometry": { "type": "Polygon", "coordinates": [ [ [ 1528790.945499122142792, 5707868.735520687885582 ], [ 1528786.198704014532268, 5707880.488986629061401 ], [ 1528776.220503501361236, 5707875.897019916214049 ], [ 1528779.937763950088993, 5707864.341807103715837 ], [ 1528790.945499122142792, 5707868.735520687885582 ] ] ] } },
{ "type": "Feature", "properties": { "building_id": 692 }, "geometry": { "type": "Polygon", "coordinates": [ [ [ 1528792.613008922431618, 5707866.04434581566602 ], [ 1528791.585281599778682, 5707868.845772977918386 ], [ 1528779.749558636220172, 5707864.524766248650849 ], [ 1528782.677466676570475, 5707855.116823988966644 ], [ 1528796.323372449725866, 5707858.551091165281832 ], [ 1528796.220006969524547, 5707858.778303035534918 ], [ 1528801.780474605271593, 5707861.455197905190289 ], [ 1528800.649610169930384, 5707864.469537328928709 ], [ 1528800.111168985255063, 5707864.260769058018923 ], [ 1528797.947016367223114, 5707868.617537914775312 ], [ 1528792.613008922431618, 5707866.04434581566602 ] ] ] } },
{ "type": "Feature", "properties": { "building_id": 693 }, "geometry": { "type": "Polygon", "coordinates": [ [ [ 1528781.571181780425832, 5707854.756032177247107 ], [ 1528784.723329371074215, 5707838.343175357207656 ], [ 1528802.137779231183231, 5707845.083887657150626 ], [ 1528796.544293986400589, 5707859.913377924822271 ], [ 1528781.571181780425832, 5707854.756032177247107 ] ] ] } },
{ "type": "Feature", "properties": { "building_id": 632 }, "geometry": { "type": "Polygon", "coordinates": [ [ [ 1528790.625162082724273, 5707886.380432937294245 ], [ 1528785.047055841889232, 5707883.917790541425347 ], [ 1528786.235162591794506, 5707880.890049986541271 ], [ 1528791.08389293635264, 5707868.094074782915413 ], [ 1528791.795899784890935, 5707866.331771065481007 ], [ 1528797.780568136135116, 5707869.229933637194335 ], [ 1528796.351525925565511, 5707872.168038407340646 ], [ 1528794.569221636978909, 5707871.281633093953133 ], [ 1528793.376988868927583, 5707873.665668433532119 ], [ 1528795.54118384164758, 5707874.744061077013612 ], [ 1528793.951089841546491, 5707877.951375368051231 ], [ 1528803.17347486782819, 5707882.559962129220366 ], [ 1528799.197566121350974, 5707890.621158415451646 ], [ 1528790.625162082724273, 5707886.380432937294245 ] ] ] } },
{ "type": "Feature", "properties": { "building_id": 633 }, "geometry": { "type": "Polygon", "coordinates": [ [ [ 1528803.17347486782819, 5707882.559962129220366 ], [ 1528793.951089841546491, 5707877.951375368051231 ], [ 1528795.54118384164758, 5707874.744061077013612 ], [ 1528793.376988868927583, 5707873.665668433532119 ], [ 1528794.569221636978909, 5707871.281633093953133 ], [ 1528796.351525925565511, 5707872.168038407340646 ], [ 1528797.780568136135116, 5707869.229933637194335 ], [ 1528800.299148957012221, 5707864.092108966782689 ], [ 1528809.960198209155351, 5707868.907870129682124 ], [ 1528803.17347486782819, 5707882.559962129220366 ] ] ] } },
{ "type": "Feature", "properties": { "building_id": 20 }, "geometry": { "type": "Polygon", "coordinates": [ [ [ 1528424.290985969593748, 5707725.413588427007198 ], [ 1528424.546803422970697, 5707724.559480229392648 ], [ 1528425.114363547880203, 5707723.824743875302374 ], [ 1528425.236273746006191, 5707723.326080486178398 ], [ 1528426.577736034523696, 5707717.812186426483095 ], [ 1528428.698373266728595, 5707708.992415047250688 ], [ 1528429.791951854946092, 5707709.252923578955233 ], [ 1528430.585605139378458, 5707705.932971092872322 ], [ 1528431.151404585456476, 5707706.21370635740459 ], [ 1528436.16165099828504, 5707707.609100500121713 ], [ 1528442.818829828873277, 5707709.431113696657121 ], [ 1528443.159076524665579, 5707709.550937106832862 ], [ 1528446.858358004363254, 5707710.911212882958353 ], [ 1528447.283441032748669, 5707711.075291206128895 ], [ 1528450.373039583675563, 5707712.225648762658238 ], [ 1528447.506981283659115, 5707720.404272169806063 ], [ 1528446.090111598372459, 5707719.852577401325107 ], [ 1528442.801038749050349, 5707728.639513214118779 ], [ 1528436.918873066781089, 5707726.486531237140298 ], [ 1528437.022922515170649, 5707726.216429244726896 ], [ 1528433.250346091575921, 5707724.983708956278861 ], [ 1528432.011718598892912, 5707728.496844342909753 ], [ 1528424.290985969593748, 5707725.413588427007198 ] ] ] } },
{ "type": "Feature", "properties": { "building_id": 19 }, "geometry": { "type": "Polygon", "coordinates": [ [ [ 1528441.301365977851674, 5707732.43456426076591 ], [ 1528446.125831372803077, 5707719.395454252138734 ], [ 1528444.085250812815502, 5707718.61931652482599 ], [ 1528446.560867539141327, 5707710.792068279348314 ], [ 1528475.387122820364311, 5707721.561919404193759 ], [ 1528468.530119169037789, 5707739.646300123073161 ], [ 1528455.671682401094586, 5707734.207373945042491 ], [ 1528453.98037548456341, 5707737.498788168653846 ], [ 1528449.019630400696769, 5707735.675099901854992 ], [ 1528441.301365977851674, 5707732.43456426076591 ] ] ] } },
{ "type": "Feature", "properties": { "building_id": 509 }, "geometry": { "type": "Polygon", "coordinates": [ [ [ 1528399.370438476558775, 5707717.380211350508034 ], [ 1528391.929460786283016, 5707741.748504699207842 ], [ 1528389.509977656649426, 5707741.49554121401161 ], [ 1528382.464860304491594, 5707740.76864039991051 ], [ 1528376.985225169220939, 5707740.20962452981621 ], [ 1528376.276113324100152, 5707721.905036766082048 ], [ 1528381.138529556570575, 5707720.923848289065063 ], [ 1528384.081726131029427, 5707721.413975399918854 ], [ 1528384.608095336938277, 5707715.157701428048313 ], [ 1528399.370438476558775, 5707717.380211350508034 ] ] ] } },
{ "type": "Feature", "properties": { "building_id": 21 }, "geometry": { "type": "Polygon", "coordinates": [ [ [ 1528466.555898861261085, 5707744.606662660837173 ], [ 1528468.447537077125162, 5707739.459052433259785 ], [ 1528474.984907042002305, 5707721.755775644443929 ], [ 1528483.028894961811602, 5707724.229094717651606 ], [ 1528482.460488, 5707725.922110711224377 ], [ 1528503.417356852209195, 5707732.190334000624716 ], [ 1528496.39441779255867, 5707755.378248986788094 ], [ 1528485.446284346282482, 5707751.743224017322063 ], [ 1528466.555898861261085, 5707744.606662660837173 ] ] ] } },
{ "type": "Feature", "properties": { "building_id": 15 }, "geometry": { "type": "Polygon", "coordinates": [ [ [ 1528416.98064476181753, 5707746.02234570030123 ], [ 1528417.310656268382445, 5707744.983476578257978 ], [ 1528418.777959212660789, 5707740.529979235492647 ], [ 1528421.568009483627975, 5707731.749420952051878 ], [ 1528422.134712351718917, 5707731.972960585728288 ], [ 1528422.884079740848392, 5707729.653495579957962 ], [ 1528424.172684016171843, 5707725.68346397485584 ], [ 1528424.352279384853318, 5707725.142807824537158 ], [ 1528424.636826606700197, 5707724.274852937087417 ], [ 1528432.070440939627588, 5707726.58119740895927 ], [ 1528432.891065957490355, 5707724.262864165939391 ], [ 1528437.117455317871645, 5707725.645816827192903 ], [ 1528437.769896511919796, 5707725.856413538567722 ], [ 1528437.651369456201792, 5707726.140588533133268 ], [ 1528439.167779045645148, 5707726.70816798042506 ], [ 1528442.994659709976986, 5707728.113381979987025 ], [ 1528441.62280542566441, 5707731.939067497849464 ], [ 1528441.99110625917092, 5707732.087942257523537 ], [ 1528440.647801203420386, 5707736.815161644481122 ], [ 1528440.54307525116019, 5707737.128161790780723 ], [ 1528440.243600494693965, 5707738.03878999594599 ], [ 1528440.033246541628614, 5707738.721987448632717 ], [ 1528446.869864667067304, 5707740.918726443313062 ], [ 1528448.655039050150663, 5707741.619297078810632 ], [ 1528450.463081057183444, 5707742.67780171893537 ], [ 1528450.675059655215591, 5707742.795589282177389 ], [ 1528454.72845274512656, 5707745.205596132203937 ], [ 1528454.770758298691362, 5707745.234873344190419 ], [ 1528455.476827940670773, 5707745.660863306373358 ], [ 1528453.763327666092664, 5707748.55144924018532 ], [ 1528456.099603972164914, 5707749.561126549728215 ], [ 1528452.623756764223799, 5707755.727704013697803 ], [ 1528447.454179902561009, 5707753.586033288389444 ], [ 1528447.027967439731583, 5707753.493450628593564 ], [ 1528434.330944426124915, 5707750.474231474101543 ], [ 1528431.748549839714542, 5707749.703789887018502 ], [ 1528429.279722047969699, 5707748.963756264187396 ], [ 1528416.98064476181753, 5707746.02234570030123 ] ] ] } },
{ "type": "Feature", "properties": { "building_id": 18 }, "geometry": { "type": "Polygon", "coordinates": [ [ [ 1528464.172292742878199, 5707751.119542301632464 ], [ 1528456.233367682667449, 5707746.502437230199575 ], [ 1528459.434263628674671, 5707738.786793001927435 ], [ 1528454.104313539108261, 5707736.871430216357112 ], [ 1528455.338424204383045, 5707733.644273582845926 ], [ 1528468.634393279440701, 5707739.361898085102439 ], [ 1528466.895019950345159, 5707744.79798205383122 ], [ 1528464.172292742878199, 5707751.119542301632464 ] ] ] } },
{ "type": "Feature", "properties": { "building_id": 522 }, "geometry": { "type": "Polygon", "coordinates": [ [ [ 1528307.565087714930996, 5707734.458450384438038 ], [ 1528318.823159419698641, 5707759.095214360393584 ], [ 1528271.753223042236641, 5707780.602557494305074 ], [ 1528260.5918876263313, 5707757.068534173071384 ], [ 1528260.164294552290812, 5707756.16065667103976 ], [ 1528266.140160001115873, 5707753.28063996322453 ], [ 1528266.58200572268106, 5707754.188743418082595 ], [ 1528272.371009334456176, 5707751.40587330237031 ], [ 1528271.929163154680282, 5707750.497770411893725 ], [ 1528277.474069969728589, 5707747.825441565364599 ], [ 1528277.915916587924585, 5707748.733543918468058 ], [ 1528289.723972446750849, 5707743.042719455435872 ], [ 1528289.296377048129216, 5707742.134844726882875 ], [ 1528294.956193740013987, 5707739.407122125849128 ], [ 1528295.383789590327069, 5707740.314996314235032 ], [ 1528301.187027664389461, 5707737.532337943091989 ], [ 1528300.759657068643719, 5707736.610165048390627 ], [ 1528307.123238752130419, 5707733.550350902602077 ], [ 1528307.565087714930996, 5707734.458450384438038 ] ] ] } },
{ "type": "Feature", "properties": { "building_id": 2084 }, "geometry": { "type": "Polygon", "coordinates": [ [ [ 1528375.362080484163016, 5707750.925293266773224 ], [ 1528375.734058365458623, 5707747.226759103126824 ], [ 1528376.105201162397861, 5707739.966803005896509 ], [ 1528390.315316861262545, 5707741.050638600252569 ], [ 1528388.30426182365045, 5707752.861471646465361 ], [ 1528375.362080484163016, 5707750.925293266773224 ] ] ] } },
{ "type": "Feature", "properties": { "building_id": 508 }, "geometry": { "type": "Polygon", "coordinates": [ [ [ 1528374.933623467339203, 5707756.396488323807716 ], [ 1528375.310525585198775, 5707751.482286316342652 ], [ 1528375.412732978351414, 5707750.425497381016612 ], [ 1528388.397670132806525, 5707752.362354545854032 ], [ 1528387.299183392664418, 5707758.738295175135136 ], [ 1528374.933623467339203, 5707756.396488323807716 ] ] ] } },
{ "type": "Feature", "properties": { "building_id": 24 }, "geometry": { "type": "Polygon", "coordinates": [ [ [ 1528496.600794639438391, 5707760.373228019103408 ], [ 1528492.85831804969348, 5707771.698942969553173 ], [ 1528470.450973474886268, 5707764.292022002860904 ], [ 1528474.053207627497613, 5707752.821071363985538 ], [ 1528496.600794639438391, 5707760.373228019103408 ] ] ] } },
{ "type": "Feature", "properties": { "building_id": 510 }, "geometry": { "type": "Polygon", "coordinates": [ [ [ 1528373.99502977123484, 5707767.09444194752723 ], [ 1528368.875293840188533, 5707766.312288986518979 ], [ 1528369.035928338533267, 5707756.131187525577843 ], [ 1528370.895479867467657, 5707755.731634823605418 ], [ 1528375.734452741919085, 5707756.237572165206075 ], [ 1528386.678403572877869, 5707758.327956483699381 ], [ 1528385.233286371221766, 5707768.603085905313492 ], [ 1528373.99502977123484, 5707767.09444194752723 ] ] ] } },
{ "type": "Feature", "properties": { "building_id": 514 }, "geometry": { "type": "Polygon", "coordinates": [ [ [ 1528328.676659483695403, 5707766.145750330761075 ], [ 1528343.197703887708485, 5707757.465733581222594 ], [ 1528350.480969382217154, 5707772.914123305119574 ], [ 1528335.580025966512039, 5707780.372384030371904 ], [ 1528328.676659483695403, 5707766.145750330761075 ] ] ] } },
{ "type": "Feature", "properties": { "building_id": 524 }, "geometry": { "type": "Polygon", "coordinates": [ [ [ 1528253.399516082601622, 5707771.986548651941121 ], [ 1528249.454925111262128, 5707775.327938590198755 ], [ 1528252.854761966038495, 5707779.401097889989614 ], [ 1528246.83052590303123, 5707784.440085783600807 ], [ 1528240.607971370220184, 5707776.760625875554979 ], [ 1528234.792166915023699, 5707768.601335941813886 ], [ 1528250.659702197415754, 5707756.810542747378349 ], [ 1528258.866577538894489, 5707767.925606854259968 ], [ 1528253.399516082601622, 5707771.986548651941121 ] ] ] } },
{ "type": "Feature", "properties": { "building_id": 48 }, "geometry": { "type": "Polygon", "coordinates": [ [ [ 1528438.890342985047027, 5707765.0926364492625 ], [ 1528436.82806349103339, 5707773.827574101276696 ], [ 1528433.771279934328049, 5707773.307052599266171 ], [ 1528426.04017887217924, 5707771.782634234987199 ], [ 1528418.75044780713506, 5707770.293822684325278 ], [ 1528410.267143037403002, 5707768.557208122685552 ], [ 1528412.943193249637261, 5707759.774815208278596 ], [ 1528421.312698293011636, 5707761.495315928943455 ], [ 1528428.730241390410811, 5707763.014758785255253 ], [ 1528436.446181198116392, 5707764.596144205890596 ], [ 1528438.890342985047027, 5707765.0926364492625 ] ] ] } },
{ "type": "Feature", "properties": { "building_id": 44 }, "geometry": { "type": "Polygon", "coordinates": [ [ [ 1528449.995903291739523, 5707781.345384968444705 ], [ 1528450.611220052465796, 5707776.678100008517504 ], [ 1528451.963151273783296, 5707776.828285345807672 ], [ 1528453.814244942041114, 5707766.116190078668296 ], [ 1528455.591034958139062, 5707766.444753016345203 ], [ 1528457.953006570460275, 5707761.30459788441658 ], [ 1528466.97095736162737, 5707764.394122453406453 ], [ 1528466.378244092222303, 5707768.532553818076849 ], [ 1528464.337618304882199, 5707784.033123015426099 ], [ 1528453.241849816869944, 5707782.526838043704629 ], [ 1528453.33998986473307, 5707781.727432498708367 ], [ 1528449.995903291739523, 5707781.345384968444705 ] ] ] } },
{ "type": "Feature", "properties": { "building_id": 25 }, "geometry": { "type": "Polygon", "coordinates": [ [ [ 1528482.695139855379239, 5707771.62348225992173 ], [ 1528478.96829547942616, 5707783.764719905331731 ], [ 1528473.988983978284523, 5707782.212496973574162 ], [ 1528474.72769726999104, 5707779.663999006152153 ], [ 1528469.519451495725662, 5707778.165352649055421 ], [ 1528469.164498719852418, 5707778.073901751078665 ], [ 1528472.062393615953624, 5707768.780098482966423 ], [ 1528471.479180465918034, 5707768.699328030459583 ], [ 1528470.876059469068423, 5707764.456100216135383 ], [ 1528473.031121298670769, 5707765.205446836538613 ], [ 1528481.56811337522231, 5707768.058478569611907 ], [ 1528480.920602060854435, 5707771.151931297965348 ], [ 1528482.695139855379239, 5707771.62348225992173 ] ] ] } },
{ "type": "Feature", "properties": { "building_id": 46 }, "geometry": { "type": "Polygon", "coordinates": [ [ [ 1528437.841471002670005, 5707794.539985773153603 ], [ 1528443.259510943666101, 5707775.502987858839333 ], [ 1528436.814262285362929, 5707773.798749203793705 ], [ 1528438.875639790203422, 5707765.121008822694421 ], [ 1528450.223592647351325, 5707766.001984550617635 ], [ 1528449.452459575142711, 5707776.030378967523575 ], [ 1528455.807416694471613, 5707777.132453579455614 ], [ 1528454.56708131544292, 5707782.562175950035453 ], [ 1528452.310514502227306, 5707791.866167484782636 ], [ 1528451.050013139843941, 5707796.766369372606277 ], [ 1528451.105490710586309, 5707797.76845577545464 ], [ 1528440.353519765892997, 5707795.252100980840623 ], [ 1528438.221771557349712, 5707794.832081571221352 ], [ 1528437.841471002670005, 5707794.539985773153603 ] ] ] } },
{ "type": "Feature", "properties": { "building_id": 30 }, "geometry": { "type": "Polygon", "coordinates": [ [ [ 1528482.724320562323555, 5707771.581036644056439 ], [ 1528486.680624416097999, 5707772.916778199374676 ], [ 1528487.649622847791761, 5707770.228907203301787 ], [ 1528493.134120333241299, 5707772.28973837569356 ], [ 1528491.94204698340036, 5707774.659406843595207 ], [ 1528490.140036204364151, 5707780.452095492742956 ], [ 1528481.166621109237894, 5707777.24887240678072 ], [ 1528482.724320562323555, 5707771.581036644056439 ] ] ] } },
{ "type": "Feature", "properties": { "building_id": 29 }, "geometry": { "type": "Polygon", "coordinates": [ [ [ 1528479.864607849624008, 5707783.879064658656716 ], [ 1528478.985478374408558, 5707783.579054655507207 ], [ 1528480.965286591788754, 5707777.360100566409528 ], [ 1528489.744806047761813, 5707780.202674206346273 ], [ 1528487.605298178270459, 5707786.605035942047834 ], [ 1528479.864607849624008, 5707783.879064658656716 ] ] ] } },
{ "type": "Feature", "properties": { "building_id": 31 }, "geometry": { "type": "Polygon", "coordinates": [ [ [ 1528504.981917385710403, 5707763.166550909169018 ], [ 1528513.402068740688264, 5707737.254630690440536 ], [ 1528536.42064908798784, 5707744.771237624809146 ], [ 1528536.136111956089735, 5707745.639198207296431 ], [ 1528534.023291920311749, 5707751.255312184803188 ], [ 1528532.296349860029295, 5707755.904955158941448 ], [ 1528523.664995852159336, 5707752.707210019230843 ], [ 1528521.683140424778685, 5707758.153768662363291 ], [ 1528529.607072274200618, 5707761.011328725144267 ], [ 1528526.250915090087801, 5707770.440901555120945 ], [ 1528515.562220231164247, 5707766.624085849151015 ], [ 1528504.981917385710403, 5707763.166550909169018 ] ] ] } },
{ "type": "Feature", "properties": { "building_id": 78 }, "geometry": { "type": "Polygon", "coordinates": [ [ [ 1528601.774392134509981, 5707769.765046946704388 ], [ 1528599.123220428824425, 5707782.409687335602939 ], [ 1528599.06125612440519, 5707782.723368972539902 ], [ 1528585.057212470564991, 5707779.411875041201711 ], [ 1528584.738317474955693, 5707780.651171412318945 ], [ 1528580.407382124802098, 5707779.566983635537326 ], [ 1528580.682845180621371, 5707778.369907536543906 ], [ 1528578.680265014292672, 5707777.894759316928685 ], [ 1528581.864021669141948, 5707762.212062344886363 ], [ 1528581.988626979058608, 5707761.541802829131484 ], [ 1528601.897869877750054, 5707769.166283189319074 ], [ 1528601.774392134509981, 5707769.765046946704388 ] ] ] } },
{ "type": "Feature", "properties": { "building_id": 32 }, "geometry": { "type": "Polygon", "coordinates": [ [ [ 1528505.261011970927939, 5707797.011670935899019 ], [ 1528495.10621624882333, 5707793.689590519294143 ], [ 1528505.025124764069915, 5707763.138630704022944 ], [ 1528515.605427594156936, 5707766.596165582537651 ], [ 1528514.827351055573672, 5707768.929495287127793 ], [ 1528517.693675962742418, 5707769.775933587923646 ], [ 1528515.641560350777581, 5707776.966341068968177 ], [ 1528521.431675624800846, 5707778.631523687392473 ], [ 1528519.273034073412418, 5707786.249336682260036 ], [ 1528513.184744362719357, 5707784.507905815728009 ], [ 1528511.177632174221799, 5707791.556008730083704 ], [ 1528508.509705411968753, 5707790.784228838980198 ], [ 1528506.580160335637629, 5707797.433084009215236 ], [ 1528505.261011970927939, 5707797.011670935899019 ] ] ] } }
]
}
